Datetime,open,high,low,close,volume
2026-07-27 09:30:00-04:00,140.64999389648438,142.1898956298828,138.0,139.5,7702071
2026-07-27 09:35:00-04:00,139.4499969482422,141.9600067138672,137.1199951171875,138.52000427246094,1645972
2026-07-27 09:40:00-04:00,138.60000610351562,138.99000549316406,133.39329528808594,135.21499633789062,1762913
2026-07-27 09:45:00-04:00,135.30999755859375,136.74000549316406,134.2100067138672,135.59840393066406,1374124
2026-07-27 09:50:00-04:00,135.4600067138672,137.5,134.75,135.8000030517578,928639
2026-07-27 09:55:00-04:00,135.75,135.97999572753906,131.77000427246094,132.43499755859375,1260095
2026-07-27 10:00:00-04:00,132.38999938964844,132.9499969482422,129.0,129.85000610351562,1978269
2026-07-27 10:05:00-04:00,129.86000061035156,130.60000610351562,128.14999389648438,129.77000427246094,1645599
2026-07-27 10:10:00-04:00,129.84539794921875,129.93960571289062,126.12090301513672,126.23079681396484,1656679
2026-07-27 10:15:00-04:00,126.33000183105469,127.6500015258789,125.13999938964844,126.4800033569336,1487374
2026-07-27 10:20:00-04:00,126.5250015258789,126.69999694824219,123.3499984741211,123.94999694824219,1478017
2026-07-27 10:25:00-04:00,123.88009643554688,124.0199966430664,120.7300033569336,120.98989868164062,1842513
2026-07-27 10:30:00-04:00,120.9000015258789,121.30000305175781,119.59220123291016,119.80000305175781,2310219
2026-07-27 10:35:00-04:00,119.79000091552734,120.20919799804688,117.66999816894531,117.96499633789062,2289995
2026-07-27 10:40:00-04:00,117.94750213623047,118.19999694824219,115.44999694824219,116.68499755859375,3589129
2026-07-27 10:45:00-04:00,116.69999694824219,122.5,116.69999694824219,122.43499755859375,3486443
2026-07-27 10:50:00-04:00,122.41999816894531,124.11000061035156,121.81999969482422,122.6239013671875,2160744
2026-07-27 10:55:00-04:00,122.55549621582031,124.87999725341797,121.90010070800781,124.43499755859375,1596007
2026-07-27 11:00:00-04:00,124.5,125.37989807128906,121.55999755859375,122.2500991821289,1702659
2026-07-27 11:05:00-04:00,122.4000015258789,123.7979965209961,122.0,122.29000091552734,1186992
2026-07-27 11:10:00-04:00,122.41000366210938,123.18000030517578,120.19000244140625,120.19000244140625,1513800
2026-07-27 11:15:00-04:00,120.20999908447266,120.41000366210938,117.77999877929688,120.05999755859375,1797041
2026-07-27 11:20:00-04:00,120.0457992553711,121.83000183105469,117.87000274658203,118.4800033569336,1506469
2026-07-27 11:25:00-04:00,118.42990112304688,118.8499984741211,117.25,118.05999755859375,902424
2026-07-27 11:30:00-04:00,118.0999984741211,118.59989929199219,116.29000091552734,117.01499938964844,1122303
2026-07-27 11:35:00-04:00,117.05000305175781,117.5999984741211,116.15499877929688,116.9719009399414,1064968
2026-07-27 11:40:00-04:00,116.96040344238281,118.16999816894531,116.30999755859375,117.76750183105469,902223
2026-07-27 11:45:00-04:00,117.75559997558594,118.30000305175781,116.63999938964844,117.33999633789062,760525
2026-07-27 11:50:00-04:00,117.37999725341797,118.26000213623047,116.76000213623047,117.56999969482422,668812
2026-07-27 11:55:00-04:00,117.55079650878906,119.94999694824219,117.46060180664062,119.76010131835938,758574
2026-07-27 12:00:00-04:00,119.81999969482422,121.9800033569336,119.2699966430664,121.63500213623047,826286
2026-07-27 12:05:00-04:00,121.6104965209961,122.27999877929688,120.72984313964844,121.48999786376953,753453
2026-07-27 12:10:00-04:00,121.5,122.5999984741211,120.29000091552734,120.58999633789062,798500
2026-07-27 12:15:00-04:00,120.62989807128906,121.05999755859375,119.70010375976562,120.18000030517578,568946
2026-07-27 12:20:00-04:00,120.1500015258789,121.83999633789062,119.69010162353516,121.54000091552734,437388
2026-07-27 12:25:00-04:00,121.53009796142578,124.63999938964844,121.41999816894531,123.31999969482422,1313894
2026-07-27 12:30:00-04:00,123.39990234375,124.98999786376953,122.60009765625,122.66000366210938,786661
2026-07-27 12:35:00-04:00,122.69999694824219,124.27999877929688,121.4000015258789,124.1449966430664,649346
2026-07-27 12:40:00-04:00,124.19999694824219,124.37999725341797,123.1050033569336,123.46179962158203,452439
2026-07-27 12:45:00-04:00,123.42500305175781,124.3499984741211,122.86000061035156,123.35330200195312,387283
2026-07-27 12:50:00-04:00,123.26370239257812,123.30500030517578,120.61000061035156,121.0,639956
2026-07-27 12:55:00-04:00,120.9800033569336,121.00900268554688,120.0,120.69499969482422,437153
2026-07-27 13:00:00-04:00,120.76000213623047,121.0,119.38009643554688,119.63999938964844,524056
2026-07-27 13:05:00-04:00,119.55999755859375,120.23999786376953,119.2300033569336,119.80000305175781,414608
2026-07-27 13:10:00-04:00,119.70500183105469,120.70500183105469,119.51000213623047,120.27999877929688,392768
2026-07-27 13:15:00-04:00,120.2699966430664,120.37999725341797,118.66000366210938,119.04000091552734,498559
2026-07-27 13:20:00-04:00,118.97010040283203,119.81999969482422,118.83999633789062,119.12999725341797,341947
2026-07-27 13:25:00-04:00,119.20999908447266,119.55999755859375,118.5999984741211,119.01069641113281,265282
2026-07-27 13:30:00-04:00,119.11000061035156,121.06999969482422,118.97000122070312,120.78500366210938,359691
2026-07-27 13:35:00-04:00,120.78500366210938,121.0,119.94000244140625,119.94999694824219,383421
2026-07-27 13:40:00-04:00,119.94000244140625,120.41999816894531,119.54299926757812,120.03500366210938,270031
2026-07-27 13:45:00-04:00,120.0801010131836,121.05000305175781,119.43000030517578,120.1500015258789,290191
2026-07-27 13:50:00-04:00,120.1050033569336,121.4000015258789,120.0,121.30000305175781,285800
2026-07-27 13:55:00-04:00,121.36949920654297,122.19999694824219,121.07839965820312,122.0,412771
2026-07-27 14:00:00-04:00,122.13999938964844,122.69999694824219,121.83999633789062,122.16010284423828,347012
2026-07-27 14:05:00-04:00,122.16000366210938,122.6500015258789,121.58000183105469,122.06999969482422,356854
2026-07-27 14:10:00-04:00,122.0,122.57499694824219,121.82099914550781,122.25,233256
2026-07-27 14:15:00-04:00,122.36000061035156,122.37999725341797,120.72000122070312,121.43000030517578,506493
2026-07-27 14:20:00-04:00,121.44499969482422,122.19999694824219,121.1500015258789,122.01499938964844,199291
2026-07-27 14:25:00-04:00,122.06999969482422,122.4000015258789,121.80000305175781,122.13999938964844,244328
2026-07-27 14:30:00-04:00,122.12999725341797,122.13999938964844,120.93000030517578,121.0,296856
2026-07-27 14:35:00-04:00,121.01000213623047,121.55000305175781,120.70999908447266,120.83499908447266,276565
2026-07-27 14:40:00-04:00,120.83000183105469,122.12999725341797,120.31999969482422,122.0,458300
2026-07-27 14:45:00-04:00,121.97000122070312,122.55000305175781,121.22000122070312,121.61000061035156,291390
2026-07-27 14:50:00-04:00,121.55999755859375,123.75,121.44000244140625,123.55500030517578,421769
2026-07-27 14:55:00-04:00,123.69999694824219,125.24859619140625,123.69999694824219,125.08000183105469,610580
2026-07-27 15:00:00-04:00,125.0999984741211,126.63999938964844,124.7699966430664,125.93499755859375,1017500
2026-07-27 15:05:00-04:00,125.93499755859375,127.6500015258789,125.31999969482422,127.1500015258789,1067529
2026-07-27 15:10:00-04:00,127.12999725341797,128.1699981689453,126.51000213623047,127.04720306396484,1018768
2026-07-27 15:15:00-04:00,127.03500366210938,128.0,126.9000015258789,127.86750030517578,650036
2026-07-27 15:20:00-04:00,127.9000015258789,128.8000030517578,127.37000274658203,128.43499755859375,805159
2026-07-27 15:25:00-04:00,128.4600067138672,129.6999969482422,127.60009765625,129.69639587402344,969566
2026-07-27 15:30:00-04:00,129.6999969482422,130.1999969482422,128.72999572753906,128.74169921875,2807287
2026-07-27 15:35:00-04:00,128.75,128.99000549316406,126.78009796142578,127.05999755859375,1280151
2026-07-27 15:40:00-04:00,127.0999984741211,127.94670104980469,126.81999969482422,127.16000366210938,1129844
2026-07-27 15:45:00-04:00,127.11000061035156,127.69999694824219,126.5999984741211,127.66000366210938,1146188
2026-07-27 15:50:00-04:00,127.68000030517578,128.02999877929688,126.7300033569336,127.52999877929688,1978945
2026-07-27 15:55:00-04:00,127.47000122070312,128.35000610351562,126.83000183105469,128.08999633789062,2490745
2026-07-28 09:30:00-04:00,113.1500015258789,114.56999969482422,111.0,111.0000991821289,16311506
2026-07-28 09:35:00-04:00,111.02999877929688,111.5,106.52999877929688,106.5895004272461,4250345
2026-07-28 09:40:00-04:00,106.5999984741211,108.46939849853516,105.2699966430664,106.63999938964844,3715250
2026-07-28 09:45:00-04:00,106.66999816894531,108.8499984741211,104.04000091552734,108.05999755859375,4853562
2026-07-28 09:50:00-04:00,108.05590057373047,109.24949645996094,105.30010223388672,106.19000244140625,3514527
2026-07-28 09:55:00-04:00,106.18800354003906,107.7699966430664,105.0,105.52439880371094,2292826
2026-07-28 10:00:00-04:00,105.48500061035156,107.83999633789062,105.30000305175781,107.15499877929688,2130816
2026-07-28 10:05:00-04:00,107.13999938964844,109.5,105.0,105.33999633789062,2522656
2026-07-28 10:10:00-04:00,105.44999694824219,107.97000122070312,103.2699966430664,103.66999816894531,2874658
2026-07-28 10:15:00-04:00,103.66999816894531,104.33999633789062,102.13009643554688,102.15499877929688,3275094
2026-07-28 10:20:00-04:00,102.15499877929688,104.98999786376953,101.52999877929688,103.76000213623047,3819473
2026-07-28 10:25:00-04:00,103.80999755859375,104.9000015258789,103.0999984741211,104.40950012207031,1501637
2026-07-28 10:30:00-04:00,104.30000305175781,105.5,103.12999725341797,103.4000015258789,1726084
2026-07-28 10:35:00-04:00,103.44000244140625,106.18000030517578,103.20999908447266,105.15809631347656,1679025
2026-07-28 10:40:00-04:00,105.08000183105469,107.33999633789062,104.8949966430664,106.17500305175781,1668448
2026-07-28 10:45:00-04:00,106.16999816894531,109.11000061035156,105.12000274658203,109.0425033569336,1868092
2026-07-28 10:50:00-04:00,109.01010131835938,110.46990203857422,108.44000244140625,108.6500015258789,2435537
2026-07-28 10:55:00-04:00,108.73999786376953,109.19999694824219,106.60009765625,107.0999984741211,1654083
2026-07-28 11:00:00-04:00,107.1449966430664,108.62000274658203,106.72000122070312,106.8499984741211,1035154
2026-07-28 11:05:00-04:00,106.87999725341797,108.05999755859375,105.69000244140625,107.13999938964844,1121350
2026-07-28 11:10:00-04:00,107.19999694824219,108.71499633789062,106.11000061035156,107.3279037475586,855446
2026-07-28 11:15:00-04:00,107.27999877929688,108.80000305175781,106.5999984741211,108.5199966430664,1135232
2026-07-28 11:20:00-04:00,108.55000305175781,110.72000122070312,108.5,110.70999908447266,1464968
2026-07-28 11:25:00-04:00,110.72989654541016,111.51000213623047,108.9000015258789,109.33499908447266,2390478
2026-07-28 11:30:00-04:00,109.3499984741211,111.17990112304688,109.0,110.58000183105469,1105710
2026-07-28 11:35:00-04:00,110.61000061035156,112.43000030517578,110.51000213623047,112.09500122070312,1183533
2026-07-28 11:40:00-04:00,112.08499908447266,113.11000061035156,111.30809783935547,112.92500305175781,1320130
2026-07-28 11:45:00-04:00,112.91000366210938,114.75,112.8499984741211,114.05010223388672,1460381
2026-07-28 11:50:00-04:00,114.05999755859375,114.2699966430664,112.2699966430664,113.02159881591797,1508299
2026-07-28 11:55:00-04:00,113.06999969482422,113.95989990234375,112.3019027709961,113.27999877929688,654514
2026-07-28 12:00:00-04:00,113.30000305175781,114.41999816894531,113.03009796142578,113.87000274658203,888141
2026-07-28 12:05:00-04:00,113.83999633789062,114.77999877929688,111.58000183105469,111.58000183105469,1390959
2026-07-28 12:10:00-04:00,111.54000091552734,112.54000091552734,111.0999984741211,111.45010375976562,792174
2026-07-28 12:15:00-04:00,111.50800323486328,111.95999908447266,110.61000061035156,111.90460205078125,631832
2026-07-28 12:20:00-04:00,111.9000015258789,112.4000015258789,110.7699966430664,111.05000305175781,693564
2026-07-28 12:25:00-04:00,111.0,111.51000213623047,110.3499984741211,111.1500015258789,539681
2026-07-28 12:30:00-04:00,111.15010070800781,111.15010070800781,108.70500183105469,110.12999725341797,1409555
2026-07-28 12:35:00-04:00,110.08999633789062,111.76000213623047,109.63009643554688,111.7249984741211,804948
2026-07-28 12:40:00-04:00,111.7249984741211,112.4800033569336,111.52010345458984,112.19000244140625,826205
2026-07-28 12:45:00-04:00,112.19000244140625,112.87000274658203,111.30010223388672,111.73999786376953,746996
2026-07-28 12:50:00-04:00,111.77999877929688,113.69999694824219,111.77999877929688,113.3499984741211,686676
2026-07-28 12:55:00-04:00,113.34500122070312,113.59819793701172,112.47000122070312,112.52169799804688,675974
2026-07-28 13:00:00-04:00,112.5,113.12999725341797,111.69000244140625,111.69999694824219,512398
2026-07-28 13:05:00-04:00,111.73999786376953,112.19930267333984,110.70010375976562,110.80000305175781,432669
2026-07-28 13:10:00-04:00,110.79019927978516,111.30000305175781,110.33999633789062,110.87000274658203,369673
2026-07-28 13:15:00-04:00,110.87000274658203,111.0999984741211,110.44010162353516,110.88500213623047,277944
2026-07-28 13:20:00-04:00,110.87000274658203,112.08999633789062,110.66000366210938,110.83000183105469,542789
2026-07-28 13:25:00-04:00,110.83329772949219,111.52999877929688,110.55000305175781,110.96369934082031,227601
2026-07-28 13:30:00-04:00,110.91999816894531,111.97000122070312,110.66999816894531,111.70500183105469,267460
2026-07-28 13:35:00-04:00,111.75,112.18000030517578,110.56999969482422,110.5999984741211,269654
2026-07-28 13:40:00-04:00,110.56999969482422,110.7699966430664,109.30000305175781,109.38500213623047,608801
2026-07-28 13:45:00-04:00,109.35009765625,109.7699966430664,108.5999984741211,109.62000274658203,640950
2026-07-28 13:50:00-04:00,109.62999725341797,109.62999725341797,108.80999755859375,108.91500091552734,286831
2026-07-28 13:55:00-04:00,108.91999816894531,109.58999633789062,108.5,109.54000091552734,364679
2026-07-28 14:00:00-04:00,109.55500030517578,110.39119720458984,109.4000015258789,110.13999938964844,430514
2026-07-28 14:05:00-04:00,110.12000274658203,110.26000213623047,109.1500015258789,109.24009704589844,258950
2026-07-28 14:10:00-04:00,109.30000305175781,109.31999969482422,108.5,108.5,340029
2026-07-28 14:15:00-04:00,108.5,109.30999755859375,108.36000061035156,108.92500305175781,328814
2026-07-28 14:20:00-04:00,108.95999908447266,109.33000183105469,108.72000122070312,108.94989776611328,234168
2026-07-28 14:25:00-04:00,108.87999725341797,109.0999984741211,108.33999633789062,108.60079956054688,293435
2026-07-28 14:30:00-04:00,108.6500015258789,110.04000091552734,108.58999633789062,109.4000015258789,549458
2026-07-28 14:35:00-04:00,109.38749694824219,109.7699966430664,109.01010131835938,109.15499877929688,263950
2026-07-28 14:40:00-04:00,109.16000366210938,109.4000015258789,108.55000305175781,109.20999908447266,421659
2026-07-28 14:45:00-04:00,109.29000091552734,110.08999633789062,108.92009735107422,109.4000015258789,319377
2026-07-28 14:50:00-04:00,109.45999908447266,110.30000305175781,109.2699966430664,109.45439910888672,347567
2026-07-28 14:55:00-04:00,109.502197265625,110.32990264892578,109.13999938964844,110.08499908447266,341949
2026-07-28 15:00:00-04:00,110.04000091552734,112.16999816894531,110.0199966430664,112.06500244140625,727519
2026-07-28 15:05:00-04:00,112.06089782714844,112.5,110.76000213623047,111.37999725341797,1056670
2026-07-28 15:10:00-04:00,111.31999969482422,112.31999969482422,111.06500244140625,112.2300033569336,552147
2026-07-28 15:15:00-04:00,112.19999694824219,112.77999877929688,111.30999755859375,112.6500015258789,809288
2026-07-28 15:20:00-04:00,112.62000274658203,114.46990203857422,112.41000366210938,114.42500305175781,1420096
2026-07-28 15:25:00-04:00,114.43499755859375,114.6500015258789,113.02749633789062,114.52999877929688,1262512
2026-07-28 15:30:00-04:00,114.5199966430664,114.94999694824219,113.4000015258789,113.82499694824219,3171050
2026-07-28 15:35:00-04:00,113.81999969482422,113.82499694824219,111.36000061035156,111.55000305175781,1542406
2026-07-28 15:40:00-04:00,111.54000091552734,112.02999877929688,111.22129821777344,111.6500015258789,1151702
2026-07-28 15:45:00-04:00,111.63999938964844,112.16000366210938,111.12999725341797,112.10420227050781,1412227
2026-07-28 15:50:00-04:00,112.0999984741211,113.02999877929688,111.30000305175781,112.7699966430664,2866398
2026-07-28 15:55:00-04:00,112.73999786376953,112.75,109.27999877929688,109.51000213623047,3272311
2026-07-29 09:30:00-04:00,107.62000274658203,111.66000366210938,106.0,111.02999877929688,19810663
2026-07-29 09:35:00-04:00,111.02999877929688,112.66850280761719,108.13999938964844,108.51499938964844,2324890
2026-07-29 09:40:00-04:00,108.58000183105469,109.91000366210938,107.62000274658203,109.81999969482422,1046983
2026-07-29 09:45:00-04:00,109.77999877929688,110.23999786376953,106.1500015258789,107.05999755859375,1486613
2026-07-29 09:50:00-04:00,107.08999633789062,107.41000366210938,102.33200073242188,103.58000183105469,2585949
2026-07-29 09:55:00-04:00,103.51000213623047,103.52999877929688,100.58999633789062,102.30000305175781,3200745
2026-07-29 10:00:00-04:00,102.31999969482422,104.18000030517578,102.08000183105469,103.75499725341797,2791781
2026-07-29 10:05:00-04:00,103.83000183105469,105.11000061035156,102.0,102.37000274658203,1722427
2026-07-29 10:10:00-04:00,102.37000274658203,103.4800033569336,100.36000061035156,100.70999908447266,1866835
2026-07-29 10:15:00-04:00,100.72000122070312,102.16999816894531,100.6500015258789,101.16999816894531,1193282
2026-07-29 10:20:00-04:00,101.2300033569336,102.19999694824219,99.20500183105469,99.76000213623047,1850183
2026-07-29 10:25:00-04:00,99.88700103759766,99.94999694824219,97.06999969482422,98.1697006225586,3409813
2026-07-29 10:30:00-04:00,98.22899627685547,100.0,98.05999755859375,98.80000305175781,1739996
2026-07-29 10:35:00-04:00,98.80000305175781,98.8583984375,96.41999816894531,96.68070220947266,1705452
2026-07-29 10:40:00-04:00,96.68000030517578,97.0250015258789,95.51000213623047,95.91000366210938,2172182
2026-07-29 10:45:00-04:00,95.9000015258789,98.19999694824219,95.66400146484375,97.69989776611328,2007872
2026-07-29 10:50:00-04:00,97.66000366210938,99.31999969482422,97.62000274658203,98.43000030517578,2021551
2026-07-29 10:55:00-04:00,98.4000015258789,99.70999908447266,97.0999984741211,99.0,1562605
2026-07-29 11:00:00-04:00,99.00879669189453,100.83000183105469,98.55000305175781,100.7699966430664,2402260
2026-07-29 11:05:00-04:00,100.7699966430664,100.93000030517578,99.14080047607422,99.81500244140625,1648571
2026-07-29 11:10:00-04:00,99.86499786376953,100.05000305175781,97.3499984741211,97.81050109863281,1282829
2026-07-29 11:15:00-04:00,97.86000061035156,99.22000122070312,97.5,97.63999938964844,786579
2026-07-29 11:20:00-04:00,97.65499877929688,98.5198974609375,97.11000061035156,98.4209976196289,635945
2026-07-29 11:25:00-04:00,98.37999725341797,98.75,96.9000015258789,97.04000091552734,648146
2026-07-29 11:30:00-04:00,97.0,97.43000030517578,96.58000183105469,96.95999908447266,646453
2026-07-29 11:35:00-04:00,97.01959991455078,97.48999786376953,95.91000366210938,95.94999694824219,700300
2026-07-29 11:40:00-04:00,95.91999816894531,96.66000366210938,95.69999694824219,96.08999633789062,771828
2026-07-29 11:45:00-04:00,96.02999877929688,96.54000091552734,95.63999938964844,96.22000122070312,620265
2026-07-29 11:50:00-04:00,96.19999694824219,96.37000274658203,94.25,94.55000305175781,1625382
2026-07-29 11:55:00-04:00,94.55000305175781,95.66000366210938,93.72000122070312,95.62999725341797,2182534
2026-07-29 12:00:00-04:00,95.62999725341797,96.4000015258789,93.51000213623047,93.5999984741211,1647142
2026-07-29 12:05:00-04:00,93.65789794921875,94.06999969482422,92.7571029663086,93.75,1698062
2026-07-29 12:10:00-04:00,93.7761001586914,94.31500244140625,92.54000091552734,92.56009674072266,1236423
2026-07-29 12:15:00-04:00,92.58999633789062,93.72949981689453,92.41010284423828,93.51000213623047,977696
2026-07-29 12:20:00-04:00,93.5199966430664,94.86000061035156,93.1500015258789,94.52989959716797,1255349
2026-07-29 12:25:00-04:00,94.52999877929688,95.51899719238281,94.44999694824219,95.25,925001
2026-07-29 12:30:00-04:00,95.20999908447266,96.05000305175781,94.58000183105469,94.69999694824219,931000
2026-07-29 12:35:00-04:00,94.70040130615234,95.0,93.80000305175781,94.89990234375,805043
2026-07-29 12:40:00-04:00,94.88999938964844,95.26000213623047,93.66000366210938,93.94999694824219,563883
2026-07-29 12:45:00-04:00,93.97869873046875,95.11000061035156,93.80000305175781,95.00520324707031,526454
2026-07-29 12:50:00-04:00,94.94999694824219,95.47000122070312,94.33000183105469,94.93000030517578,562947
2026-07-29 12:55:00-04:00,94.91400146484375,95.90989685058594,94.83999633789062,95.71499633789062,515565
2026-07-29 13:00:00-04:00,95.7300033569336,97.23899841308594,95.47000122070312,97.08000183105469,1203884
2026-07-29 13:05:00-04:00,97.07499694824219,97.55999755859375,96.43000030517578,97.31999969482422,1124871
2026-07-29 13:10:00-04:00,97.31999969482422,99.293701171875,97.1520004272461,99.25,1386972
2026-07-29 13:15:00-04:00,99.25,99.5,98.1500015258789,98.25499725341797,988761
2026-07-29 13:20:00-04:00,98.25,99.18990325927734,97.76499938964844,97.8511962890625,651813
2026-07-29 13:25:00-04:00,97.8499984741211,98.45989990234375,96.88999938964844,97.05000305175781,607525
2026-07-29 13:30:00-04:00,97.0250015258789,98.62999725341797,96.72000122070312,98.14990234375,598705
2026-07-29 13:35:00-04:00,98.04000091552734,98.17359924316406,97.05999755859375,97.61000061035156,323252
2026-07-29 13:40:00-04:00,97.55000305175781,98.19000244140625,97.25070190429688,97.94999694824219,350285
2026-07-29 13:45:00-04:00,97.97000122070312,98.30999755859375,97.23999786376953,98.28600311279297,333566
2026-07-29 13:50:00-04:00,98.30999755859375,99.0947036743164,98.19999694824219,98.55999755859375,577798
2026-07-29 13:55:00-04:00,98.55999755859375,98.75800323486328,97.3551025390625,98.29949951171875,491491
2026-07-29 14:00:00-04:00,98.31999969482422,103.2300033569336,98.31999969482422,100.77760314941406,4086750
2026-07-29 14:05:00-04:00,100.79000091552734,103.29989624023438,100.44000244140625,102.65499877929688,1800757
2026-07-29 14:10:00-04:00,102.6500015258789,103.06999969482422,100.55000305175781,101.22000122070312,1419463
2026-07-29 14:15:00-04:00,101.12999725341797,102.33000183105469,99.1500015258789,99.66000366210938,1038919
2026-07-29 14:20:00-04:00,99.66000366210938,100.2699966430664,98.75,99.68009948730469,775923
2026-07-29 14:25:00-04:00,99.68000030517578,99.88999938964844,98.3499984741211,99.5999984741211,752712
2026-07-29 14:30:00-04:00,99.58999633789062,100.59989929199219,98.16000366210938,99.29000091552734,1144720
2026-07-29 14:35:00-04:00,99.33999633789062,102.5999984741211,98.58999633789062,102.22000122070312,1232263
2026-07-29 14:40:00-04:00,102.19000244140625,105.5199966430664,102.06079864501953,104.88999938964844,2662887
2026-07-29 14:45:00-04:00,104.92250061035156,106.81999969482422,104.54000091552734,106.54000091552734,1813937
2026-07-29 14:50:00-04:00,106.62000274658203,107.73999786376953,105.44999694824219,107.61990356445312,1609546
2026-07-29 14:55:00-04:00,107.625,107.88020324707031,105.8499984741211,107.66999816894531,1414524
2026-07-29 15:00:00-04:00,107.69999694824219,109.25,106.33000183105469,106.73500061035156,1674927
2026-07-29 15:05:00-04:00,106.76000213623047,107.25499725341797,104.1865005493164,104.19999694824219,1204358
2026-07-29 15:10:00-04:00,104.19999694824219,105.5,103.25,104.67500305175781,1410895
2026-07-29 15:15:00-04:00,104.70999908447266,105.4000015258789,101.81999969482422,102.33000183105469,1495931
2026-07-29 15:20:00-04:00,102.4000015258789,102.48999786376953,99.2699966430664,100.86000061035156,1891860
2026-07-29 15:25:00-04:00,100.81999969482422,101.48999786376953,99.0,101.3499984741211,1423069
2026-07-29 15:30:00-04:00,101.45999908447266,102.8499984741211,97.9000015258789,98.55000305175781,3681609
2026-07-29 15:35:00-04:00,98.55000305175781,99.29000091552734,96.29000091552734,96.51499938964844,1672825
2026-07-29 15:40:00-04:00,96.44999694824219,97.33989715576172,95.62999725341797,96.12000274658203,2081517
2026-07-29 15:45:00-04:00,96.0,96.97000122070312,94.80000305175781,96.80130004882812,2066204
2026-07-29 15:50:00-04:00,96.76000213623047,96.76000213623047,94.25,94.94999694824219,2968257
2026-07-29 15:55:00-04:00,94.87999725341797,94.91000366210938,91.5,92.01000213623047,5807094
2026-07-30 09:30:00-04:00,107.37999725341797,108.66000366210938,105.6500015258789,106.52999877929688,25297163
2026-07-30 09:35:00-04:00,106.63999938964844,107.64990234375,105.12000274658203,107.0000991821289,2409570
2026-07-30 09:40:00-04:00,107.0,109.25,106.08000183105469,108.93000030517578,2571525
2026-07-30 09:45:00-04:00,108.88999938964844,111.5999984741211,108.66999816894531,111.5250015258789,3083096
2026-07-30 09:50:00-04:00,111.55000305175781,113.31999969482422,111.16000366210938,113.05000305175781,3196279
2026-07-30 09:55:00-04:00,113.05500030517578,113.87999725341797,112.43000030517578,113.60009765625,1989381
2026-07-30 10:00:00-04:00,113.66500091552734,114.77999877929688,113.18000030517578,114.10870361328125,2137484
2026-07-30 10:05:00-04:00,114.08000183105469,114.5,110.83999633789062,111.45040130615234,2737308
2026-07-30 10:10:00-04:00,111.41010284423828,112.9800033569336,111.30999755859375,112.52989959716797,1606955
2026-07-30 10:15:00-04:00,112.52999877929688,113.62000274658203,112.10009765625,113.5199966430664,1527699
2026-07-30 10:20:00-04:00,113.4749984741211,115.16999816894531,113.11000061035156,114.91999816894531,2048444
2026-07-30 10:25:00-04:00,114.91000366210938,117.33000183105469,114.72000122070312,117.23999786376953,2099192
2026-07-30 10:30:00-04:00,117.23999786376953,118.0,116.11000061035156,117.62000274658203,1929420
2026-07-30 10:35:00-04:00,117.56999969482422,117.72000122070312,116.27999877929688,116.83999633789062,1485765
2026-07-30 10:40:00-04:00,116.88999938964844,117.30000305175781,115.0999984741211,115.45999908447266,1464718
2026-07-30 10:45:00-04:00,115.4800033569336,115.9800033569336,114.36000061035156,115.91000366210938,1634165
2026-07-30 10:50:00-04:00,115.93000030517578,116.19000244140625,112.2300033569336,112.36000061035156,1689981
2026-07-30 10:55:00-04:00,112.30999755859375,113.58989715576172,111.68000030517578,113.01010131835938,2003287
2026-07-30 11:00:00-04:00,113.06999969482422,114.97000122070312,112.0,114.75,1262769
2026-07-30 11:05:00-04:00,114.66000366210938,115.56999969482422,113.55049896240234,115.47000122070312,1388877
2026-07-30 11:10:00-04:00,115.45999908447266,115.52999877929688,113.04010009765625,113.57499694824219,812802
2026-07-30 11:15:00-04:00,113.52999877929688,114.81999969482422,113.2500991821289,113.66999816894531,653269
2026-07-30 11:20:00-04:00,113.67500305175781,114.8759994506836,113.41000366210938,113.8499984741211,589236
2026-07-30 11:25:00-04:00,113.94999694824219,114.44999694824219,112.5,113.0,765622
2026-07-30 11:30:00-04:00,113.04000091552734,113.7699966430664,112.66000366210938,113.61000061035156,624750
2026-07-30 11:35:00-04:00,113.61000061035156,114.0,112.80000305175781,113.54000091552734,620651
2026-07-30 11:40:00-04:00,113.56999969482422,113.75,112.70999908447266,113.31999969482422,491134
2026-07-30 11:45:00-04:00,113.41999816894531,114.47000122070312,113.41999816894531,114.1500015258789,718693
2026-07-30 11:50:00-04:00,114.1500015258789,114.3572006225586,112.9000015258789,114.0250015258789,440055
2026-07-30 11:55:00-04:00,113.99510192871094,114.48999786376953,113.19999694824219,113.5199966430664,422894
2026-07-30 12:00:00-04:00,113.43000030517578,115.19000244140625,113.05999755859375,115.05500030517578,638493
2026-07-30 12:05:00-04:00,115.07019805908203,115.45999908447266,114.70999908447266,115.26000213623047,594180
2026-07-30 12:10:00-04:00,115.08280181884766,116.2699966430664,115.0,116.11000061035156,630137
2026-07-30 12:15:00-04:00,116.12000274658203,116.30999755859375,115.66719818115234,115.70999908447266,564490
2026-07-30 12:20:00-04:00,115.75499725341797,116.08999633789062,115.06999969482422,115.22640228271484,520112
2026-07-30 12:25:00-04:00,115.22049713134766,115.43000030517578,114.81999969482422,114.88999938964844,361455
2026-07-30 12:30:00-04:00,114.86000061035156,115.0199966430664,113.73999786376953,113.9800033569336,533450
2026-07-30 12:35:00-04:00,114.04000091552734,114.48989868164062,113.8301010131836,114.1240005493164,331858
2026-07-30 12:40:00-04:00,114.05049896240234,114.12020111083984,112.51899719238281,112.75499725341797,736654
2026-07-30 12:45:00-04:00,112.76000213623047,113.8499984741211,112.73999786376953,113.7699966430664,537161
2026-07-30 12:50:00-04:00,113.78500366210938,114.5,113.24500274658203,113.9000015258789,407598
2026-07-30 12:55:00-04:00,113.91000366210938,114.58000183105469,113.80000305175781,114.41500091552734,289154
2026-07-30 13:00:00-04:00,114.44129943847656,115.33000183105469,114.44129943847656,115.0,439801
2026-07-30 13:05:00-04:00,115.02780151367188,115.36000061035156,114.7300033569336,114.83000183105469,312379
2026-07-30 13:10:00-04:00,114.83499908447266,115.13999938964844,114.44000244140625,114.5999984741211,258037
2026-07-30 13:15:00-04:00,114.5999984741211,115.94000244140625,114.55860137939453,115.83000183105469,412916
2026-07-30 13:20:00-04:00,115.80010223388672,115.95999908447266,115.27100372314453,115.63999938964844,322956
2026-07-30 13:25:00-04:00,115.68000030517578,115.70999908447266,114.88999938964844,114.95999908447266,435574
2026-07-30 13:30:00-04:00,114.98999786376953,115.26000213623047,114.61620330810547,114.76100158691406,269859
2026-07-30 13:35:00-04:00,114.83799743652344,115.20999908447266,114.1500015258789,114.2020034790039,298306
2026-07-30 13:40:00-04:00,114.27999877929688,115.19999694824219,114.2699966430664,114.9800033569336,310337
2026-07-30 13:45:00-04:00,114.88999938964844,115.3499984741211,114.61419677734375,114.63999938964844,244015
2026-07-30 13:50:00-04:00,114.63999938964844,115.13999938964844,114.38999938964844,114.64949798583984,263712
2026-07-30 13:55:00-04:00,114.62999725341797,114.6897964477539,114.21330261230469,114.54000091552734,207182
2026-07-30 14:00:00-04:00,114.55000305175781,114.98909759521484,114.30000305175781,114.35199737548828,192257
2026-07-30 14:05:00-04:00,114.30999755859375,114.87999725341797,114.23999786376953,114.68000030517578,190025
2026-07-30 14:10:00-04:00,114.72000122070312,114.83670043945312,114.26000213623047,114.58999633789062,140048
2026-07-30 14:15:00-04:00,114.6500015258789,114.72989654541016,113.318603515625,113.48999786376953,492528
2026-07-30 14:20:00-04:00,113.44599914550781,114.25,113.41999816894531,114.02999877929688,417753
2026-07-30 14:25:00-04:00,114.05819702148438,114.37999725341797,113.9000015258789,114.06999969482422,198389
2026-07-30 14:30:00-04:00,114.11000061035156,114.38760375976562,113.63999938964844,113.6500015258789,265504
2026-07-30 14:35:00-04:00,113.63999938964844,113.81990051269531,113.05000305175781,113.2300033569336,411083
2026-07-30 14:40:00-04:00,113.22000122070312,113.54000091552734,113.05999755859375,113.4000015258789,256810
2026-07-30 14:45:00-04:00,113.44499969482422,113.7699966430664,113.2699966430664,113.41999816894531,311186
2026-07-30 14:50:00-04:00,113.4010009765625,113.58999633789062,112.76000213623047,112.8949966430664,459999
2026-07-30 14:55:00-04:00,112.87000274658203,113.34500122070312,112.62000274658203,113.2886962890625,474157
2026-07-30 15:00:00-04:00,113.26000213623047,113.91999816894531,113.26000213623047,113.78500366210938,557459
2026-07-30 15:05:00-04:00,113.80000305175781,115.63999938964844,113.7699966430664,115.5999984741211,894306
2026-07-30 15:10:00-04:00,115.62000274658203,116.44000244140625,115.53500366210938,115.91000366210938,992777
2026-07-30 15:15:00-04:00,115.87999725341797,116.58000183105469,115.51010131835938,116.13999938964844,778462
2026-07-30 15:20:00-04:00,116.16000366210938,116.16000366210938,115.27999877929688,115.43000030517578,783598
2026-07-30 15:25:00-04:00,115.3499984741211,115.56990051269531,114.60009765625,114.66000366210938,827058
2026-07-30 15:30:00-04:00,114.6500015258789,115.22000122070312,114.44999694824219,114.91999816894531,3164222
2026-07-30 15:35:00-04:00,114.9800033569336,115.25,114.53569793701172,115.0999984741211,948893
2026-07-30 15:40:00-04:00,115.06999969482422,115.55000305175781,114.9000015258789,115.37000274658203,1237180
2026-07-30 15:45:00-04:00,115.36000061035156,115.80999755859375,115.05000305175781,115.22000122070312,1208633
2026-07-30 15:50:00-04:00,115.21499633789062,115.52999877929688,114.50499725341797,115.16999816894531,2183631
2026-07-30 15:55:00-04:00,115.16000366210938,115.4749984741211,114.5,115.06999969482422,2451665
2026-07-31 09:30:00-04:00,129.89999389648438,133.8800048828125,128.60000610351562,132.41000366210938,20918655
2026-07-31 09:35:00-04:00,132.39999389648438,133.60000610351562,127.0999984741211,127.27999877929688,3531126
2026-07-31 09:40:00-04:00,127.30999755859375,128.0,121.13999938964844,121.20240020751953,4103733
2026-07-31 09:45:00-04:00,121.27999877929688,123.91000366210938,118.14640045166016,119.94000244140625,4469141
2026-07-31 09:50:00-04:00,119.87999725341797,122.27999877929688,117.68000030517578,119.08999633789062,4067554
2026-07-31 09:55:00-04:00,119.08999633789062,121.66999816894531,118.21060180664062,121.05500030517578,2306255
2026-07-31 10:00:00-04:00,121.0,121.55999755859375,117.10009765625,117.1449966430664,2187340
2026-07-31 10:05:00-04:00,117.1500015258789,118.38999938964844,113.73999786376953,114.02999877929688,3283527
2026-07-31 10:10:00-04:00,114.04000091552734,116.55999755859375,112.41999816894531,115.20999908447266,3695740
2026-07-31 10:15:00-04:00,115.2698974609375,118.83999633789062,113.29000091552734,117.80999755859375,2817756
2026-07-31 10:20:00-04:00,117.74909973144531,120.0,116.69999694824219,117.73999786376953,2302080
2026-07-31 10:25:00-04:00,117.88569641113281,119.69999694824219,116.5999984741211,119.69000244140625,1397785
2026-07-31 10:30:00-04:00,119.62000274658203,120.95939636230469,118.61000061035156,119.80000305175781,1679462
2026-07-31 10:35:00-04:00,119.78579711914062,121.55000305175781,119.66999816894531,120.43499755859375,1424832
2026-07-31 10:40:00-04:00,120.37000274658203,121.25,118.18009948730469,119.15499877929688,1281998
2026-07-31 10:45:00-04:00,119.25,121.01950073242188,117.51000213623047,120.91999816894531,1213880
2026-07-31 10:50:00-04:00,120.85900115966797,121.59989929199219,119.79000091552734,120.1050033569336,1236708
2026-07-31 10:55:00-04:00,120.16999816894531,121.25,119.25,120.12999725341797,666723
2026-07-31 11:00:00-04:00,120.12999725341797,120.94999694824219,119.4104995727539,120.83000183105469,592080
2026-07-31 11:05:00-04:00,120.79000091552734,121.43000030517578,119.0,119.29000091552734,626318
2026-07-31 11:10:00-04:00,119.2300033569336,119.41000366210938,117.0,118.37999725341797,1087720
2026-07-31 11:15:00-04:00,118.372802734375,120.56999969482422,117.9000015258789,118.5,661972
2026-07-31 11:20:00-04:00,118.4000015258789,118.66999816894531,116.37999725341797,116.44000244140625,788768
2026-07-31 11:25:00-04:00,116.41000366210938,116.7300033569336,114.08000183105469,115.81999969482422,1403077
2026-07-31 11:30:00-04:00,115.73999786376953,117.01000213623047,114.58979797363281,116.48999786376953,955436
2026-07-31 11:35:00-04:00,116.55000305175781,118.55999755859375,116.41999816894531,117.6500015258789,1051572
2026-07-31 11:40:00-04:00,117.61000061035156,117.93000030517578,115.40740203857422,116.62000274658203,711025
2026-07-31 11:45:00-04:00,116.66000366210938,116.98999786376953,115.135498046875,116.26000213623047,590064
2026-07-31 11:50:00-04:00,116.31999969482422,118.08000183105469,116.19000244140625,117.76239776611328,794813
2026-07-31 11:55:00-04:00,117.80000305175781,118.37999725341797,116.33999633789062,117.20999908447266,555145
2026-07-31 12:00:00-04:00,117.16000366210938,118.12999725341797,116.63999938964844,117.44999694824219,572809
2026-07-31 12:05:00-04:00,117.37000274658203,117.45999908447266,116.18000030517578,117.0999984741211,463325
2026-07-31 12:10:00-04:00,117.12000274658203,117.7300033569336,116.52999877929688,117.27999877929688,340118
2026-07-31 12:15:00-04:00,117.3499984741211,117.5,116.05000305175781,116.94999694824219,310262
2026-07-31 12:20:00-04:00,116.95999908447266,117.94999694824219,116.73999786376953,117.61000061035156,376000
2026-07-31 12:25:00-04:00,117.62999725341797,119.0,116.8301010131836,119.0,552904
2026-07-31 12:30:00-04:00,119.0,119.87999725341797,118.6417007446289,119.07240295410156,806482
2026-07-31 12:35:00-04:00,119.0792007446289,119.68000030517578,118.69999694824219,119.07499694824219,625812
2026-07-31 12:40:00-04:00,119.02999877929688,119.08999633789062,116.95999908447266,117.21499633789062,636710
2026-07-31 12:45:00-04:00,117.1500015258789,117.81839752197266,116.7699966430664,117.73999786376953,388635
2026-07-31 12:50:00-04:00,117.79000091552734,119.08000183105469,117.69000244140625,118.12000274658203,451856
2026-07-31 12:55:00-04:00,118.11000061035156,119.4000015258789,118.0999984741211,118.6500015258789,393953
2026-07-31 13:00:00-04:00,118.55999755859375,119.62999725341797,118.43280029296875,119.20999908447266,344239
2026-07-31 13:05:00-04:00,119.19999694824219,119.28359985351562,118.25550079345703,118.71499633789062,262702
2026-07-31 13:10:00-04:00,118.75,119.62999725341797,118.41999816894531,119.30010223388672,393680
2026-07-31 13:15:00-04:00,119.30000305175781,119.79000091552734,119.08000183105469,119.73999786376953,378802
2026-07-31 13:20:00-04:00,119.76000213623047,120.0,118.7782974243164,120.0,659337
2026-07-31 13:25:00-04:00,120.0,120.97000122070312,119.97010040283203,120.5199966430664,961796
2026-07-31 13:30:00-04:00,120.44010162353516,121.30000305175781,120.19999694824219,121.19000244140625,544796
2026-07-31 13:35:00-04:00,121.20999908447266,121.9000015258789,120.32009887695312,120.39119720458984,903593
2026-07-31 13:40:00-04:00,120.38999938964844,121.04499816894531,119.8499984741211,120.47000122070312,710217
2026-07-31 13:45:00-04:00,120.43000030517578,121.0999984741211,119.3499984741211,119.6134033203125,466251
2026-07-31 13:50:00-04:00,119.51000213623047,120.61000061035156,119.3499984741211,120.05000305175781,362863
2026-07-31 13:55:00-04:00,120.04499816894531,120.47000122070312,119.61000061035156,119.79000091552734,314217
2026-07-31 14:00:00-04:00,119.80999755859375,120.2699966430664,119.38999938964844,119.54000091552734,274710
2026-07-31 14:05:00-04:00,119.5199966430664,120.15789794921875,119.18000030517578,119.24500274658203,338289
2026-07-31 14:10:00-04:00,119.2300033569336,119.31680297851562,117.60050201416016,117.83000183105469,538248
2026-07-31 14:15:00-04:00,117.80000305175781,119.0999984741211,117.69000244140625,118.5199966430664,407968
2026-07-31 14:20:00-04:00,118.56999969482422,118.9800033569336,118.19000244140625,118.5999984741211,228834
2026-07-31 14:25:00-04:00,118.55999755859375,118.75,118.0,118.59500122070312,214612
2026-07-31 14:30:00-04:00,118.6500015258789,119.25,118.6500015258789,118.94999694824219,248084
2026-07-31 14:35:00-04:00,118.97000122070312,119.2300033569336,118.38999938964844,119.12000274658203,255262
2026-07-31 14:40:00-04:00,119.0000991821289,119.20999908447266,118.72049713134766,118.8550033569336,178453
2026-07-31 14:45:00-04:00,118.8499984741211,119.19999694824219,118.55000305175781,119.1698989868164,180391
2026-07-31 14:50:00-04:00,119.16000366210938,119.56950378417969,119.04010009765625,119.2300033569336,233467
2026-07-31 14:55:00-04:00,119.19000244140625,119.37999725341797,118.12999725341797,118.80999755859375,330695
2026-07-31 15:00:00-04:00,118.80000305175781,119.47000122070312,117.87999725341797,117.95999908447266,454473
2026-07-31 15:05:00-04:00,117.91010284423828,118.25,117.33000183105469,118.0199966430664,746206
2026-07-31 15:10:00-04:00,118.0199966430664,118.41999816894531,117.62000274658203,118.08999633789062,503014
2026-07-31 15:15:00-04:00,118.07499694824219,118.9999008178711,117.73999786376953,118.92500305175781,596435
2026-07-31 15:20:00-04:00,118.88999938964844,119.27999877929688,118.41000366210938,118.54989624023438,582599
2026-07-31 15:25:00-04:00,118.4800033569336,118.80000305175781,118.11000061035156,118.68000030517578,548412
2026-07-31 15:30:00-04:00,118.63999938964844,118.91999816894531,118.0199966430664,118.55000305175781,1378575
2026-07-31 15:35:00-04:00,118.55000305175781,118.6500015258789,117.5,117.73999786376953,452824
2026-07-31 15:40:00-04:00,117.69999694824219,118.2300033569336,117.0999984741211,118.1050033569336,622957
2026-07-31 15:45:00-04:00,118.1500015258789,119.0,118.0999984741211,118.875,766327
2026-07-31 15:50:00-04:00,118.80000305175781,118.93000030517578,117.48999786376953,117.54000091552734,1088754
2026-07-31 15:55:00-04:00,117.62999725341797,117.7699966430664,114.61000061035156,114.61000061035156,3075504
2026-08-03 09:30:00-04:00,106.1500015258789,107.0,102.08999633789062,102.4000015258789,15954375
2026-08-03 09:35:00-04:00,102.47000122070312,109.0,102.08999633789062,105.76000213623047,3106725
2026-08-03 09:40:00-04:00,105.7699966430664,106.2384033203125,102.30750274658203,104.55000305175781,2104345
2026-08-03 09:45:00-04:00,104.58999633789062,105.12000274658203,102.5,102.62000274658203,1451082
2026-08-03 09:50:00-04:00,102.61000061035156,103.33999633789062,102.11009979248047,102.94000244140625,1606431
2026-08-03 09:55:00-04:00,102.9800033569336,107.5,102.6500015258789,107.45500183105469,2246515
2026-08-03 10:00:00-04:00,107.43000030517578,107.87999725341797,104.41000366210938,104.97000122070312,2156845
2026-08-03 10:05:00-04:00,105.02999877929688,106.87989807128906,104.5999984741211,106.1050033569336,1092268
2026-08-03 10:10:00-04:00,106.0,108.3499984741211,105.80999755859375,106.43499755859375,1471610
2026-08-03 10:15:00-04:00,106.45700073242188,109.1500015258789,105.9000015258789,108.62999725341797,1729685
2026-08-03 10:20:00-04:00,108.62000274658203,110.95999908447266,108.18000030517578,110.8915023803711,1867459
2026-08-03 10:25:00-04:00,110.88999938964844,111.6500015258789,109.63999938964844,111.45999908447266,1496650
2026-08-03 10:30:00-04:00,111.51499938964844,112.58000183105469,110.68000030517578,112.45999908447266,1250796
2026-08-03 10:35:00-04:00,112.44000244140625,113.5,112.01000213623047,112.95999908447266,1678260
2026-08-03 10:40:00-04:00,112.93000030517578,113.37000274658203,111.25,111.95999908447266,1455701
2026-08-03 10:45:00-04:00,111.81009674072266,114.83000183105469,111.2699966430664,114.55999755859375,1428061
2026-08-03 10:50:00-04:00,114.52999877929688,116.62999725341797,114.32009887695312,115.9000015258789,1600127
2026-08-03 10:55:00-04:00,115.93499755859375,116.94000244140625,115.47000122070312,116.27999877929688,1276924
2026-08-03 11:00:00-04:00,116.2300033569336,116.27999877929688,115.11000061035156,115.98500061035156,906469
2026-08-03 11:05:00-04:00,115.95079803466797,116.13999938964844,113.73999786376953,113.80999755859375,1101370
2026-08-03 11:10:00-04:00,113.80000305175781,114.30999755859375,112.41000366210938,112.91999816894531,1292229
2026-08-03 11:15:00-04:00,112.87999725341797,114.33000183105469,112.83999633789062,113.58999633789062,731314
2026-08-03 11:20:00-04:00,113.7699966430664,114.51000213623047,112.5,112.5999984741211,668282
2026-08-03 11:25:00-04:00,112.52999877929688,113.12000274658203,110.59010314941406,110.88999938964844,1191436
2026-08-03 11:30:00-04:00,110.9000015258789,112.98999786376953,110.75,112.37000274658203,914946
2026-08-03 11:35:00-04:00,112.40579986572266,112.80000305175781,111.16999816894531,111.8499984741211,705944
2026-08-03 11:40:00-04:00,111.86000061035156,113.11000061035156,111.81999969482422,112.79000091552734,629981
2026-08-03 11:45:00-04:00,112.8499984741211,113.72989654541016,112.72010040283203,113.16000366210938,542261
2026-08-03 11:50:00-04:00,113.20500183105469,114.3499984741211,112.70999908447266,114.01399993896484,595107
2026-08-03 11:55:00-04:00,113.94000244140625,114.25869750976562,113.12999725341797,113.58000183105469,383418
2026-08-03 12:00:00-04:00,113.55999755859375,114.48999786376953,113.55999755859375,114.4000015258789,469897
2026-08-03 12:05:00-04:00,114.38999938964844,114.91329956054688,113.78759765625,114.19999694824219,721360
2026-08-03 12:10:00-04:00,114.23359680175781,114.42990112304688,113.70999908447266,114.12000274658203,311733
2026-08-03 12:15:00-04:00,114.127197265625,115.68000030517578,114.0999984741211,115.63999938964844,604754
2026-08-03 12:20:00-04:00,115.61000061035156,115.69000244140625,114.30010223388672,114.51000213623047,521446
2026-08-03 12:25:00-04:00,114.5,114.74980163574219,113.98079681396484,114.10040283203125,401292
2026-08-03 12:30:00-04:00,114.1500015258789,114.26000213623047,113.41000366210938,113.97000122070312,425216
2026-08-03 12:35:00-04:00,113.91000366210938,114.19999694824219,112.94010162353516,113.15149688720703,464684
2026-08-03 12:40:00-04:00,113.0999984741211,113.53990173339844,112.60009765625,113.37999725341797,411928
2026-08-03 12:45:00-04:00,113.37999725341797,114.0,113.23999786376953,113.56999969482422,305643
2026-08-03 12:50:00-04:00,113.56999969482422,114.12999725341797,113.0,113.11000061035156,338866
2026-08-03 12:55:00-04:00,113.11000061035156,113.79000091552734,112.94000244140625,113.03500366210938,253590
2026-08-03 13:00:00-04:00,113.03500366210938,113.61000061035156,112.73269653320312,113.2300033569336,295515
2026-08-03 13:05:00-04:00,113.2699966430664,114.0990982055664,113.16000366210938,113.80999755859375,274616
2026-08-03 13:10:00-04:00,113.79000091552734,114.86000061035156,113.75499725341797,114.43000030517578,442851
2026-08-03 13:15:00-04:00,114.43000030517578,114.83979797363281,114.30000305175781,114.80000305175781,316105
2026-08-03 13:20:00-04:00,114.87000274658203,115.0199966430664,114.33999633789062,114.78450012207031,404185
2026-08-03 13:25:00-04:00,114.76000213623047,115.0989990234375,114.56189727783203,114.98999786376953,290217
2026-08-03 13:30:00-04:00,114.98999786376953,115.58000183105469,114.75980377197266,115.54000091552734,430051
2026-08-03 13:35:00-04:00,115.50050354003906,115.66999816894531,115.05000305175781,115.0813980102539,311606
2026-08-03 13:40:00-04:00,115.06539916992188,115.78160095214844,114.94999694824219,115.54000091552734,311443
2026-08-03 13:45:00-04:00,115.54499816894531,116.09719848632812,115.38999938964844,116.05999755859375,404222
2026-08-03 13:50:00-04:00,116.05999755859375,116.3499984741211,115.87999725341797,116.33000183105469,298724
2026-08-03 13:55:00-04:00,116.36000061035156,117.54109954833984,116.26000213623047,117.5199966430664,859695
2026-08-03 14:00:00-04:00,117.49500274658203,118.1500015258789,117.46009826660156,118.07169342041016,721542
2026-08-03 14:05:00-04:00,118.02999877929688,118.53109741210938,117.7699966430664,118.36699676513672,622398
2026-08-03 14:10:00-04:00,118.41000366210938,118.87000274658203,117.61009979248047,117.8113021850586,618606
2026-08-03 14:15:00-04:00,117.875,118.56999969482422,117.41000366210938,117.5199966430664,471857
2026-08-03 14:20:00-04:00,117.5,117.61000061035156,116.8499984741211,116.94000244140625,411039
2026-08-03 14:25:00-04:00,116.91000366210938,117.0999984741211,115.81009674072266,116.0,516178
2026-08-03 14:30:00-04:00,116.01499938964844,116.5199966430664,115.91000366210938,116.13999938964844,374163
2026-08-03 14:35:00-04:00,116.13999938964844,116.41999816894531,115.4000015258789,115.6260986328125,532098
2026-08-03 14:40:00-04:00,115.5416030883789,116.3499984741211,115.5,116.30000305175781,331042
2026-08-03 14:45:00-04:00,116.2750015258789,116.48999786376953,115.5,116.4800033569336,379747
2026-08-03 14:50:00-04:00,116.45500183105469,116.69000244140625,116.02999877929688,116.08899688720703,227149
2026-08-03 14:55:00-04:00,116.0999984741211,116.19000244140625,115.49500274658203,115.92870330810547,492659
2026-08-03 15:00:00-04:00,115.80000305175781,117.37999725341797,115.77999877929688,117.12999725341797,475772
2026-08-03 15:05:00-04:00,117.12000274658203,117.2384033203125,116.243896484375,116.56999969482422,268577
2026-08-03 15:10:00-04:00,116.5199966430664,117.1500015258789,116.0199966430664,116.44000244140625,312143
2026-08-03 15:15:00-04:00,116.40899658203125,117.18000030517578,116.30000305175781,116.97000122070312,291316
2026-08-03 15:20:00-04:00,117.0199966430664,117.19000244140625,116.64530181884766,116.75,267962
2026-08-03 15:25:00-04:00,116.68000030517578,116.94000244140625,116.36509704589844,116.48999786376953,363802
2026-08-03 15:30:00-04:00,116.48999786376953,116.88999938964844,115.94999694824219,116.64579772949219,1220658
2026-08-03 15:35:00-04:00,116.61499786376953,116.97820281982422,116.2699966430664,116.3499984741211,434817
2026-08-03 15:40:00-04:00,116.36799621582031,116.94989776611328,116.16999816894531,116.88849639892578,667228
2026-08-03 15:45:00-04:00,116.87000274658203,117.13999938964844,116.67050170898438,116.84500122070312,518266
2026-08-03 15:50:00-04:00,116.87999725341797,117.38999938964844,116.5,116.69000244140625,1725932
2026-08-03 15:55:00-04:00,116.66999816894531,117.08000183105469,115.93000030517578,116.72000122070312,1191023
2026-08-04 09:30:00-04:00,131.5050048828125,133.74000549316406,129.66000366210938,133.14990234375,19058639
2026-08-04 09:35:00-04:00,133.1199951171875,134.1999969482422,131.9600067138672,132.8000030517578,2206141
2026-08-04 09:40:00-04:00,132.89999389648438,135.44000244140625,132.89999389648438,134.19500732421875,2582332
2026-08-04 09:45:00-04:00,134.16000366210938,135.52000427246094,134.1300048828125,134.86700439453125,1496548
2026-08-04 09:50:00-04:00,134.7801055908203,136.13999938964844,134.75010681152344,135.71499633789062,1542653
2026-08-04 09:55:00-04:00,135.74000549316406,135.75999450683594,132.60000610351562,133.35000610351562,1726172
2026-08-04 10:00:00-04:00,133.39999389648438,134.5500030517578,132.11000061035156,134.0500030517578,1353178
2026-08-04 10:05:00-04:00,134.0500030517578,135.19000244140625,133.20010375976562,133.67999267578125,1004539
2026-08-04 10:10:00-04:00,133.71600341796875,134.5,132.91000366210938,134.2100067138672,761890
2026-08-04 10:15:00-04:00,134.25,134.4499969482422,132.35040283203125,133.0399932861328,758743
2026-08-04 10:20:00-04:00,133.03500366210938,133.47000122070312,131.8000030517578,133.0850067138672,933128
2026-08-04 10:25:00-04:00,133.1300048828125,134.631103515625,132.8101043701172,134.56210327148438,905171
2026-08-04 10:30:00-04:00,134.57000732421875,134.64999389648438,133.62010192871094,133.73919677734375,621960
2026-08-04 10:35:00-04:00,133.6999969482422,134.6999969482422,133.44000244140625,133.92050170898438,583563
2026-08-04 10:40:00-04:00,133.92999267578125,134.75,133.75999450683594,134.75,416381
2026-08-04 10:45:00-04:00,134.72999572753906,134.75,133.92999267578125,134.58999633789062,386923
2026-08-04 10:50:00-04:00,134.55999755859375,134.99000549316406,134.0800018310547,134.6199951171875,433468
2026-08-04 10:55:00-04:00,134.60000610351562,134.9600067138672,133.97999572753906,134.80250549316406,428000
2026-08-04 11:00:00-04:00,134.83999633789062,135.94000244140625,134.6300048828125,135.5142059326172,723499
2026-08-04 11:05:00-04:00,135.58999633789062,135.97999572753906,135.1699981689453,135.9199981689453,591144
2026-08-04 11:10:00-04:00,135.92999267578125,137.59950256347656,135.75999450683594,137.42999267578125,1042130
2026-08-04 11:15:00-04:00,137.4600067138672,137.8000030517578,136.9425048828125,137.52999877929688,648717
2026-08-04 11:20:00-04:00,137.5500030517578,137.9600067138672,137.35000610351562,137.44000244140625,572504
2026-08-04 11:25:00-04:00,137.46499633789062,137.64999389648438,136.81619262695312,136.91749572753906,602300
2026-08-04 11:30:00-04:00,136.9593048095703,137.44000244140625,136.72000122070312,137.1300048828125,393877
2026-08-04 11:35:00-04:00,137.13999938964844,138.35000610351562,137.13999938964844,137.9499969482422,679802
2026-08-04 11:40:00-04:00,137.9199981689453,138.77000427246094,137.75,138.74009704589844,397273
2026-08-04 11:45:00-04:00,138.77000427246094,138.85000610351562,138.44000244140625,138.68499755859375,453710
2026-08-04 11:50:00-04:00,138.66000366210938,138.9799041748047,138.42999267578125,138.5,398124
2026-08-04 11:55:00-04:00,138.50999450683594,138.89999389648438,138.0500030517578,138.1699981689453,396148
2026-08-04 12:00:00-04:00,138.17999267578125,139.2375946044922,138.1300048828125,138.89999389648438,625669
2026-08-04 12:05:00-04:00,138.8699951171875,139.25999450683594,138.35000610351562,138.39999389648438,333573
2026-08-04 12:10:00-04:00,138.42759704589844,138.49000549316406,137.6999969482422,137.9947967529297,494656
2026-08-04 12:15:00-04:00,138.07000732421875,139.4398956298828,137.8404998779297,139.24000549316406,372832
2026-08-04 12:20:00-04:00,139.27000427246094,139.57000732421875,138.9499969482422,139.1999969482422,349253
2026-08-04 12:25:00-04:00,139.1999969482422,139.25,138.8260040283203,138.94000244140625,246513
2026-08-04 12:30:00-04:00,138.9499969482422,139.5,138.61000061035156,139.36000061035156,247376
2026-08-04 12:35:00-04:00,139.32000732421875,139.47000122070312,138.8699951171875,139.13999938964844,285384
2026-08-04 12:40:00-04:00,139.10000610351562,139.27000427246094,138.8000030517578,139.11000061035156,228316
2026-08-04 12:45:00-04:00,139.13999938964844,139.86000061035156,139.07000732421875,139.6580047607422,445154
2026-08-04 12:50:00-04:00,139.64999389648438,139.6927032470703,139.2100067138672,139.33340454101562,236427
2026-08-04 12:55:00-04:00,139.39151000976562,139.8300018310547,139.14010620117188,139.82000732421875,230053
2026-08-04 13:00:00-04:00,139.8249969482422,140.1999969482422,139.7100067138672,140.11500549316406,610606
2026-08-04 13:05:00-04:00,140.12550354003906,140.47000122070312,139.9001007080078,140.04429626464844,360981
2026-08-04 13:10:00-04:00,140.05499267578125,140.3300018310547,139.8300018310547,140.17999267578125,265292
2026-08-04 13:15:00-04:00,140.2100067138672,140.35499572753906,139.86000061035156,139.94000244140625,294848
2026-08-04 13:20:00-04:00,139.99000549316406,140.4499969482422,139.63999938964844,140.3800048828125,303105
2026-08-04 13:25:00-04:00,140.36500549316406,141.0,140.33999633789062,140.7550048828125,336843
2026-08-04 13:30:00-04:00,140.7100067138672,140.8000030517578,140.2010040283203,140.6999969482422,229070
2026-08-04 13:35:00-04:00,140.6999969482422,141.10000610351562,140.6750030517578,141.0,249688
2026-08-04 13:40:00-04:00,140.99249267578125,141.19000244140625,140.89999389648438,141.13999938964844,336057
2026-08-04 13:45:00-04:00,141.16000366210938,142.19000244140625,141.16000366210938,141.75999450683594,854350
2026-08-04 13:50:00-04:00,141.72999572753906,141.80999755859375,140.610107421875,140.82339477539062,601914
2026-08-04 13:55:00-04:00,140.8000030517578,141.0800018310547,140.3300018310547,140.39999389648438,257537
2026-08-04 14:00:00-04:00,140.39999389648438,140.80999755859375,139.6300048828125,139.63999938964844,533858
2026-08-04 14:05:00-04:00,139.6300048828125,140.35000610351562,139.20030212402344,140.13999938964844,441631
2026-08-04 14:10:00-04:00,140.1134033203125,140.52999877929688,139.59869384765625,140.49240112304688,296841
2026-08-04 14:15:00-04:00,140.51499938964844,141.02000427246094,140.37989807128906,140.77000427246094,397459
2026-08-04 14:20:00-04:00,140.80999755859375,141.33999633789062,140.7301025390625,141.03500366210938,313756
2026-08-04 14:25:00-04:00,141.02999877929688,141.25,140.6334991455078,141.17999267578125,274716
2026-08-04 14:30:00-04:00,141.17999267578125,141.66949462890625,140.8719940185547,141.0,371826
2026-08-04 14:35:00-04:00,140.97000122070312,141.14109802246094,140.5,140.72500610351562,247031
2026-08-04 14:40:00-04:00,140.73159790039062,140.82000732421875,140.2200927734375,140.51499938964844,282755
2026-08-04 14:45:00-04:00,140.49000549316406,141.49000549316406,140.49000549316406,141.20159912109375,399056
2026-08-04 14:50:00-04:00,141.25,141.49000549316406,140.9199981689453,141.06500244140625,328750
2026-08-04 14:55:00-04:00,141.07000732421875,141.39999389648438,140.97999572753906,141.3000030517578,265293
2026-08-04 15:00:00-04:00,141.3000030517578,142.3000030517578,141.14999389648438,141.9550018310547,764320
2026-08-04 15:05:00-04:00,141.9550018310547,142.41990661621094,141.56500244140625,142.24000549316406,493096
2026-08-04 15:10:00-04:00,142.24000549316406,142.32000732421875,141.7100067138672,141.81500244140625,372162
2026-08-04 15:15:00-04:00,141.85000610351562,142.36000061035156,141.6199951171875,142.36000061035156,426782
2026-08-04 15:20:00-04:00,142.3699951171875,142.41799926757812,141.6199951171875,141.66000366210938,506307
2026-08-04 15:25:00-04:00,141.6416015625,141.9499969482422,140.8800048828125,141.3000030517578,714211
2026-08-04 15:30:00-04:00,141.27000427246094,141.3282012939453,140.38009643554688,140.6699981689453,2503277
2026-08-04 15:35:00-04:00,140.67999267578125,141.5,140.5749969482422,141.27999877929688,821929
2026-08-04 15:40:00-04:00,141.25,141.67999267578125,141.1999969482422,141.6699981689453,754116
2026-08-04 15:45:00-04:00,141.65499877929688,141.6999969482422,140.88999938964844,140.94110107421875,953477
2026-08-04 15:50:00-04:00,140.9499969482422,141.41000366210938,140.05999755859375,140.05999755859375,1636998
2026-08-04 15:55:00-04:00,140.0511016845703,141.1999969482422,139.8000030517578,140.14999389648438,2300493
2026-08-05 09:30:00-04:00,135.5399932861328,138.5,135.32000732421875,137.9499969482422,13202396
2026-08-05 09:35:00-04:00,137.9499969482422,138.75999450683594,134.5500030517578,137.38999938964844,1432372
2026-08-05 09:40:00-04:00,137.4600067138672,140.73260498046875,136.61000061035156,140.41000366210938,1750605
2026-08-05 09:45:00-04:00,140.41000366210938,143.83999633789062,140.1999969482422,143.75,2056621
2026-08-05 09:50:00-04:00,143.781005859375,144.33999633789062,140.41859436035156,142.2550048828125,1752227
2026-08-05 09:55:00-04:00,142.24000549316406,142.8800048828125,140.6699981689453,142.25,931593
2026-08-05 10:00:00-04:00,141.97000122070312,142.1125030517578,136.5,137.82000732421875,1805401
2026-08-05 10:05:00-04:00,137.91070556640625,140.48989868164062,137.88999938964844,139.22999572753906,1225946
2026-08-05 10:10:00-04:00,139.27000427246094,139.8300018310547,137.94000244140625,138.5,631046
2026-08-05 10:15:00-04:00,138.4250030517578,139.3800048828125,137.3000030517578,137.3300018310547,535471
2026-08-05 10:20:00-04:00,137.41000366210938,137.41000366210938,134.1887969970703,136.1300048828125,1392751
2026-08-05 10:25:00-04:00,136.08999633789062,137.16000366210938,135.01629638671875,135.17999267578125,729361
2026-08-05 10:30:00-04:00,135.11000061035156,135.25,132.22999572753906,133.0,1681747
2026-08-05 10:35:00-04:00,133.0,134.3699951171875,131.22000122070312,131.2899932861328,1201033
2026-08-05 10:40:00-04:00,131.27999877929688,132.7899932861328,130.6999969482422,132.30999755859375,1025791
2026-08-05 10:45:00-04:00,132.29190063476562,134.29989624023438,131.35000610351562,133.77999877929688,1158824
2026-08-05 10:50:00-04:00,133.70010375976562,134.1199951171875,130.0,131.36000061035156,1245293
2026-08-05 10:55:00-04:00,131.3800048828125,133.02999877929688,130.6199951171875,132.20010375976562,653974
2026-08-05 11:00:00-04:00,132.3300018310547,133.32000732421875,131.6020050048828,132.09849548339844,632838
2026-08-05 11:05:00-04:00,132.1699981689453,134.3699951171875,131.6999969482422,134.05999755859375,655123
2026-08-05 11:10:00-04:00,134.02000427246094,134.8000030517578,132.69000244140625,133.1300048828125,660354
2026-08-05 11:15:00-04:00,133.1999969482422,133.88999938964844,132.0,133.88999938964844,548248
2026-08-05 11:20:00-04:00,133.85000610351562,133.99000549316406,132.77139282226562,132.80999755859375,377445
2026-08-05 11:25:00-04:00,132.75,133.85000610351562,132.375,133.27999877929688,237249
2026-08-05 11:30:00-04:00,133.23500061035156,135.4199981689453,133.23500061035156,134.3699951171875,795409
2026-08-05 11:35:00-04:00,134.3699951171875,136.3699951171875,134.3699951171875,136.02999877929688,710115
2026-08-05 11:40:00-04:00,136.0749969482422,136.4398956298828,134.91000366210938,135.17999267578125,547740
2026-08-05 11:45:00-04:00,135.1999969482422,135.72500610351562,133.9510040283203,135.03579711914062,470912
2026-08-05 11:50:00-04:00,134.97999572753906,135.55999755859375,133.97999572753906,134.25,336989
2026-08-05 11:55:00-04:00,134.22999572753906,134.22999572753906,132.41000366210938,133.16000366210938,438689
2026-08-05 12:00:00-04:00,133.11000061035156,135.14999389648438,133.10000610351562,134.8800048828125,387777
2026-08-05 12:05:00-04:00,134.77999877929688,135.44000244140625,133.75010681152344,134.52000427246094,456726
2026-08-05 12:10:00-04:00,134.5399932861328,134.89999389648438,133.89999389648438,134.8000030517578,246474
2026-08-05 12:15:00-04:00,134.8300018310547,135.7899932861328,134.55430603027344,134.8300018310547,376249
2026-08-05 12:20:00-04:00,134.7949981689453,136.47000122070312,134.72999572753906,136.07000732421875,495546
2026-08-05 12:25:00-04:00,136.0500030517578,137.93260192871094,136.0500030517578,137.86000061035156,782469
2026-08-05 12:30:00-04:00,137.9199981689453,138.0800018310547,135.86129760742188,136.55499267578125,559514
2026-08-05 12:35:00-04:00,136.57400512695312,137.38999938964844,135.6999969482422,137.1497039794922,433199
2026-08-05 12:40:00-04:00,137.14999389648438,137.83990478515625,136.5,136.66000366210938,350784
2026-08-05 12:45:00-04:00,136.5,137.4600067138672,136.13999938964844,136.85000610351562,230592
2026-08-05 12:50:00-04:00,136.72999572753906,137.7100067138672,136.6999969482422,137.35000610351562,286318
2026-08-05 12:55:00-04:00,137.3800048828125,137.6199951171875,137.04010009765625,137.19000244140625,238971
2026-08-05 13:00:00-04:00,137.22000122070312,137.50999450683594,135.8000030517578,135.860107421875,371703
2026-08-05 13:05:00-04:00,135.86000061035156,136.17999267578125,135.00999450683594,135.1649932861328,341091
2026-08-05 13:10:00-04:00,135.1300048828125,135.72479248046875,134.6300048828125,135.1199951171875,365742
2026-08-05 13:15:00-04:00,135.0500030517578,135.50999450683594,134.50100708007812,134.8699951171875,283104
2026-08-05 13:20:00-04:00,134.8350067138672,135.14939880371094,134.2899932861328,135.14939880371094,295872
2026-08-05 13:25:00-04:00,135.13760375976562,135.72000122070312,134.72000122070312,134.7949981689453,230270
2026-08-05 13:30:00-04:00,134.69000244140625,135.4199981689453,134.36000061035156,134.71499633789062,225478
2026-08-05 13:35:00-04:00,134.77000427246094,135.27999877929688,134.6999969482422,135.0500030517578,148489
2026-08-05 13:40:00-04:00,135.08999633789062,135.5500030517578,134.90420532226562,135.0,172930
2026-08-05 13:45:00-04:00,135.0,135.6699981689453,134.25,135.42999267578125,217834
2026-08-05 13:50:00-04:00,135.44000244140625,135.86000061035156,135.09010314941406,135.17999267578125,182827
2026-08-05 13:55:00-04:00,135.13999938964844,135.86659240722656,134.86880493164062,135.5800018310547,161282
2026-08-05 14:00:00-04:00,135.5850067138672,136.22999572753906,135.36000061035156,136.13999938964844,211044
2026-08-05 14:05:00-04:00,136.11000061035156,136.1269989013672,135.30999755859375,135.64999389648438,176463
2026-08-05 14:10:00-04:00,135.69000244140625,135.99000549316406,134.89999389648438,134.89999389648438,170647
2026-08-05 14:15:00-04:00,134.9499969482422,135.75999450683594,134.77000427246094,135.5399932861328,145401
2026-08-05 14:20:00-04:00,135.58999633789062,135.91000366210938,135.36050415039062,135.72999572753906,125077
2026-08-05 14:25:00-04:00,135.69000244140625,136.1999969482422,135.6501007080078,136.10000610351562,190236
2026-08-05 14:30:00-04:00,136.08999633789062,136.09979248046875,134.60000610351562,134.86500549316406,344492
2026-08-05 14:35:00-04:00,134.8000030517578,135.60000610351562,134.69500732421875,134.9219970703125,160207
2026-08-05 14:40:00-04:00,134.85000610351562,135.1999053955078,134.76980590820312,134.97999572753906,126460
2026-08-05 14:45:00-04:00,134.92999267578125,136.0399932861328,134.8000030517578,135.610107421875,218589
2026-08-05 14:50:00-04:00,135.58999633789062,135.80999755859375,135.13999938964844,135.31500244140625,133493
2026-08-05 14:55:00-04:00,135.3000030517578,135.35360717773438,134.75,134.98500061035156,164123
2026-08-05 15:00:00-04:00,135.0500030517578,136.889892578125,134.89999389648438,136.4199981689453,566384
2026-08-05 15:05:00-04:00,136.4550018310547,136.97500610351562,136.10009765625,136.57000732421875,465260
2026-08-05 15:10:00-04:00,136.60000610351562,137.1999969482422,136.25999450683594,137.1947021484375,501018
2026-08-05 15:15:00-04:00,137.2100067138672,137.35000610351562,136.55999755859375,136.62420654296875,475118
2026-08-05 15:20:00-04:00,136.7050018310547,137.16839599609375,136.6199951171875,136.88999938964844,468201
2026-08-05 15:25:00-04:00,136.9199981689453,137.7899932861328,136.67999267578125,137.11000061035156,698562
2026-08-05 15:30:00-04:00,137.13999938964844,137.47999572753906,135.43499755859375,135.85000610351562,1886475
2026-08-05 15:35:00-04:00,135.80380249023438,136.64999389648438,135.28500366210938,136.08999633789062,678407
2026-08-05 15:40:00-04:00,136.07000732421875,136.75999450683594,134.85000610351562,135.19500732421875,654633
2026-08-05 15:45:00-04:00,135.14999389648438,135.52999877929688,134.36000061035156,135.31500244140625,1017769
2026-08-05 15:50:00-04:00,135.3376007080078,136.0,134.30999755859375,134.7100067138672,1295034
2026-08-05 15:55:00-04:00,134.6999969482422,134.72000122070312,131.0500030517578,131.60499572753906,2542021
2026-08-06 09:30:00-04:00,125.2300033569336,125.56800079345703,120.74659729003906,124.7699966430664,9920103
2026-08-06 09:35:00-04:00,124.77999877929688,127.72360229492188,123.47000122070312,125.98999786376953,2620881
2026-08-06 09:40:00-04:00,125.92500305175781,129.97999572753906,125.72000122070312,129.66000366210938,1657014
2026-08-06 09:45:00-04:00,129.67999267578125,132.64999389648438,128.8300018310547,132.11000061035156,1743933
2026-08-06 09:50:00-04:00,132.0919952392578,132.8000030517578,130.0601043701172,130.38499450683594,1243858
2026-08-06 09:55:00-04:00,130.31610107421875,133.33160400390625,129.90199279785156,133.0,1145970
2026-08-06 10:00:00-04:00,132.97000122070312,133.9199981689453,131.63999938964844,132.875,953884
2026-08-06 10:05:00-04:00,132.94000244140625,136.6959991455078,132.86000061035156,136.52999877929688,1514731
2026-08-06 10:10:00-04:00,136.52499389648438,138.5800018310547,136.52499389648438,137.80999755859375,1652268
2026-08-06 10:15:00-04:00,137.6999969482422,139.5,136.86000061035156,138.38580322265625,1498677
2026-08-06 10:20:00-04:00,138.3000030517578,139.86000061035156,137.94000244140625,138.7899932861328,1155087
2026-08-06 10:25:00-04:00,138.7899932861328,138.99090576171875,136.72000122070312,137.0050048828125,1248944
2026-08-06 10:30:00-04:00,137.07000732421875,139.35000610351562,136.57000732421875,139.0,891283
2026-08-06 10:35:00-04:00,139.0,140.0,136.1999969482422,136.27999877929688,1020980
2026-08-06 10:40:00-04:00,136.22999572753906,138.02000427246094,136.02999877929688,136.7899932861328,661816
2026-08-06 10:45:00-04:00,136.7899932861328,136.90499877929688,134.33099365234375,135.77999877929688,1057255
2026-08-06 10:50:00-04:00,135.75,137.24899291992188,135.3000030517578,137.24899291992188,604949
2026-08-06 10:55:00-04:00,137.3000030517578,138.3699951171875,136.47000122070312,138.27999877929688,589622
2026-08-06 11:00:00-04:00,138.25999450683594,138.9499969482422,136.6118927001953,137.24850463867188,620980
2026-08-06 11:05:00-04:00,137.24000549316406,139.5500030517578,137.22000122070312,139.25,587339
2026-08-06 11:10:00-04:00,139.25,139.97999572753906,138.8939971923828,139.14999389648438,662240
2026-08-06 11:15:00-04:00,139.1699981689453,139.85000610351562,137.6363983154297,137.77499389648438,547570
2026-08-06 11:20:00-04:00,137.83999633789062,138.8699951171875,137.3699951171875,137.72999572753906,411237
2026-08-06 11:25:00-04:00,137.8249969482422,138.73989868164062,137.60000610351562,138.3699951171875,295163
2026-08-06 11:30:00-04:00,138.28390502929688,139.10000610351562,136.5500030517578,136.5850067138672,475631
2026-08-06 11:35:00-04:00,136.5500030517578,137.69569396972656,136.21499633789062,136.9499969482422,424741
2026-08-06 11:40:00-04:00,136.97999572753906,137.6999969482422,135.55999755859375,135.74899291992188,386166
2026-08-06 11:45:00-04:00,135.63999938964844,138.25,135.63999938964844,137.67999267578125,468413
2026-08-06 11:50:00-04:00,137.77999877929688,138.65109252929688,135.8800048828125,136.02000427246094,485852
2026-08-06 11:55:00-04:00,136.0,137.02650451660156,135.42999267578125,135.66299438476562,369122
2026-08-06 12:00:00-04:00,135.77999877929688,136.0500030517578,134.39999389648438,135.0,571854
2026-08-06 12:05:00-04:00,135.02000427246094,136.6699981689453,134.8986053466797,136.00010681152344,418380
2026-08-06 12:10:00-04:00,136.16000366210938,136.63999938964844,134.50999450683594,134.61000061035156,349720
2026-08-06 12:15:00-04:00,134.60499572753906,135.23699951171875,133.42999267578125,134.6457977294922,556330
2026-08-06 12:20:00-04:00,134.60499572753906,134.73989868164062,132.28700256347656,133.82000732421875,569528
2026-08-06 12:25:00-04:00,133.8800048828125,134.1199951171875,132.9398956298828,133.0699005126953,317210
2026-08-06 12:30:00-04:00,132.96170043945312,134.45350646972656,132.8000030517578,133.68040466308594,404204
2026-08-06 12:35:00-04:00,133.72999572753906,135.58999633789062,133.3800048828125,135.58999633789062,483222
2026-08-06 12:40:00-04:00,135.60000610351562,135.94000244140625,134.6300048828125,134.63999938964844,463565
2026-08-06 12:45:00-04:00,134.710693359375,136.12930297851562,134.30999755859375,136.0800018310547,294527
2026-08-06 12:50:00-04:00,136.10499572753906,136.89999389648438,135.52000427246094,135.54859924316406,435504
2026-08-06 12:55:00-04:00,135.52999877929688,137.1199951171875,135.52999877929688,137.06979370117188,236182
2026-08-06 13:00:00-04:00,137.0399932861328,137.5,136.51100158691406,136.61500549316406,330221
2026-08-06 13:05:00-04:00,136.6199951171875,137.5272979736328,136.44000244140625,136.91000366210938,248826
2026-08-06 13:10:00-04:00,136.85000610351562,137.13900756835938,136.0,136.21209716796875,224969
2026-08-06 13:15:00-04:00,136.10000610351562,136.8498992919922,135.60000610351562,136.60870361328125,264207
2026-08-06 13:20:00-04:00,136.60989379882812,136.8800048828125,135.64999389648438,135.85000610351562,143033
2026-08-06 13:25:00-04:00,135.85000610351562,136.7899932861328,135.85000610351562,136.05999755859375,136100
2026-08-06 13:30:00-04:00,136.0,136.5,135.8000030517578,135.97000122070312,114771
2026-08-06 13:35:00-04:00,136.0,136.33990478515625,135.50999450683594,135.6199951171875,150023
2026-08-06 13:40:00-04:00,135.6199951171875,135.93499755859375,134.6251983642578,135.08999633789062,299900
2026-08-06 13:45:00-04:00,135.13999938964844,135.58990478515625,134.74180603027344,134.85000610351562,187085
2026-08-06 13:50:00-04:00,134.85499572753906,135.72999572753906,134.72000122070312,135.6199951171875,158056
2026-08-06 13:55:00-04:00,135.57000732421875,135.94000244140625,135.25,135.80999755859375,114378
2026-08-06 14:00:00-04:00,135.80999755859375,136.1260986328125,134.92120361328125,135.5500030517578,167391
2026-08-06 14:05:00-04:00,135.52999877929688,135.8000030517578,134.97000122070312,135.64700317382812,133134
2026-08-06 14:10:00-04:00,135.64999389648438,135.95640563964844,135.19000244140625,135.9149932861328,125685
2026-08-06 14:15:00-04:00,135.99000549316406,137.5,134.38999938964844,136.77999877929688,654388
2026-08-06 14:20:00-04:00,136.79859924316406,137.66000366210938,136.5,137.2637939453125,365665
2026-08-06 14:25:00-04:00,137.27000427246094,137.3000030517578,136.38009643554688,136.94700622558594,185875
2026-08-06 14:30:00-04:00,136.9499053955078,137.10000610351562,135.85000610351562,136.00999450683594,193956
2026-08-06 14:35:00-04:00,135.97000122070312,136.47999572753906,135.74000549316406,135.85499572753906,133409
2026-08-06 14:40:00-04:00,135.91000366210938,136.14849853515625,135.1300048828125,136.0050048828125,213610
2026-08-06 14:45:00-04:00,136.02999877929688,136.52000427246094,135.3000946044922,135.33999633789062,177581
2026-08-06 14:50:00-04:00,135.33999633789062,135.7100067138672,135.22000122070312,135.67999267578125,111503
2026-08-06 14:55:00-04:00,135.66000366210938,136.24000549316406,135.50180053710938,135.5988006591797,150082
2026-08-06 15:00:00-04:00,135.67999267578125,137.3300018310547,135.4199981689453,137.22000122070312,310464
2026-08-06 15:05:00-04:00,137.22000122070312,137.5,135.7509002685547,137.0800018310547,323456
2026-08-06 15:10:00-04:00,137.1031951904297,137.32350158691406,135.86000061035156,136.0,225344
2026-08-06 15:15:00-04:00,135.89999389648438,136.11000061035156,135.5500030517578,135.64500427246094,232940
2026-08-06 15:20:00-04:00,135.6699981689453,136.5,134.610107421875,134.6573028564453,482001
2026-08-06 15:25:00-04:00,134.66990661621094,135.4499969482422,134.36000061035156,134.9113006591797,448303
2026-08-06 15:30:00-04:00,134.8699951171875,135.84730529785156,134.0399932861328,135.6300048828125,1176357
2026-08-06 15:35:00-04:00,135.58999633789062,135.58999633789062,134.69000244140625,134.7678985595703,207094
2026-08-06 15:40:00-04:00,134.6999969482422,134.89999389648438,134.4199981689453,134.57000732421875,396875
2026-08-06 15:45:00-04:00,134.5749969482422,134.79989624023438,134.25999450683594,134.710205078125,518014
2026-08-06 15:50:00-04:00,134.63999938964844,134.9499969482422,133.77000427246094,134.67990112304688,985309
2026-08-06 15:55:00-04:00,134.5,134.58999633789062,132.10000610351562,132.4600067138672,1913284
2026-08-07 09:30:00-04:00,141.97000122070312,143.9199981689453,140.0,142.92999267578125,12071391
2026-08-07 09:35:00-04:00,143.02000427246094,143.19000244140625,138.8800048828125,140.0,1608356
2026-08-07 09:40:00-04:00,140.05999755859375,142.74000549316406,139.2899932861328,142.47500610351562,1118996
2026-08-07 09:45:00-04:00,142.42999267578125,143.0,139.57000732421875,141.17999267578125,889734
2026-08-07 09:50:00-04:00,141.2135009765625,141.8300018310547,139.25,139.50660705566406,870432
2026-08-07 09:55:00-04:00,139.4499969482422,139.8000030517578,135.51010131835938,136.64999389648438,1898306
2026-08-07 10:00:00-04:00,136.6199951171875,136.94000244140625,133.27999877929688,133.38999938964844,1675772
2026-08-07 10:05:00-04:00,133.3249969482422,136.4398956298828,133.0,134.4199981689453,1612768
2026-08-07 10:10:00-04:00,134.41299438476562,134.89990234375,131.77130126953125,132.3000030517578,1448840
2026-08-07 10:15:00-04:00,132.19000244140625,136.33999633789062,131.55999755859375,136.21499633789062,1717419
2026-08-07 10:20:00-04:00,136.1999969482422,136.75999450683594,134.3300018310547,135.11000061035156,1180208
2026-08-07 10:25:00-04:00,135.18899536132812,138.3813018798828,135.1731719970703,137.24349975585938,1384837
2026-08-07 10:30:00-04:00,137.2086944580078,137.33990478515625,135.38510131835938,135.99000549316406,886485
2026-08-07 10:35:00-04:00,136.0800018310547,136.47610473632812,134.3300018310547,134.5540008544922,721988
2026-08-07 10:40:00-04:00,134.52000427246094,135.41000366210938,133.02000427246094,133.49000549316406,762879
2026-08-07 10:45:00-04:00,133.5,135.57659912109375,133.1300048828125,135.11830139160156,774461
2026-08-07 10:50:00-04:00,135.0,135.8184051513672,133.67999267578125,134.2899932861328,584534
2026-08-07 10:55:00-04:00,134.25,135.55340576171875,134.02000427246094,135.0,583265
2026-08-07 11:00:00-04:00,134.9550018310547,136.8800048828125,134.83999633789062,136.6300048828125,731808
2026-08-07 11:05:00-04:00,136.6699981689453,137.75,136.4600067138672,136.98500061035156,895619
2026-08-07 11:10:00-04:00,136.95919799804688,137.86000061035156,136.6688995361328,136.85499572753906,556441
2026-08-07 11:15:00-04:00,136.82000732421875,137.44500732421875,136.02000427246094,137.11000061035156,512034
2026-08-07 11:20:00-04:00,137.14999389648438,138.3699951171875,136.86000061035156,138.13499450683594,694304
2026-08-07 11:25:00-04:00,138.11239624023438,139.47999572753906,138.10000610351562,138.84500122070312,985108
2026-08-07 11:30:00-04:00,138.7899932861328,140.14999389648438,138.7899932861328,139.9499969482422,835466
2026-08-07 11:35:00-04:00,139.91000366210938,139.9866943359375,138.5,138.8699951171875,554059
2026-08-07 11:40:00-04:00,138.92999267578125,139.4199981689453,137.49000549316406,138.19500732421875,560118
2026-08-07 11:45:00-04:00,138.1699981689453,139.52999877929688,137.86000061035156,139.39599609375,397483
2026-08-07 11:50:00-04:00,139.4407958984375,139.8513946533203,138.2200927734375,138.9199981689453,440322
2026-08-07 11:55:00-04:00,138.89500427246094,139.5399932861328,138.77999877929688,139.5050048828125,244297
2026-08-07 12:00:00-04:00,139.5500030517578,139.88499450683594,139.0399932861328,139.88499450683594,298859
2026-08-07 12:05:00-04:00,139.89999389648438,140.55990600585938,139.74000549316406,140.35000610351562,528825
2026-08-07 12:10:00-04:00,140.3498992919922,140.52000427246094,139.50050354003906,139.5850067138672,285027
2026-08-07 12:15:00-04:00,139.5399932861328,140.14990234375,139.11000061035156,139.24000549316406,305745
2026-08-07 12:20:00-04:00,139.18150329589844,139.92999267578125,137.8300018310547,137.8800048828125,454577
2026-08-07 12:25:00-04:00,137.8800048828125,138.29989624023438,136.6699981689453,137.42999267578125,504544
2026-08-07 12:30:00-04:00,137.39999389648438,137.95620727539062,135.86000061035156,137.8000030517578,612492
2026-08-07 12:35:00-04:00,137.7949981689453,138.22000122070312,137.30999755859375,138.1602020263672,355564
2026-08-07 12:40:00-04:00,138.14999389648438,138.65989685058594,137.67999267578125,138.20480346679688,246254
2026-08-07 12:45:00-04:00,138.14999389648438,138.8300018310547,138.14999389648438,138.77000427246094,217998
2026-08-07 12:50:00-04:00,138.7449951171875,139.14999389648438,138.05999755859375,138.19979858398438,253507
2026-08-07 12:55:00-04:00,138.2100067138672,139.0294952392578,138.08999633789062,138.42999267578125,204656
2026-08-07 13:00:00-04:00,138.4499969482422,139.0,138.0,138.7100067138672,179509
2026-08-07 13:05:00-04:00,138.75999450683594,139.60000610351562,138.6999969482422,139.5050048828125,263714
2026-08-07 13:10:00-04:00,139.5178985595703,139.52999877929688,138.32000732421875,138.40020751953125,234196
2026-08-07 13:15:00-04:00,138.3209991455078,139.60000610351562,138.1300048828125,139.58790588378906,226840
2026-08-07 13:20:00-04:00,139.58990478515625,139.90499877929688,139.07000732421875,139.0823974609375,242723
2026-08-07 13:25:00-04:00,139.07000732421875,139.75,138.89999389648438,139.38009643554688,142306
2026-08-07 13:30:00-04:00,139.43760681152344,139.55499267578125,138.8000030517578,139.00999450683594,116126
2026-08-07 13:35:00-04:00,139.00999450683594,139.39999389648438,138.8800048828125,139.22999572753906,151148
2026-08-07 13:40:00-04:00,139.30999755859375,139.30999755859375,138.6199951171875,138.98500061035156,154588
2026-08-07 13:45:00-04:00,138.97500610351562,139.2198944091797,138.77000427246094,138.91380310058594,138981
2026-08-07 13:50:00-04:00,138.860107421875,139.19000244140625,138.41000366210938,138.69500732421875,189253
2026-08-07 13:55:00-04:00,138.6999969482422,139.27000427246094,138.58999633789062,138.92999267578125,177206
2026-08-07 14:00:00-04:00,139.0,139.4324951171875,138.7301025390625,139.1157989501953,159782
2026-08-07 14:05:00-04:00,139.08999633789062,139.4398956298828,138.85000610351562,139.33990478515625,118929
2026-08-07 14:10:00-04:00,139.30999755859375,139.44000244140625,138.27999877929688,138.4600067138672,173959
2026-08-07 14:15:00-04:00,138.4600067138672,138.9799041748047,138.32000732421875,138.67999267578125,134619
2026-08-07 14:20:00-04:00,138.66000366210938,138.77000427246094,138.16029357910156,138.25999450683594,148955
2026-08-07 14:25:00-04:00,138.25999450683594,138.29249572753906,137.46389770507812,137.63580322265625,236627
2026-08-07 14:30:00-04:00,137.64999389648438,138.5,137.4600067138672,137.7550048828125,198002
2026-08-07 14:35:00-04:00,137.7550048828125,138.0467071533203,137.4801025390625,137.8300018310547,152883
2026-08-07 14:40:00-04:00,137.88499450683594,137.99000549316406,137.36000061035156,137.43499755859375,96279
2026-08-07 14:45:00-04:00,137.40269470214844,138.1302032470703,137.27000427246094,138.1302032470703,183379
2026-08-07 14:50:00-04:00,138.08929443359375,138.35000610351562,138.0,138.0749969482422,167268
2026-08-07 14:55:00-04:00,138.1199951171875,138.5699005126953,137.64419555664062,138.5399932861328,248463
2026-08-07 15:00:00-04:00,138.47999572753906,139.8695068359375,138.47999572753906,138.8300018310547,523472
2026-08-07 15:05:00-04:00,138.8000030517578,140.47999572753906,138.8000030517578,140.30499267578125,637701
2026-08-07 15:10:00-04:00,140.3000030517578,140.6497039794922,139.80999755859375,139.89999389648438,465377
2026-08-07 15:15:00-04:00,139.94000244140625,140.55999755859375,139.61199951171875,139.64500427246094,376633
2026-08-07 15:20:00-04:00,139.63999938964844,140.22760009765625,139.08999633789062,139.1999969482422,414198
2026-08-07 15:25:00-04:00,139.22000122070312,139.63999938964844,139.05999755859375,139.50999450683594,358171
2026-08-07 15:30:00-04:00,139.5449981689453,139.5449981689453,137.91000366210938,138.13499450683594,2007824
2026-08-07 15:35:00-04:00,138.11500549316406,138.77000427246094,137.9600067138672,138.55999755859375,715855
2026-08-07 15:40:00-04:00,138.5399932861328,138.60000610351562,137.85000610351562,137.91000366210938,667434
2026-08-07 15:45:00-04:00,137.88999938964844,138.3300018310547,137.6699981689453,137.85000610351562,746107
2026-08-07 15:50:00-04:00,137.8000030517578,139.85940551757812,137.7899932861328,139.67999267578125,1275720
2026-08-07 15:55:00-04:00,139.69000244140625,140.6699981689453,138.97000122070312,140.25999450683594,2451243
2026-08-10 09:30:00-04:00,142.8000030517578,143.4499969482422,137.19000244140625,137.92999267578125,9680834
2026-08-10 09:35:00-04:00,137.77000427246094,140.25,136.82000732421875,138.3101043701172,1555095
2026-08-10 09:40:00-04:00,138.32000732421875,138.81500244140625,135.8300018310547,137.35499572753906,1171263
2026-08-10 09:45:00-04:00,137.36000061035156,139.27999877929688,136.91009521484375,138.8000030517578,1180317
2026-08-10 09:50:00-04:00,138.89999389648438,139.25,136.39999389648438,136.59500122070312,1155565
2026-08-10 09:55:00-04:00,136.59500122070312,137.72000122070312,135.9499969482422,137.16000366210938,650183
2026-08-10 10:00:00-04:00,137.16000366210938,138.57949829101562,136.5800018310547,137.64999389648438,677104
2026-08-10 10:05:00-04:00,137.49009704589844,139.8280029296875,137.44000244140625,139.785400390625,952158
2026-08-10 10:10:00-04:00,139.80999755859375,141.14999389648438,139.71270751953125,140.0,1070181
2026-08-10 10:15:00-04:00,140.08999633789062,140.61000061035156,137.9199981689453,138.07949829101562,737007
2026-08-10 10:20:00-04:00,138.1300048828125,139.22000122070312,136.89999389648438,137.24000549316406,725467
2026-08-10 10:25:00-04:00,137.27999877929688,138.14999389648438,136.5500030517578,137.11000061035156,667128
2026-08-10 10:30:00-04:00,137.1300048828125,138.02000427246094,136.77999877929688,137.36000061035156,486793
2026-08-10 10:35:00-04:00,137.39999389648438,138.64999389648438,136.6999969482422,136.83999633789062,569684
2026-08-10 10:40:00-04:00,136.83999633789062,137.49000549316406,136.5,136.67080688476562,437729
2026-08-10 10:45:00-04:00,136.75999450683594,137.30499267578125,136.5,136.89999389648438,262446
2026-08-10 10:50:00-04:00,136.94500732421875,137.19000244140625,134.4718017578125,134.5,1100505
2026-08-10 10:55:00-04:00,134.4949951171875,135.1197052001953,133.44000244140625,133.50999450683594,1031182
2026-08-10 11:00:00-04:00,133.5,135.0,133.19000244140625,134.77999877929688,748642
2026-08-10 11:05:00-04:00,134.75999450683594,135.5,133.92999267578125,134.02999877929688,461195
2026-08-10 11:10:00-04:00,134.0,134.97000122070312,133.7899932861328,134.55990600585938,329479
2026-08-10 11:15:00-04:00,134.4600067138672,135.36000061035156,134.44000244140625,135.0,292930
2026-08-10 11:20:00-04:00,135.0,135.24000549316406,133.83999633789062,134.58999633789062,287589
2026-08-10 11:25:00-04:00,134.5800018310547,134.75,133.64999389648438,134.20620727539062,246688
2026-08-10 11:30:00-04:00,134.10000610351562,134.62899780273438,133.25,133.58999633789062,328152
2026-08-10 11:35:00-04:00,133.5500030517578,134.07870483398438,133.3585968017578,133.69419860839844,229147
2026-08-10 11:40:00-04:00,133.60000610351562,135.1999969482422,133.42999267578125,135.14999389648438,301502
2026-08-10 11:45:00-04:00,135.19000244140625,135.3800048828125,134.38099670410156,134.5449981689453,392865
2026-08-10 11:50:00-04:00,134.60000610351562,136.27000427246094,134.5500030517578,136.25999450683594,460571
2026-08-10 11:55:00-04:00,136.2104949951172,136.34950256347656,135.75999450683594,135.8300018310547,353345
2026-08-10 12:00:00-04:00,135.88999938964844,136.49000549316406,135.7100067138672,135.9550018310547,277806
2026-08-10 12:05:00-04:00,135.9550018310547,136.14999389648438,134.74000549316406,134.98550415039062,260949
2026-08-10 12:10:00-04:00,135.02059936523438,135.17999267578125,134.5438995361328,135.0449981689453,197357
2026-08-10 12:15:00-04:00,135.0399932861328,135.82000732421875,134.8000030517578,135.27499389648438,176916
2026-08-10 12:20:00-04:00,135.17999267578125,136.07000732421875,135.1602020263672,136.07000732421875,162954
2026-08-10 12:25:00-04:00,136.07000732421875,136.13999938964844,135.0,135.05999755859375,185508
2026-08-10 12:30:00-04:00,135.0,135.3773956298828,133.66000366210938,134.39999389648438,445366
2026-08-10 12:35:00-04:00,134.41000366210938,135.07000732421875,133.72999572753906,133.93359375,286852
2026-08-10 12:40:00-04:00,133.9687042236328,134.11000061035156,133.0,133.41000366210938,529200
2026-08-10 12:45:00-04:00,133.4499969482422,134.22869873046875,133.27999877929688,134.13999938964844,319675
2026-08-10 12:50:00-04:00,134.12359619140625,134.14990234375,133.2700958251953,133.5,212696
2026-08-10 12:55:00-04:00,133.5800018310547,133.97000122070312,133.4600067138672,133.72000122070312,198154
2026-08-10 13:00:00-04:00,133.72000122070312,133.77000427246094,133.50079345703125,133.6999969482422,209528
2026-08-10 13:05:00-04:00,133.6999969482422,134.6199951171875,133.66000366210938,134.5998992919922,294587
2026-08-10 13:10:00-04:00,134.6199951171875,134.97000122070312,134.35000610351562,134.5749969482422,209986
2026-08-10 13:15:00-04:00,134.52999877929688,134.94760131835938,134.03439331054688,134.30499267578125,162977
2026-08-10 13:20:00-04:00,134.35000610351562,134.5998992919922,134.16639709472656,134.1999969482422,118540
2026-08-10 13:25:00-04:00,134.1999969482422,134.3498992919922,133.64999389648438,133.97999572753906,166354
2026-08-10 13:30:00-04:00,133.98500061035156,134.49000549316406,133.94000244140625,134.4199981689453,146035
2026-08-10 13:35:00-04:00,134.4199981689453,134.52000427246094,133.5200958251953,133.66000366210938,223396
2026-08-10 13:40:00-04:00,133.6199951171875,133.74989318847656,133.1300048828125,133.2949981689453,187126
2026-08-10 13:45:00-04:00,133.30499267578125,133.67999267578125,133.27999877929688,133.3800048828125,91713
2026-08-10 13:50:00-04:00,133.32000732421875,133.86990356445312,133.2899932861328,133.69500732421875,104246
2026-08-10 13:55:00-04:00,133.71499633789062,134.02999877929688,133.5,133.71389770507812,123314
2026-08-10 14:00:00-04:00,133.6699981689453,134.0,133.36279296875,133.88999938964844,120568
2026-08-10 14:05:00-04:00,133.89999389648438,134.375,133.75999450683594,134.25,118018
2026-08-10 14:10:00-04:00,134.22500610351562,134.5,133.91000366210938,133.97000122070312,118633
2026-08-10 14:15:00-04:00,133.94000244140625,134.2100067138672,133.83999633789062,133.9095001220703,73165
2026-08-10 14:20:00-04:00,133.9499969482422,134.35000610351562,133.7899932861328,134.07000732421875,70715
2026-08-10 14:25:00-04:00,134.03599548339844,134.08999633789062,133.80999755859375,133.9199981689453,73707
2026-08-10 14:30:00-04:00,133.9600067138672,134.61000061035156,133.83999633789062,134.4365997314453,131741
2026-08-10 14:35:00-04:00,134.4499969482422,134.64950561523438,133.8699951171875,134.2039031982422,111087
2026-08-10 14:40:00-04:00,134.22000122070312,134.41000366210938,134.07000732421875,134.19500732421875,71997
2026-08-10 14:45:00-04:00,134.19000244140625,134.25,133.90049743652344,134.0399932861328,76204
2026-08-10 14:50:00-04:00,134.05999755859375,134.3699951171875,133.99000549316406,134.07000732421875,78607
2026-08-10 14:55:00-04:00,134.13999938964844,134.4499969482422,133.81239318847656,134.4199981689453,127798
2026-08-10 15:00:00-04:00,134.39999389648438,135.02000427246094,134.360107421875,134.6697998046875,341103
2026-08-10 15:05:00-04:00,134.72000122070312,134.92999267578125,134.4499969482422,134.60000610351562,194208
2026-08-10 15:10:00-04:00,134.6199951171875,134.9420928955078,134.42999267578125,134.73240661621094,234496
2026-08-10 15:15:00-04:00,134.75,135.10000610351562,134.64999389648438,134.76499938964844,288808
2026-08-10 15:20:00-04:00,134.8000030517578,135.41000366210938,134.55160522460938,135.39999389648438,541946
2026-08-10 15:25:00-04:00,135.4199981689453,135.97999572753906,135.19009399414062,135.55999755859375,896842
2026-08-10 15:30:00-04:00,135.55999755859375,135.8300018310547,134.6699981689453,134.80999755859375,1778744
2026-08-10 15:35:00-04:00,134.80999755859375,134.95799255371094,134.44000244140625,134.52999877929688,552615
2026-08-10 15:40:00-04:00,134.51499938964844,134.60000610351562,133.74000549316406,133.78500366210938,679412
2026-08-10 15:45:00-04:00,133.7899932861328,134.22000122070312,133.22999572753906,134.13999938964844,782106
2026-08-10 15:50:00-04:00,134.10000610351562,134.11000061035156,131.6999969482422,131.7006072998047,1761763
2026-08-10 15:55:00-04:00,131.7100067138672,131.82000732421875,130.0,130.0,3265257
2026-08-11 09:30:00-04:00,136.25999450683594,136.25999450683594,131.8000946044922,133.4600067138672,6803139
2026-08-11 09:35:00-04:00,133.4199981689453,134.9698944091797,132.38999938964844,133.3000030517578,1344992
2026-08-11 09:40:00-04:00,133.39999389648438,135.339599609375,133.3699951171875,135.21499633789062,1015458
2026-08-11 09:45:00-04:00,135.13999938964844,135.22830200195312,132.77999877929688,133.10000610351562,1021667
2026-08-11 09:50:00-04:00,133.10000610351562,134.0198974609375,131.92999267578125,132.31500244140625,813357
2026-08-11 09:55:00-04:00,132.32400512695312,133.67999267578125,132.0,133.57000732421875,548824
2026-08-11 10:00:00-04:00,133.47999572753906,135.35000610351562,133.15589904785156,134.72999572753906,871942
2026-08-11 10:05:00-04:00,134.63999938964844,136.60000610351562,134.4490966796875,135.91940307617188,1053952
2026-08-11 10:10:00-04:00,135.875,136.55999755859375,135.00010681152344,135.22000122070312,624058
2026-08-11 10:15:00-04:00,135.14999389648438,136.55999755859375,134.74000549316406,134.8800048828125,673812
2026-08-11 10:20:00-04:00,134.86000061035156,135.77000427246094,134.1999969482422,135.1300048828125,507239
2026-08-11 10:25:00-04:00,135.16259765625,136.2100067138672,134.91000366210938,135.8300018310547,369936
2026-08-11 10:30:00-04:00,135.72650146484375,136.07000732421875,134.64999389648438,135.7100067138672,402770
2026-08-11 10:35:00-04:00,135.80999755859375,135.9199981689453,134.52450561523438,134.52450561523438,425923
2026-08-11 10:40:00-04:00,134.5,134.86000061035156,133.6199951171875,134.0850067138672,464815
2026-08-11 10:45:00-04:00,134.0800018310547,135.03990173339844,133.89999389648438,134.9600067138672,361669
2026-08-11 10:50:00-04:00,134.9600067138672,135.4199981689453,134.39999389648438,135.22500610351562,339707
2026-08-11 10:55:00-04:00,135.1750030517578,135.5802001953125,134.50999450683594,134.5684051513672,288295
2026-08-11 11:00:00-04:00,134.6199951171875,135.60000610351562,134.49000549316406,135.4199981689453,275786
2026-08-11 11:05:00-04:00,135.3800048828125,135.39999389648438,133.75999450683594,133.95399475097656,323750
2026-08-11 11:10:00-04:00,133.86000061035156,134.47000122070312,133.69000244140625,134.0399932861328,248286
2026-08-11 11:15:00-04:00,134.00999450683594,134.10000610351562,133.60000610351562,133.6300048828125,192058
2026-08-11 11:20:00-04:00,133.6699981689453,134.25,132.92999267578125,133.0800018310547,406769
2026-08-11 11:25:00-04:00,133.02999877929688,133.6699981689453,132.97000122070312,133.3350067138672,212143
2026-08-11 11:30:00-04:00,133.3350067138672,133.9250030517578,132.82000732421875,132.9949951171875,276536
2026-08-11 11:35:00-04:00,133.0500030517578,133.75,132.8800048828125,133.12989807128906,187228
2026-08-11 11:40:00-04:00,133.0850067138672,133.77000427246094,132.8800048828125,133.73500061035156,230349
2026-08-11 11:45:00-04:00,133.66000366210938,133.66000366210938,132.99000549316406,133.0,177205
2026-08-11 11:50:00-04:00,132.9949951171875,133.44500732421875,132.80999755859375,132.97999572753906,176590
2026-08-11 11:55:00-04:00,132.9499969482422,133.22000122070312,132.57000732421875,132.63870239257812,187638
2026-08-11 12:00:00-04:00,132.62989807128906,132.79989624023438,132.16009521484375,132.3800048828125,279954
2026-08-11 12:05:00-04:00,132.45989990234375,133.1199951171875,132.32000732421875,132.86500549316406,276105
2026-08-11 12:10:00-04:00,132.8800048828125,133.1479949951172,132.17010498046875,132.1999969482422,253892
2026-08-11 12:15:00-04:00,132.27999877929688,132.77999877929688,132.1999969482422,132.35000610351562,176926
2026-08-11 12:20:00-04:00,132.4199981689453,132.85000610351562,132.0601043701172,132.38499450683594,201610
2026-08-11 12:25:00-04:00,132.34500122070312,132.39999389648438,131.88999938964844,132.34019470214844,294424
2026-08-11 12:30:00-04:00,132.26499938964844,132.39950561523438,131.8101043701172,131.8800048828125,231446
2026-08-11 12:35:00-04:00,131.8800048828125,132.76609802246094,131.8300018310547,132.76609802246094,214265
2026-08-11 12:40:00-04:00,132.72479248046875,132.8000030517578,132.0,132.1201934814453,156281
2026-08-11 12:45:00-04:00,132.09500122070312,132.09500122070312,131.27999877929688,131.71499633789062,409742
2026-08-11 12:50:00-04:00,131.69239807128906,131.86000061035156,131.5399932861328,131.74049377441406,109680
2026-08-11 12:55:00-04:00,131.7899932861328,131.88999938964844,131.36000061035156,131.4375,138820
2026-08-11 13:00:00-04:00,131.4199981689453,131.58999633789062,130.7830047607422,130.8000030517578,393212
2026-08-11 13:05:00-04:00,130.77999877929688,131.3000030517578,130.63999938964844,131.03289794921875,289091
2026-08-11 13:10:00-04:00,130.94000244140625,130.94000244140625,130.1800994873047,130.22999572753906,358409
2026-08-11 13:15:00-04:00,130.22000122070312,131.0,130.07000732421875,130.80499267578125,415818
2026-08-11 13:20:00-04:00,130.8300018310547,131.11000061035156,130.3699951171875,130.60000610351562,295427
2026-08-11 13:25:00-04:00,130.6199951171875,130.9499969482422,130.25999450683594,130.6300048828125,203372
2026-08-11 13:30:00-04:00,130.64999389648438,130.75999450683594,130.16000366210938,130.75,325158
2026-08-11 13:35:00-04:00,130.73500061035156,131.1199951171875,130.48199462890625,130.74000549316406,248710
2026-08-11 13:40:00-04:00,130.74000549316406,131.19920349121094,130.6649932861328,130.91000366210938,192218
2026-08-11 13:45:00-04:00,130.88999938964844,131.33990478515625,130.6999969482422,131.07000732421875,193034
2026-08-11 13:50:00-04:00,131.1199951171875,131.5399932861328,131.05050659179688,131.5399932861328,168144
2026-08-11 13:55:00-04:00,131.52999877929688,131.5511016845703,131.0800018310547,131.2949981689453,166540
2026-08-11 14:00:00-04:00,131.32000732421875,131.75929260253906,131.0,131.6199951171875,192479
2026-08-11 14:05:00-04:00,131.5850067138672,131.6649932861328,130.94000244140625,131.07000732421875,277895
2026-08-11 14:10:00-04:00,131.08380126953125,131.52999877929688,131.02420043945312,131.33999633789062,156867
2026-08-11 14:15:00-04:00,131.37759399414062,131.58999633789062,131.2362060546875,131.3249969482422,134133
2026-08-11 14:20:00-04:00,131.2899932861328,131.3300018310547,130.64999389648438,130.99000549316406,257129
2026-08-11 14:25:00-04:00,130.99000549316406,131.07000732421875,130.05999755859375,130.4311981201172,310723
2026-08-11 14:30:00-04:00,130.4600067138672,130.8699951171875,130.33079528808594,130.8000030517578,185582
2026-08-11 14:35:00-04:00,130.77999877929688,131.10000610351562,130.60240173339844,130.90499877929688,162145
2026-08-11 14:40:00-04:00,130.80999755859375,130.8699951171875,130.30630493164062,130.61000061035156,196946
2026-08-11 14:45:00-04:00,130.59019470214844,131.4698944091797,130.58999633789062,131.4250030517578,255910
2026-08-11 14:50:00-04:00,131.4250030517578,131.6446990966797,131.24420166015625,131.47000122070312,211887
2026-08-11 14:55:00-04:00,131.46499633789062,131.55999755859375,131.02330017089844,131.0850067138672,186527
2026-08-11 15:00:00-04:00,131.08999633789062,131.4600067138672,130.87420654296875,131.17999267578125,215878
2026-08-11 15:05:00-04:00,131.17999267578125,131.17999267578125,130.30999755859375,130.57000732421875,248356
2026-08-11 15:10:00-04:00,130.57000732421875,131.3699951171875,130.5220947265625,131.16000366210938,242268
2026-08-11 15:15:00-04:00,131.16000366210938,131.72000122070312,131.0800018310547,131.3699951171875,234170
2026-08-11 15:20:00-04:00,131.41000366210938,131.6999969482422,131.22279357910156,131.44000244140625,257889
2026-08-11 15:25:00-04:00,131.39390563964844,131.97000122070312,131.1999969482422,131.8800048828125,350819
2026-08-11 15:30:00-04:00,131.8800048828125,132.72500610351562,131.83999633789062,132.30499267578125,1222474
2026-08-11 15:35:00-04:00,132.36000061035156,132.89999389648438,132.06649780273438,132.8300018310547,443150
2026-08-11 15:40:00-04:00,132.83999633789062,132.85000610351562,132.0399932861328,132.0850067138672,432332
2026-08-11 15:45:00-04:00,132.11000061035156,132.52999877929688,131.92999267578125,132.29400634765625,525474
2026-08-11 15:50:00-04:00,132.33999633789062,133.4499969482422,132.0,133.30999755859375,977653
2026-08-11 15:55:00-04:00,133.30999755859375,133.6199951171875,132.91000366210938,133.07000732421875,1381542
2026-08-12 09:30:00-04:00,147.3000030517578,147.6999969482422,144.1699981689453,144.27000427246094,14749714
2026-08-12 09:35:00-04:00,144.27000427246094,145.80999755859375,142.63999938964844,143.86500549316406,1963587
2026-08-12 09:40:00-04:00,143.89089965820312,144.94000244140625,142.8699951171875,144.86000061035156,1887925
2026-08-12 09:45:00-04:00,144.8699951171875,146.91990661621094,143.65499877929688,146.72500610351562,2055875
2026-08-12 09:50:00-04:00,146.6999969482422,147.05780029296875,145.0500030517578,145.55499267578125,1624011
2026-08-12 09:55:00-04:00,145.60000610351562,146.13999938964844,144.03199768066406,145.7899932861328,1337775
2026-08-12 10:00:00-04:00,145.73500061035156,145.9600067138672,144.6199951171875,144.84500122070312,668958
2026-08-12 10:05:00-04:00,144.82000732421875,145.99000549316406,144.4586944580078,145.86000061035156,704386
2026-08-12 10:10:00-04:00,145.82000732421875,146.32949829101562,144.6999969482422,144.8813018798828,841226
2026-08-12 10:15:00-04:00,144.8699951171875,146.08999633789062,144.7449951171875,145.10000610351562,525456
2026-08-12 10:20:00-04:00,145.08250427246094,146.00999450683594,144.69500732421875,145.98500061035156,604657
2026-08-12 10:25:00-04:00,145.96859741210938,146.8000030517578,145.71958923339844,146.0,794117
2026-08-12 10:30:00-04:00,145.99989318847656,146.07000732421875,143.63999938964844,144.6199951171875,1101053
2026-08-12 10:35:00-04:00,144.60000610351562,145.8000030517578,144.10000610351562,145.38499450683594,554210
2026-08-12 10:40:00-04:00,145.4210968017578,145.88999938964844,145.02999877929688,145.88999938964844,487564
2026-08-12 10:45:00-04:00,145.889892578125,146.0,145.47999572753906,145.8000030517578,305802
2026-08-12 10:50:00-04:00,145.7899932861328,145.82000732421875,144.0,144.1571044921875,496387
2026-08-12 10:55:00-04:00,144.19000244140625,144.63760375976562,143.72999572753906,144.375,454629
2026-08-12 11:00:00-04:00,144.30999755859375,144.74560546875,143.6300048828125,144.46499633789062,380950
2026-08-12 11:05:00-04:00,144.46499633789062,145.72000122070312,144.30999755859375,145.3000030517578,489208
2026-08-12 11:10:00-04:00,145.31500244140625,146.08999633789062,144.8699951171875,145.8000030517578,431589
2026-08-12 11:15:00-04:00,145.77999877929688,145.99000549316406,145.3406982421875,145.60499572753906,208099
2026-08-12 11:20:00-04:00,145.66749572753906,145.8000030517578,144.87869262695312,145.05999755859375,216666
2026-08-12 11:25:00-04:00,145.07000732421875,145.64999389648438,144.88999938964844,145.64999389648438,130591
2026-08-12 11:30:00-04:00,145.64999389648438,145.7100067138672,144.42010498046875,144.7899932861328,247053
2026-08-12 11:35:00-04:00,144.75149536132812,145.14999389648438,144.1999969482422,144.30140686035156,255461
2026-08-12 11:40:00-04:00,144.25,144.3957977294922,143.6999969482422,143.84950256347656,429993
2026-08-12 11:45:00-04:00,143.82000732421875,143.97000122070312,143.3000030517578,143.94000244140625,326628
2026-08-12 11:50:00-04:00,143.9149932861328,144.50999450683594,143.67999267578125,144.0500030517578,282217
2026-08-12 11:55:00-04:00,144.02499389648438,144.3372039794922,143.82530212402344,144.27999877929688,159690
2026-08-12 12:00:00-04:00,144.26499938964844,145.11000061035156,144.25,144.86000061035156,329569
2026-08-12 12:05:00-04:00,144.86000061035156,145.27000427246094,144.86000061035156,145.22999572753906,225877
2026-08-12 12:10:00-04:00,145.22999572753906,145.3300018310547,144.92100524902344,145.08999633789062,156965
2026-08-12 12:15:00-04:00,145.10000610351562,145.1999969482422,144.6800994873047,144.77760314941406,155780
2026-08-12 12:20:00-04:00,144.7205047607422,145.47999572753906,144.6699981689453,145.4600067138672,268106
2026-08-12 12:25:00-04:00,145.5,145.5800018310547,144.89999389648438,144.95010375976562,249456
2026-08-12 12:30:00-04:00,145.0010986328125,145.0500030517578,144.42999267578125,144.44000244140625,237405
2026-08-12 12:35:00-04:00,144.42999267578125,145.16000366210938,144.32000732421875,145.1300048828125,221481
2026-08-12 12:40:00-04:00,145.14999389648438,145.33999633789062,144.7100067138672,144.8957977294922,234109
2026-08-12 12:45:00-04:00,144.92999267578125,145.10000610351562,144.80999755859375,144.97000122070312,193830
2026-08-12 12:50:00-04:00,145.0001983642578,145.47999572753906,144.9438934326172,145.41250610351562,246454
2026-08-12 12:55:00-04:00,145.42999267578125,145.47000122070312,145.2279052734375,145.39610290527344,191196
2026-08-12 13:00:00-04:00,145.41000366210938,145.92990112304688,145.40069580078125,145.8730010986328,362409
2026-08-12 13:05:00-04:00,145.9199981689453,145.99000549316406,145.32000732421875,145.42999267578125,284333
2026-08-12 13:10:00-04:00,145.4499969482422,145.4866943359375,145.12890625,145.4304962158203,189812
2026-08-12 13:15:00-04:00,145.47999572753906,145.47999572753906,144.91000366210938,145.42999267578125,140092
2026-08-12 13:20:00-04:00,145.46380615234375,145.67759704589844,145.3300018310547,145.5800018310547,101611
2026-08-12 13:25:00-04:00,145.60000610351562,145.89999389648438,145.52999877929688,145.77000427246094,130480
2026-08-12 13:30:00-04:00,145.8000030517578,145.97999572753906,145.66000366210938,145.80999755859375,119866
2026-08-12 13:35:00-04:00,145.76010131835938,146.3000030517578,145.76010131835938,146.2949981689453,285096
2026-08-12 13:40:00-04:00,146.3000030517578,146.72999572753906,146.22000122070312,146.69000244140625,321885
2026-08-12 13:45:00-04:00,146.63999938964844,146.82000732421875,146.60049438476562,146.77999877929688,221566
2026-08-12 13:50:00-04:00,146.77499389648438,147.10000610351562,146.43499755859375,146.49000549316406,509902
2026-08-12 13:55:00-04:00,146.49530029296875,146.77999877929688,146.46499633789062,146.6699981689453,181476
2026-08-12 14:00:00-04:00,146.67999267578125,146.8000030517578,145.77999877929688,145.86000061035156,344128
2026-08-12 14:05:00-04:00,145.85000610351562,145.97999572753906,145.5,145.7899932861328,321101
2026-08-12 14:10:00-04:00,145.7899932861328,146.3800048828125,145.66009521484375,145.9550018310547,199454
2026-08-12 14:15:00-04:00,145.94000244140625,146.1999969482422,145.86000061035156,146.02999877929688,105795
2026-08-12 14:20:00-04:00,146.00999450683594,146.3157958984375,145.83999633789062,146.3157958984375,87886
2026-08-12 14:25:00-04:00,146.3114013671875,146.4199981689453,145.89999389648438,145.9499969482422,134007
2026-08-12 14:30:00-04:00,145.9583282470703,146.27000427246094,145.85000610351562,145.85000610351562,160066
2026-08-12 14:35:00-04:00,145.86500549316406,146.0399932861328,145.8000030517578,145.8382568359375,105649
2026-08-12 14:40:00-04:00,145.92999267578125,146.40020751953125,145.91000366210938,145.96499633789062,124208
2026-08-12 14:45:00-04:00,145.94000244140625,145.96499633789062,145.5500030517578,145.71499633789062,164715
2026-08-12 14:50:00-04:00,145.74659729003906,145.89999389648438,145.58999633789062,145.6300048828125,107828
2026-08-12 14:55:00-04:00,145.61000061035156,145.631103515625,145.0,145.2949981689453,289456
2026-08-12 15:00:00-04:00,145.2899932861328,145.69850158691406,144.8800048828125,144.9949951171875,214118
2026-08-12 15:05:00-04:00,144.94500732421875,145.518798828125,144.89999389648438,144.9600067138672,259266
2026-08-12 15:10:00-04:00,144.93890380859375,145.14999389648438,144.6663055419922,144.9698944091797,228611
2026-08-12 15:15:00-04:00,144.9199981689453,145.67759704589844,144.91000366210938,145.25999450683594,419919
2026-08-12 15:20:00-04:00,145.24000549316406,145.2841033935547,144.10000610351562,144.13499450683594,476573
2026-08-12 15:25:00-04:00,144.1531982421875,144.35000610351562,143.47000122070312,143.85000610351562,605360
2026-08-12 15:30:00-04:00,143.82000732421875,143.82000732421875,142.6699981689453,143.3800048828125,2208296
2026-08-12 15:35:00-04:00,143.38380432128906,143.6999969482422,142.88999938964844,143.2100067138672,656679
2026-08-12 15:40:00-04:00,143.3000030517578,143.4429931640625,142.3000030517578,142.64950561523438,817306
2026-08-12 15:45:00-04:00,142.61000061035156,143.4499969482422,142.58999633789062,143.3520050048828,776644
2026-08-12 15:50:00-04:00,143.30999755859375,143.5,142.6300048828125,142.99000549316406,1133624
2026-08-12 15:55:00-04:00,143.0,143.0399932861328,141.8939971923828,142.22999572753906,2350697
2026-08-13 09:30:00-04:00,142.16000366210938,144.3199005126953,141.83999633789062,144.20069885253906,7992513
2026-08-13 09:35:00-04:00,144.21499633789062,146.8000030517578,143.74000549316406,146.52999877929688,1885609
2026-08-13 09:40:00-04:00,146.5399932861328,146.8000030517578,144.89999389648438,145.53990173339844,964146
2026-08-13 09:45:00-04:00,145.5050048828125,148.5800018310547,145.1999969482422,148.3865966796875,1737077
2026-08-13 09:50:00-04:00,148.32000732421875,149.0,147.30999755859375,148.25,1129226
2026-08-13 09:55:00-04:00,148.27999877929688,149.89999389648438,147.58279418945312,149.7550048828125,1496060
2026-08-13 10:00:00-04:00,149.74000549316406,149.88999938964844,148.7100067138672,149.47950744628906,1504326
2026-08-13 10:05:00-04:00,149.39320373535156,149.8800048828125,148.41000366210938,148.97999572753906,889546
2026-08-13 10:10:00-04:00,148.98500061035156,150.0,148.85000610351562,149.51499938964844,1170147
2026-08-13 10:15:00-04:00,149.5800018310547,150.0,148.61000061035156,148.64999389648438,723212
2026-08-13 10:20:00-04:00,148.67660522460938,149.75999450683594,148.22000122070312,149.39999389648438,778007
2026-08-13 10:25:00-04:00,149.47000122070312,150.91000366210938,149.10000610351562,150.7100067138672,985235
2026-08-13 10:30:00-04:00,150.6999969482422,151.7996063232422,150.46859741210938,151.72500610351562,976006
2026-08-13 10:35:00-04:00,151.74000549316406,151.9199981689453,150.80999755859375,151.7050018310547,674728
2026-08-13 10:40:00-04:00,151.7100067138672,151.8000030517578,151.1781005859375,151.3300018310547,456359
2026-08-13 10:45:00-04:00,151.3000030517578,152.0,150.77999877929688,151.49000549316406,753926
2026-08-13 10:50:00-04:00,151.49000549316406,151.8300018310547,151.07249450683594,151.8000030517578,429478
2026-08-13 10:55:00-04:00,151.7227020263672,151.85000610351562,150.97000122070312,151.33999633789062,490055
2026-08-13 11:00:00-04:00,151.3699951171875,152.86000061035156,151.10000610351562,151.72999572753906,1012870
2026-08-13 11:05:00-04:00,151.74000549316406,152.87159729003906,151.74000549316406,152.57000732421875,486992
2026-08-13 11:10:00-04:00,152.57969665527344,153.64999389648438,152.3000030517578,152.89999389648438,800768
2026-08-13 11:15:00-04:00,152.88999938964844,153.25,152.1999969482422,152.9600067138672,635383
2026-08-13 11:20:00-04:00,152.9550018310547,154.12989807128906,152.86000061035156,153.80999755859375,887828
2026-08-13 11:25:00-04:00,153.80999755859375,154.04989624023438,152.99000549316406,153.0500030517578,606095
2026-08-13 11:30:00-04:00,153.0800018310547,153.35000610351562,150.66000366210938,150.74380493164062,1163095
2026-08-13 11:35:00-04:00,150.72000122070312,151.7017059326172,149.88999938964844,150.8000030517578,1082375
2026-08-13 11:40:00-04:00,150.81500244140625,151.74960327148438,150.27000427246094,151.05499267578125,568450
2026-08-13 11:45:00-04:00,151.0500030517578,151.0500030517578,149.6300048828125,150.13999938964844,674819
2026-08-13 11:50:00-04:00,150.19000244140625,150.39999389648438,148.72999572753906,149.11000061035156,732797
2026-08-13 11:55:00-04:00,149.1199951171875,150.22000122070312,148.97999572753906,149.6999969482422,459419
2026-08-13 12:00:00-04:00,149.71800231933594,151.25,149.6699981689453,150.80999755859375,563670
2026-08-13 12:05:00-04:00,150.83009338378906,151.97000122070312,150.82000732421875,151.6199951171875,370657
2026-08-13 12:10:00-04:00,151.58999633789062,151.75,150.49000549316406,150.5749969482422,293262
2026-08-13 12:15:00-04:00,150.56500244140625,151.4499969482422,150.5540008544922,150.84860229492188,216013
2026-08-13 12:20:00-04:00,150.8979949951172,152.0,150.61000061035156,151.83990478515625,285763
2026-08-13 12:25:00-04:00,151.83999633789062,152.44749450683594,151.80499267578125,152.25,320434
2026-08-13 12:30:00-04:00,152.3000030517578,152.8800048828125,152.27499389648438,152.36839294433594,292751
2026-08-13 12:35:00-04:00,152.35000610351562,152.4615020751953,151.19000244140625,151.50010681152344,313996
2026-08-13 12:40:00-04:00,151.60609436035156,152.1300048828125,151.34500122070312,151.7949981689453,176020
2026-08-13 12:45:00-04:00,151.7725067138672,152.0,151.625,151.77000427246094,134423
2026-08-13 12:50:00-04:00,151.77000427246094,152.0,151.0,151.00599670410156,217572
2026-08-13 12:55:00-04:00,151.0,151.75,150.82000732421875,151.71929931640625,155050
2026-08-13 13:00:00-04:00,151.6999969482422,152.67999267578125,151.6074981689453,152.5399932861328,246117
2026-08-13 13:05:00-04:00,152.52999877929688,152.97999572753906,152.4199981689453,152.77999877929688,256782
2026-08-13 13:10:00-04:00,152.77999877929688,152.94500732421875,152.61000061035156,152.72000122070312,194708
2026-08-13 13:15:00-04:00,152.6999969482422,153.5,152.63999938964844,153.4600067138672,483200
2026-08-13 13:20:00-04:00,153.4604949951172,153.56410217285156,153.09500122070312,153.1999969482422,243252
2026-08-13 13:25:00-04:00,153.22999572753906,153.39999389648438,152.91000366210938,152.9600067138672,179104
2026-08-13 13:30:00-04:00,152.9600067138672,153.19949340820312,152.8105010986328,152.89999389648438,134148
2026-08-13 13:35:00-04:00,152.8800048828125,153.0800018310547,152.63999938964844,152.82000732421875,136776
2026-08-13 13:40:00-04:00,152.8300018310547,153.02999877929688,152.47999572753906,152.52000427246094,140429
2026-08-13 13:45:00-04:00,152.52000427246094,152.8699951171875,152.49000549316406,152.5449981689453,126472
2026-08-13 13:50:00-04:00,152.55999755859375,152.74000549316406,151.72999572753906,151.9011993408203,228698
2026-08-13 13:55:00-04:00,151.83999633789062,152.3300018310547,151.8000030517578,151.81649780273438,189674
2026-08-13 14:00:00-04:00,151.85000610351562,152.07000732421875,151.52000427246094,151.75,168625
2026-08-13 14:05:00-04:00,151.75,152.0,151.14999389648438,151.3258056640625,190808
2026-08-13 14:10:00-04:00,151.27999877929688,151.4149932861328,150.88999938964844,150.94000244140625,206638
2026-08-13 14:15:00-04:00,150.94500732421875,151.4550018310547,150.92999267578125,150.97000122070312,175232
2026-08-13 14:20:00-04:00,150.97999572753906,151.25999450683594,150.6199951171875,150.69500732421875,170166
2026-08-13 14:25:00-04:00,150.7050018310547,151.1300048828125,150.61500549316406,150.8800048828125,158614
2026-08-13 14:30:00-04:00,150.89999389648438,151.5,150.7899932861328,151.0399932861328,304285
2026-08-13 14:35:00-04:00,151.10000610351562,151.1199951171875,150.60000610351562,150.60000610351562,184003
2026-08-13 14:40:00-04:00,150.60000610351562,150.72500610351562,149.66000366210938,149.8249969482422,358003
2026-08-13 14:45:00-04:00,149.8300018310547,150.7899932861328,149.66000366210938,150.30999755859375,307428
2026-08-13 14:50:00-04:00,150.35000610351562,150.5,150.0,150.0500030517578,333110
2026-08-13 14:55:00-04:00,150.08009338378906,150.25,149.72000122070312,150.13999938964844,241363
2026-08-13 15:00:00-04:00,150.0800018310547,150.77000427246094,149.22999572753906,149.31500244140625,325225
2026-08-13 15:05:00-04:00,149.31500244140625,149.97000122070312,149.07000732421875,149.5500030517578,275055
2026-08-13 15:10:00-04:00,149.5500030517578,149.60000610351562,148.3699951171875,148.42999267578125,529259
2026-08-13 15:15:00-04:00,148.42999267578125,148.8800048828125,147.66000366210938,148.8551025390625,711185
2026-08-13 15:20:00-04:00,148.86000061035156,148.9199981689453,147.88999938964844,147.89999389648438,359620
2026-08-13 15:25:00-04:00,147.8800048828125,147.9600067138672,147.13999938964844,147.2899932861328,495406
2026-08-13 15:30:00-04:00,147.27999877929688,147.35000610351562,146.02999877929688,146.38839721679688,1467054
2026-08-13 15:35:00-04:00,146.32000732421875,146.80999755859375,145.94000244140625,146.36000061035156,682132
2026-08-13 15:40:00-04:00,146.38999938964844,146.547607421875,145.25,145.3699951171875,770128
2026-08-13 15:45:00-04:00,145.3199005126953,145.80990600585938,145.13999938964844,145.5399932861328,654092
2026-08-13 15:50:00-04:00,145.52999877929688,145.6199951171875,144.5800018310547,144.77000427246094,1200630
2026-08-13 15:55:00-04:00,144.83999633789062,145.49000549316406,144.13999938964844,145.49000549316406,1488055
2026-08-14 09:30:00-04:00,143.7899932861328,145.0,142.1199951171875,142.177001953125,7039311
2026-08-14 09:35:00-04:00,142.11000061035156,143.60000610351562,141.36000061035156,143.5449981689453,1434557
2026-08-14 09:40:00-04:00,143.58999633789062,146.0,143.22999572753906,145.82000732421875,1573280
2026-08-14 09:45:00-04:00,145.75,146.22000122070312,144.1999969482422,144.77200317382812,1540331
2026-08-14 09:50:00-04:00,144.8000030517578,146.1999969482422,144.5500946044922,145.3800048828125,851037
2026-08-14 09:55:00-04:00,145.42999267578125,145.7899932861328,143.72999572753906,144.16000366210938,730353
2026-08-14 10:00:00-04:00,143.91000366210938,145.7899932861328,143.14999389648438,145.72000122070312,727483
2026-08-14 10:05:00-04:00,145.64999389648438,146.64999389648438,144.75,145.5,871766
2026-08-14 10:10:00-04:00,145.49000549316406,146.47999572753906,144.9600067138672,145.6999969482422,631743
2026-08-14 10:15:00-04:00,145.6699981689453,145.89999389648438,143.07000732421875,143.15499877929688,1088883
2026-08-14 10:20:00-04:00,143.13499450683594,143.9499969482422,142.1300048828125,142.4741973876953,1067510
2026-08-14 10:25:00-04:00,142.52999877929688,143.3000030517578,141.9499969482422,143.139892578125,842109
2026-08-14 10:30:00-04:00,143.13999938964844,143.75,142.0500030517578,143.49789428710938,687835
2026-08-14 10:35:00-04:00,143.5,144.9199981689453,143.4199981689453,144.64500427246094,656506
2026-08-14 10:40:00-04:00,144.60000610351562,144.97999572753906,143.86000061035156,144.75,328653
2026-08-14 10:45:00-04:00,144.77999877929688,144.9600067138672,143.83999633789062,144.03500366210938,372098
2026-08-14 10:50:00-04:00,144.02499389648438,144.60000610351562,143.75999450683594,144.0281982421875,300821
2026-08-14 10:55:00-04:00,143.9199981689453,144.27999877929688,143.3820037841797,143.4199981689453,289141
2026-08-14 11:00:00-04:00,143.39500427246094,143.8300018310547,142.5970001220703,142.8957977294922,464699
2026-08-14 11:05:00-04:00,142.89500427246094,143.24000549316406,142.3800048828125,142.61000061035156,365553
2026-08-14 11:10:00-04:00,142.64999389648438,143.10000610351562,142.0,142.00999450683594,424359
2026-08-14 11:15:00-04:00,142.0,142.58999633789062,141.92010498046875,142.0500030517578,387028
2026-08-14 11:20:00-04:00,142.07000732421875,142.21560668945312,139.27000427246094,139.50999450683594,1315317
2026-08-14 11:25:00-04:00,139.52000427246094,141.1300048828125,138.9199981689453,140.96530151367188,1070212
2026-08-14 11:30:00-04:00,140.97999572753906,141.1300048828125,139.93280029296875,140.35000610351562,487999
2026-08-14 11:35:00-04:00,140.3780059814453,140.7449951171875,139.8300018310547,139.92999267578125,325729
2026-08-14 11:40:00-04:00,140.0,140.02499389648438,138.89999389648438,139.63760375976562,544440
2026-08-14 11:45:00-04:00,139.625,140.3000030517578,139.0,139.3800048828125,452817
2026-08-14 11:50:00-04:00,139.3800048828125,140.2335968017578,138.9600067138672,139.98500061035156,347932
2026-08-14 11:55:00-04:00,139.97000122070312,140.71640014648438,139.89999389648438,140.26910400390625,408033
2026-08-14 12:00:00-04:00,140.30999755859375,141.1999969482422,140.28500366210938,140.8699951171875,374112
2026-08-14 12:05:00-04:00,140.85000610351562,141.0,140.33999633789062,140.6011962890625,232257
2026-08-14 12:10:00-04:00,140.60000610351562,141.39999389648438,140.35000610351562,141.22000122070312,247477
2026-08-14 12:15:00-04:00,141.1999969482422,141.77999877929688,141.19500732421875,141.6750030517578,317304
2026-08-14 12:20:00-04:00,141.6562042236328,141.91000366210938,141.39999389648438,141.88499450683594,200131
2026-08-14 12:25:00-04:00,141.86000061035156,142.25999450683594,141.76060485839844,141.9600067138672,293346
2026-08-14 12:30:00-04:00,141.92999267578125,142.03990173339844,140.85000610351562,141.2707061767578,340674
2026-08-14 12:35:00-04:00,141.3000030517578,142.2100067138672,141.1699981689453,141.52999877929688,298010
2026-08-14 12:40:00-04:00,141.47999572753906,141.58999633789062,140.95889282226562,141.18479919433594,169670
2026-08-14 12:45:00-04:00,141.1999969482422,141.58580017089844,140.9781036376953,141.52499389648438,170756
2026-08-14 12:50:00-04:00,141.4738006591797,141.48550415039062,140.610107421875,140.88999938964844,167810
2026-08-14 12:55:00-04:00,140.8800048828125,141.0677947998047,140.5800018310547,140.67999267578125,153595
2026-08-14 13:00:00-04:00,140.6699981689453,141.0500030517578,140.4600067138672,140.88670349121094,159114
2026-08-14 13:05:00-04:00,140.91200256347656,141.4196014404297,140.73829650878906,141.30999755859375,175743
2026-08-14 13:10:00-04:00,141.36990356445312,141.49000549316406,140.6999969482422,140.82960510253906,124800
2026-08-14 13:15:00-04:00,140.82000732421875,141.02000427246094,140.5,140.8000030517578,96364
2026-08-14 13:20:00-04:00,140.80999755859375,140.9499969482422,140.010498046875,140.0800018310547,203735
2026-08-14 13:25:00-04:00,140.05999755859375,140.3000030517578,139.8000030517578,140.25140380859375,217451
2026-08-14 13:30:00-04:00,140.30999755859375,140.60000610351562,140.0312957763672,140.52999877929688,126396
2026-08-14 13:35:00-04:00,140.49000549316406,140.8300018310547,139.91000366210938,140.11000061035156,160011
2026-08-14 13:40:00-04:00,140.0,140.36000061035156,139.8000030517578,140.11000061035156,122950
2026-08-14 13:45:00-04:00,140.13999938964844,140.28140258789062,139.97999572753906,140.0,83611
2026-08-14 13:50:00-04:00,139.97000122070312,140.4199981689453,139.80999755859375,140.2899932861328,131064
2026-08-14 13:55:00-04:00,140.28500366210938,140.5399932861328,140.02999877929688,140.39999389648438,115691
2026-08-14 14:00:00-04:00,140.4199981689453,140.92999267578125,140.16000366210938,140.8800048828125,152946
2026-08-14 14:05:00-04:00,140.86500549316406,141.25,140.70010375976562,141.2449951171875,212600
2026-08-14 14:10:00-04:00,141.24000549316406,141.3000030517578,140.72000122070312,140.75999450683594,154171
2026-08-14 14:15:00-04:00,140.77999877929688,141.2299041748047,140.75999450683594,140.9250030517578,86637
2026-08-14 14:20:00-04:00,140.91000366210938,141.10000610351562,140.74000549316406,140.8300018310547,80981
2026-08-14 14:25:00-04:00,140.77999877929688,141.24000549316406,140.77999877929688,140.80999755859375,117466
2026-08-14 14:30:00-04:00,140.8000030517578,141.22000122070312,140.57000732421875,141.22000122070312,188444
2026-08-14 14:35:00-04:00,141.22000122070312,141.4600067138672,140.9499969482422,141.44000244140625,159177
2026-08-14 14:40:00-04:00,141.4199981689453,141.86000061035156,141.3699951171875,141.75999450683594,272425
2026-08-14 14:45:00-04:00,141.7449951171875,141.7899932861328,141.3300018310547,141.6199951171875,164814
2026-08-14 14:50:00-04:00,141.6199951171875,142.2657928466797,141.52999877929688,141.71499633789062,306195
2026-08-14 14:55:00-04:00,141.6699981689453,141.6999969482422,141.41749572753906,141.4600067138672,99724
2026-08-14 15:00:00-04:00,141.49000549316406,141.6566925048828,141.25,141.5500946044922,150868
2026-08-14 15:05:00-04:00,141.61990356445312,142.42469787597656,141.57000732421875,142.3699951171875,306879
2026-08-14 15:10:00-04:00,142.3699951171875,142.52000427246094,141.9499969482422,142.1199951171875,412205
2026-08-14 15:15:00-04:00,142.11500549316406,142.75,142.07000732421875,142.5500030517578,418835
2026-08-14 15:20:00-04:00,142.58999633789062,143.0,142.39999389648438,142.90499877929688,511940
2026-08-14 15:25:00-04:00,142.90699768066406,143.63999938964844,142.8000030517578,143.17999267578125,648860
2026-08-14 15:30:00-04:00,143.19000244140625,143.6300048828125,142.8000030517578,143.08999633789062,1980210
2026-08-14 15:35:00-04:00,143.0749969482422,143.80999755859375,143.0,143.6999969482422,579634
2026-08-14 15:40:00-04:00,143.74000549316406,144.30999755859375,143.61000061035156,143.61500549316406,822781
2026-08-14 15:45:00-04:00,143.69000244140625,144.14990234375,143.3000030517578,144.10000610351562,636797
2026-08-14 15:50:00-04:00,144.07000732421875,144.5399932861328,144.05999755859375,144.3737030029297,1208595
2026-08-14 15:55:00-04:00,144.4199981689453,145.17999267578125,143.85000610351562,145.0,1513156
2026-08-17 09:30:00-04:00,150.60499572753906,152.74000549316406,150.00999450683594,150.94569396972656,7711509
2026-08-17 09:35:00-04:00,150.9499969482422,151.9199981689453,148.89999389648438,149.75999450683594,1076865
2026-08-17 09:40:00-04:00,149.69000244140625,152.60000610351562,149.60000610351562,152.2899932861328,1082382
2026-08-17 09:45:00-04:00,152.2899932861328,153.0800018310547,151.2480926513672,153.07949829101562,1133889
2026-08-17 09:50:00-04:00,153.02239990234375,153.8699951171875,152.4425048828125,153.1112060546875,977619
2026-08-17 09:55:00-04:00,153.17999267578125,153.66000366210938,152.46499633789062,153.3000030517578,609217
2026-08-17 10:00:00-04:00,153.34039306640625,153.47000122070312,151.75999450683594,152.4499969482422,663901
2026-08-17 10:05:00-04:00,152.5,152.8000030517578,151.24000549316406,152.28939819335938,609886
2026-08-17 10:10:00-04:00,152.32000732421875,153.10000610351562,152.25999450683594,152.94000244140625,557164
2026-08-17 10:15:00-04:00,152.89999389648438,152.89999389648438,151.16000366210938,151.42999267578125,542851
2026-08-17 10:20:00-04:00,151.47500610351562,152.4248046875,151.01829528808594,152.1199951171875,479652
2026-08-17 10:25:00-04:00,152.1300048828125,152.89999389648438,151.86000061035156,152.8000030517578,421439
2026-08-17 10:30:00-04:00,152.83999633789062,153.2967987060547,152.5800018310547,153.13999938964844,466424
2026-08-17 10:35:00-04:00,153.19000244140625,153.25,152.60000610351562,153.0,347266
2026-08-17 10:40:00-04:00,152.98500061035156,153.5500030517578,152.7899932861328,153.25999450683594,386911
2026-08-17 10:45:00-04:00,153.375,154.6999969482422,153.36000061035156,154.09800720214844,918364
2026-08-17 10:50:00-04:00,154.0800018310547,154.97999572753906,154.0800018310547,154.34010314941406,616213
2026-08-17 10:55:00-04:00,154.39999389648438,155.47999572753906,154.3699951171875,155.4600067138672,806032
2026-08-17 11:00:00-04:00,155.47000122070312,156.57000732421875,155.02999877929688,156.34010314941406,745504
2026-08-17 11:05:00-04:00,156.36000061035156,156.9241943359375,155.8000030517578,155.8800048828125,817513
2026-08-17 11:10:00-04:00,155.88800048828125,156.49000549316406,155.42999267578125,155.47000122070312,411565
2026-08-17 11:15:00-04:00,155.47999572753906,156.22999572753906,155.32000732421875,156.08999633789062,287244
2026-08-17 11:20:00-04:00,156.10000610351562,156.51950073242188,155.92129516601562,156.3699951171875,245197
2026-08-17 11:25:00-04:00,156.36000061035156,156.5800018310547,155.6199951171875,156.25,358400
2026-08-17 11:30:00-04:00,156.27000427246094,156.3699951171875,155.8000030517578,155.8459930419922,205546
2026-08-17 11:35:00-04:00,155.88999938964844,156.07989501953125,154.85000610351562,154.89999389648438,441447
2026-08-17 11:40:00-04:00,154.91990661621094,155.5637969970703,154.62620544433594,155.26499938964844,315913
2026-08-17 11:45:00-04:00,155.25999450683594,155.74000549316406,155.10000610351562,155.26510620117188,237249
2026-08-17 11:50:00-04:00,155.33999633789062,156.22999572753906,155.12069702148438,156.02000427246094,312728
2026-08-17 11:55:00-04:00,156.00750732421875,156.25,155.77999877929688,156.12049865722656,253852
2026-08-17 12:00:00-04:00,156.1649932861328,156.2899932861328,155.63999938964844,155.8800048828125,189209
2026-08-17 12:05:00-04:00,155.8988037109375,156.1199951171875,155.3000030517578,155.69000244140625,200197
2026-08-17 12:10:00-04:00,155.71859741210938,155.75999450683594,154.97999572753906,155.00999450683594,188235
2026-08-17 12:15:00-04:00,154.97000122070312,155.61000061035156,154.85000610351562,155.50999450683594,166801
2026-08-17 12:20:00-04:00,155.5800018310547,155.77000427246094,155.43099975585938,155.49000549316406,123301
2026-08-17 12:25:00-04:00,155.49000549316406,155.83999633789062,155.39999389648438,155.52999877929688,112570
2026-08-17 12:30:00-04:00,155.53500366210938,155.60000610351562,154.8800048828125,155.13499450683594,153842
2026-08-17 12:35:00-04:00,155.13999938964844,155.39999389648438,154.9158935546875,155.34500122070312,149567
2026-08-17 12:40:00-04:00,155.34500122070312,155.53900146484375,155.1300048828125,155.2899932861328,122419
2026-08-17 12:45:00-04:00,155.27000427246094,155.4600067138672,154.99000549316406,155.3760986328125,261775
2026-08-17 12:50:00-04:00,155.38999938964844,155.8000030517578,155.14010620117188,155.77999877929688,141606
2026-08-17 12:55:00-04:00,155.79469299316406,155.99000549316406,155.58999633789062,155.9199981689453,163888
2026-08-17 13:00:00-04:00,155.89999389648438,156.0,155.61000061035156,155.61000061035156,123102
2026-08-17 13:05:00-04:00,155.63999938964844,155.6945037841797,154.9499969482422,155.0399932861328,180209
2026-08-17 13:10:00-04:00,155.07000732421875,155.14999389648438,153.72000122070312,153.72019958496094,353610
2026-08-17 13:15:00-04:00,153.74000549316406,154.2550048828125,153.41009521484375,153.86000061035156,333184
2026-08-17 13:20:00-04:00,153.81239318847656,153.9199981689453,152.67750549316406,153.22999572753906,391053
2026-08-17 13:25:00-04:00,153.2100067138672,153.6300048828125,152.83790588378906,152.94000244140625,274295
2026-08-17 13:30:00-04:00,152.9127960205078,153.5,152.84010314941406,152.9499969482422,195071
2026-08-17 13:35:00-04:00,152.9967041015625,153.39999389648438,152.77890014648438,152.90150451660156,278788
2026-08-17 13:40:00-04:00,152.9199981689453,154.1199951171875,152.75999450683594,154.02239990234375,312006
2026-08-17 13:45:00-04:00,154.0500030517578,154.2393035888672,153.85000610351562,154.0749969482422,167641
2026-08-17 13:50:00-04:00,154.0500030517578,154.4499969482422,154.0500030517578,154.25,119514
2026-08-17 13:55:00-04:00,154.26010131835938,154.4600067138672,154.0,154.25999450683594,126984
2026-08-17 14:00:00-04:00,154.27000427246094,154.58309936523438,153.625,153.75999450683594,205739
2026-08-17 14:05:00-04:00,153.7449951171875,153.7449951171875,152.63999938964844,152.8350067138672,337454
2026-08-17 14:10:00-04:00,152.82000732421875,153.19000244140625,152.13999938964844,153.0861053466797,383194
2026-08-17 14:15:00-04:00,153.08839416503906,153.14999389648438,152.61000061035156,152.7393035888672,149082
2026-08-17 14:20:00-04:00,152.69000244140625,153.1199951171875,152.50999450683594,153.10000610351562,148909
2026-08-17 14:25:00-04:00,153.10000610351562,153.44000244140625,152.8300018310547,153.17999267578125,132712
2026-08-17 14:30:00-04:00,153.22000122070312,153.36990356445312,152.88999938964844,152.94000244140625,103854
2026-08-17 14:35:00-04:00,152.9199981689453,153.22000122070312,152.83999633789062,153.22000122070312,105162
2026-08-17 14:40:00-04:00,153.2093048095703,153.85000610351562,153.1199951171875,153.85000610351562,159724
2026-08-17 14:45:00-04:00,153.8350067138672,154.00999450683594,153.5800018310547,153.86000061035156,249881
2026-08-17 14:50:00-04:00,153.86000061035156,154.3780059814453,153.83889770507812,154.22030639648438,196748
2026-08-17 14:55:00-04:00,154.25,154.25999450683594,153.75999450683594,153.92999267578125,211918
2026-08-17 15:00:00-04:00,153.9600067138672,154.0283966064453,152.61160278320312,152.63499450683594,379832
2026-08-17 15:05:00-04:00,152.61000061035156,152.9499053955078,152.0408935546875,152.30999755859375,390328
2026-08-17 15:10:00-04:00,152.25,152.5,151.2100067138672,151.2115936279297,508596
2026-08-17 15:15:00-04:00,151.24000549316406,152.0,151.0500030517578,151.05499267578125,460934
2026-08-17 15:20:00-04:00,151.0500030517578,151.52000427246094,150.66000366210938,151.47999572753906,515072
2026-08-17 15:25:00-04:00,151.4499969482422,151.83999633789062,150.80999755859375,150.80999755859375,666500
2026-08-17 15:30:00-04:00,150.8000030517578,152.24000549316406,150.64999389648438,152.00999450683594,1917373
2026-08-17 15:35:00-04:00,152.0050048828125,152.92849731445312,151.97000122070312,152.906005859375,704501
2026-08-17 15:40:00-04:00,152.91000366210938,152.99000549316406,152.10000610351562,152.25999450683594,801600
2026-08-17 15:45:00-04:00,152.27999877929688,152.86599731445312,152.27999877929688,152.72000122070312,598599
2026-08-17 15:50:00-04:00,152.77000427246094,152.97000122070312,152.07000732421875,152.10000610351562,1200801
2026-08-17 15:55:00-04:00,152.10000610351562,152.10020446777344,150.92999267578125,151.56649780273438,1731688
2026-08-18 09:30:00-04:00,136.08999633789062,137.60000610351562,133.510498046875,134.9600067138672,14796815
2026-08-18 09:35:00-04:00,134.9199981689453,135.97999572753906,134.02000427246094,134.9600067138672,2026607
2026-08-18 09:40:00-04:00,134.82000732421875,135.75,132.27149963378906,132.27200317382812,2201429
2026-08-18 09:45:00-04:00,132.27999877929688,132.5780029296875,130.60000610351562,130.80499267578125,2670812
2026-08-18 09:50:00-04:00,130.7700958251953,131.69000244140625,129.2100067138672,129.32000732421875,2530286
2026-08-18 09:55:00-04:00,129.32000732421875,131.125,128.49000549316406,130.3800048828125,2009857
2026-08-18 10:00:00-04:00,130.4199981689453,131.74000549316406,129.11000061035156,130.57589721679688,1576759
2026-08-18 10:05:00-04:00,130.6300048828125,130.74000549316406,128.89999389648438,128.93209838867188,1430029
2026-08-18 10:10:00-04:00,128.89999389648438,128.89999389648438,126.63999938964844,127.19999694824219,2512326
2026-08-18 10:15:00-04:00,127.13169860839844,129.19000244140625,126.72000122070312,128.3000030517578,1650303
2026-08-18 10:20:00-04:00,128.22999572753906,129.41000366210938,127.5999984741211,128.5500030517578,1026678
2026-08-18 10:25:00-04:00,128.60000610351562,130.5299072265625,128.3300018310547,129.939697265625,1204187
2026-08-18 10:30:00-04:00,129.89999389648438,130.82000732421875,129.0301055908203,129.05349731445312,1002927
2026-08-18 10:35:00-04:00,129.10499572753906,130.13999938964844,128.3800048828125,128.73989868164062,799328
2026-08-18 10:40:00-04:00,128.8300018310547,129.07000732421875,127.05000305175781,127.08999633789062,980367
2026-08-18 10:45:00-04:00,127.06449890136719,127.30000305175781,125.80999755859375,126.12000274658203,1476512
2026-08-18 10:50:00-04:00,126.12999725341797,126.76000213623047,125.20999908447266,125.23500061035156,1089406
2026-08-18 10:55:00-04:00,125.22669982910156,125.42019653320312,123.70999908447266,124.06999969482422,1935806
2026-08-18 11:00:00-04:00,124.06999969482422,125.2699966430664,123.41010284423828,125.05000305175781,1514349
2026-08-18 11:05:00-04:00,125.07499694824219,125.30000305175781,123.0199966430664,123.12989807128906,1200902
2026-08-18 11:10:00-04:00,123.12000274658203,123.95999908447266,122.4000015258789,123.93009948730469,1362903
2026-08-18 11:15:00-04:00,123.95999908447266,124.33999633789062,123.02010345458984,123.05999755859375,867869
2026-08-18 11:20:00-04:00,123.04000091552734,124.9198989868164,122.9000015258789,124.77999877929688,925958
2026-08-18 11:25:00-04:00,124.73999786376953,125.88999938964844,124.33999633789062,125.58899688720703,1012243
2026-08-18 11:30:00-04:00,125.58999633789062,126.69000244140625,125.31999969482422,126.47000122070312,1179016
2026-08-18 11:35:00-04:00,126.4631118774414,126.5199966430664,124.98999786376953,125.05000305175781,801801
2026-08-18 11:40:00-04:00,125.04070281982422,126.5,124.79010009765625,125.94000244140625,595339
2026-08-18 11:45:00-04:00,126.02999877929688,127.05999755859375,126.0,126.66999816894531,674477
2026-08-18 11:50:00-04:00,126.65399932861328,127.30000305175781,125.9800033569336,127.08000183105469,591720
2026-08-18 11:55:00-04:00,127.0999984741211,127.5,126.43000030517578,127.3499984741211,796063
2026-08-18 12:00:00-04:00,127.3499984741211,127.95999908447266,126.93000030517578,126.94999694824219,743424
2026-08-18 12:05:00-04:00,126.93000030517578,127.30000305175781,126.30000305175781,126.75759887695312,474100
2026-08-18 12:10:00-04:00,126.70999908447266,127.27999877929688,126.51010131835938,126.65499877929688,352016
2026-08-18 12:15:00-04:00,126.6500015258789,126.76000213623047,125.70999908447266,125.80850219726562,423156
2026-08-18 12:20:00-04:00,125.8489990234375,126.80000305175781,125.70999908447266,126.25,366365
2026-08-18 12:25:00-04:00,126.20999908447266,126.2699966430664,124.81592559814453,124.87999725341797,489836
2026-08-18 12:30:00-04:00,124.8499984741211,125.91999816894531,124.68499755859375,125.62750244140625,430693
2026-08-18 12:35:00-04:00,125.73999786376953,126.19989776611328,125.43000030517578,125.95500183105469,300248
2026-08-18 12:40:00-04:00,125.91999816894531,126.44999694824219,125.5,125.91000366210938,313473
2026-08-18 12:45:00-04:00,125.91999816894531,127.30000305175781,125.56999969482422,126.9800033569336,521881
2026-08-18 12:50:00-04:00,127.04000091552734,127.44999694824219,126.69999694824219,127.16000366210938,333568
2026-08-18 12:55:00-04:00,127.11499786376953,127.11499786376953,126.19999694824219,126.30000305175781,267087
2026-08-18 13:00:00-04:00,126.30899810791016,126.9800033569336,125.91010284423828,126.62000274658203,292993
2026-08-18 13:05:00-04:00,126.5999984741211,126.80999755859375,125.94000244140625,126.05000305175781,218899
2026-08-18 13:10:00-04:00,126.11000061035156,126.5199966430664,125.56050109863281,126.37999725341797,262575
2026-08-18 13:15:00-04:00,126.41000366210938,126.44999694824219,125.55000305175781,125.55000305175781,240886
2026-08-18 13:20:00-04:00,125.54000091552734,126.16000366210938,125.31999969482422,125.38760375976562,243975
2026-08-18 13:25:00-04:00,125.38999938964844,126.25,125.27999877929688,126.18000030517578,241355
2026-08-18 13:30:00-04:00,126.08000183105469,126.58000183105469,125.9800033569336,126.13768768310547,168692
2026-08-18 13:35:00-04:00,126.0999984741211,126.52999877929688,125.5999984741211,126.27880096435547,219781
2026-08-18 13:40:00-04:00,126.16000366210938,126.45999908447266,125.88050079345703,126.0,121315
2026-08-18 13:45:00-04:00,126.0,126.25,125.25,125.58999633789062,241525
2026-08-18 13:50:00-04:00,125.51589965820312,125.66000366210938,125.26000213623047,125.31749725341797,164114
2026-08-18 13:55:00-04:00,125.2853012084961,125.36000061035156,124.38999938964844,124.4072036743164,587742
2026-08-18 14:00:00-04:00,124.40499877929688,124.9760971069336,124.3499984741211,124.7750015258789,319604
2026-08-18 14:05:00-04:00,124.80000305175781,125.05000305175781,123.5,123.53009796142578,624439
2026-08-18 14:10:00-04:00,123.55500030517578,124.2699966430664,123.19999694824219,124.18009948730469,526530
2026-08-18 14:15:00-04:00,124.22019958496094,125.54000091552734,124.17990112304688,125.51000213623047,547955
2026-08-18 14:20:00-04:00,125.54000091552734,125.66999816894531,124.94999694824219,125.47000122070312,352924
2026-08-18 14:25:00-04:00,125.48999786376953,125.54000091552734,125.0624008178711,125.2699966430664,307415
2026-08-18 14:30:00-04:00,125.2699966430664,125.63999938964844,125.0,125.63999938964844,226758
2026-08-18 14:35:00-04:00,125.6500015258789,126.48999786376953,125.6500015258789,126.43000030517578,484729
2026-08-18 14:40:00-04:00,126.41999816894531,126.44999694824219,125.8499984741211,126.12000274658203,373995
2026-08-18 14:45:00-04:00,126.1500015258789,126.94000244140625,125.96260070800781,126.23999786376953,462384
2026-08-18 14:50:00-04:00,126.19000244140625,126.22850036621094,125.62979888916016,125.62979888916016,377289
2026-08-18 14:55:00-04:00,125.62539672851562,125.9000015258789,125.2239990234375,125.79000091552734,644074
2026-08-18 15:00:00-04:00,125.7699966430664,126.3949966430664,125.35099792480469,125.8499984741211,471450
2026-08-18 15:05:00-04:00,125.87999725341797,126.5,125.62999725341797,126.30999755859375,374731
2026-08-18 15:10:00-04:00,126.31999969482422,126.5,125.75,125.97000122070312,404437
2026-08-18 15:15:00-04:00,125.98999786376953,126.20999908447266,125.43060302734375,125.97940063476562,540249
2026-08-18 15:20:00-04:00,125.9800033569336,126.83999633789062,125.63500213623047,126.80000305175781,750064
2026-08-18 15:25:00-04:00,126.79000091552734,128.02999877929688,126.56009674072266,127.58999633789062,1208425
2026-08-18 15:30:00-04:00,127.55999755859375,127.6500015258789,126.58000183105469,127.0199966430664,3752742
2026-08-18 15:35:00-04:00,127.01000213623047,128.0,126.5999984741211,127.3240966796875,882998
2026-08-18 15:40:00-04:00,127.30999755859375,128.25,126.9749984741211,128.00140380859375,919177
2026-08-18 15:45:00-04:00,128.02499389648438,128.11990356445312,127.42009735107422,127.95999908447266,1019911
2026-08-18 15:50:00-04:00,127.94000244140625,128.75999450683594,126.15039825439453,126.87999725341797,1881003
2026-08-18 15:55:00-04:00,126.9000015258789,129.1300048828125,126.9000015258789,129.0,2622019
2026-08-19 09:30:00-04:00,132.6300048828125,133.74000549316406,130.55999755859375,130.83999633789062,15141132
2026-08-19 09:35:00-04:00,130.94769287109375,130.94769287109375,124.68000030517578,124.79949951171875,2900494
2026-08-19 09:40:00-04:00,124.80000305175781,127.16000366210938,124.11000061035156,126.56999969482422,2167498
2026-08-19 09:45:00-04:00,126.75,127.5199966430664,121.7699966430664,121.8604965209961,2305770
2026-08-19 09:50:00-04:00,121.86029815673828,122.48999786376953,120.05999755859375,120.2300033569336,2919139
2026-08-19 09:55:00-04:00,120.25,122.30000305175781,120.13999938964844,121.83000183105469,1824172
2026-08-19 10:00:00-04:00,121.91000366210938,122.4800033569336,120.19999694824219,120.68000030517578,1431100
2026-08-19 10:05:00-04:00,120.68000030517578,121.88999938964844,119.0,119.4800033569336,2260530
2026-08-19 10:10:00-04:00,119.50499725341797,119.69000244140625,116.83999633789062,117.18000030517578,2263514
2026-08-19 10:15:00-04:00,117.20999908447266,119.27989959716797,117.0,117.58499908447266,1754165
2026-08-19 10:20:00-04:00,117.55999755859375,119.30000305175781,117.06999969482422,118.48899841308594,1408820
2026-08-19 10:25:00-04:00,118.4800033569336,120.77999877929688,118.0,120.75,1638385
2026-08-19 10:30:00-04:00,120.73999786376953,121.61000061035156,120.0,120.80000305175781,1333099
2026-08-19 10:35:00-04:00,120.71499633789062,123.4000015258789,120.26000213623047,123.38999938964844,1524834
2026-08-19 10:40:00-04:00,123.43419647216797,123.55000305175781,121.5,122.47579956054688,1259086
2026-08-19 10:45:00-04:00,122.48999786376953,122.5,120.30010223388672,120.73999786376953,929166
2026-08-19 10:50:00-04:00,120.77999877929688,122.19000244140625,120.25,122.0,738473
2026-08-19 10:55:00-04:00,122.0,122.91999816894531,121.5,122.86000061035156,665955
2026-08-19 11:00:00-04:00,122.85009765625,122.8635025024414,121.0,121.0000991821289,595233
2026-08-19 11:05:00-04:00,121.0,121.80000305175781,120.41000366210938,121.0250015258789,593604
2026-08-19 11:10:00-04:00,120.99500274658203,122.63999938964844,120.99500274658203,122.4801025390625,507603
2026-08-19 11:15:00-04:00,122.5,122.69999694824219,121.6500015258789,122.31999969482422,414279
2026-08-19 11:20:00-04:00,122.33000183105469,122.82990264892578,122.08000183105469,122.10199737548828,311732
2026-08-19 11:25:00-04:00,122.0999984741211,122.80000305175781,121.70845031738281,122.51000213623047,374451
2026-08-19 11:30:00-04:00,122.48999786376953,122.62999725341797,121.5,121.58999633789062,303329
2026-08-19 11:35:00-04:00,121.62000274658203,122.14939880371094,121.30999755859375,121.55999755859375,293046
2026-08-19 11:40:00-04:00,121.54000091552734,122.27999877929688,120.6500015258789,122.19999694824219,458503
2026-08-19 11:45:00-04:00,122.19000244140625,122.19999694824219,121.20999908447266,121.20999908447266,234286
2026-08-19 11:50:00-04:00,121.2699966430664,121.5636978149414,120.55999755859375,120.76000213623047,384244
2026-08-19 11:55:00-04:00,120.76000213623047,121.9000015258789,120.6500015258789,121.88999938964844,255222
2026-08-19 12:00:00-04:00,121.87000274658203,123.12000274658203,121.20500183105469,122.9175033569336,584584
2026-08-19 12:05:00-04:00,122.9000015258789,123.6500015258789,122.61519622802734,123.61799621582031,529561
2026-08-19 12:10:00-04:00,123.62999725341797,123.73609924316406,122.88009643554688,122.88500213623047,423676
2026-08-19 12:15:00-04:00,122.87999725341797,123.77999877929688,122.3499984741211,123.48500061035156,403411
2026-08-19 12:20:00-04:00,123.4749984741211,123.72000122070312,122.87999725341797,123.12439727783203,291233
2026-08-19 12:25:00-04:00,123.12439727783203,123.1500015258789,122.31999969482422,122.54000091552734,230917
2026-08-19 12:30:00-04:00,122.55000305175781,123.16000366210938,122.14009857177734,122.9718017578125,253372
2026-08-19 12:35:00-04:00,122.91000366210938,123.72000122070312,122.41280364990234,123.30000305175781,279281
2026-08-19 12:40:00-04:00,123.36000061035156,123.68000030517578,123.04000091552734,123.29000091552734,198965
2026-08-19 12:45:00-04:00,123.30500030517578,123.3499984741211,122.8499984741211,122.86000061035156,152083
2026-08-19 12:50:00-04:00,122.86000061035156,122.86000061035156,122.26000213623047,122.4800033569336,253222
2026-08-19 12:55:00-04:00,122.43000030517578,122.44110107421875,121.69999694824219,121.91999816894531,360742
2026-08-19 13:00:00-04:00,121.87999725341797,122.239501953125,121.5199966430664,121.82949829101562,243918
2026-08-19 13:05:00-04:00,121.73999786376953,122.33000183105469,121.41000366210938,121.44499969482422,224602
2026-08-19 13:10:00-04:00,121.52999877929688,121.80000305175781,121.21499633789062,121.33000183105469,274717
2026-08-19 13:15:00-04:00,121.30999755859375,121.79000091552734,120.83000183105469,120.86750030517578,318985
2026-08-19 13:20:00-04:00,120.89029693603516,121.18419647216797,120.60040283203125,120.83000183105469,255211
2026-08-19 13:25:00-04:00,120.81999969482422,121.30000305175781,120.6500015258789,121.0999984741211,216315
2026-08-19 13:30:00-04:00,121.09809875488281,121.16999816894531,120.72000122070312,120.83000183105469,147259
2026-08-19 13:35:00-04:00,120.80000305175781,121.30999755859375,120.5,120.54820251464844,259983
2026-08-19 13:40:00-04:00,120.50980377197266,121.0,120.33999633789062,120.83999633789062,272818
2026-08-19 13:45:00-04:00,120.83000183105469,121.25,120.69499969482422,120.85009765625,176203
2026-08-19 13:50:00-04:00,120.81999969482422,121.02999877929688,120.58999633789062,120.79660034179688,176555
2026-08-19 13:55:00-04:00,120.75990295410156,120.87000274658203,120.44999694824219,120.57499694824219,168417
2026-08-19 14:00:00-04:00,120.57749938964844,121.65950012207031,120.46499633789062,120.54499816894531,391411
2026-08-19 14:05:00-04:00,120.5199966430664,120.77999877929688,119.0,119.0,905222
2026-08-19 14:10:00-04:00,119.0,119.6500015258789,118.62249755859375,119.19000244140625,571444
2026-08-19 14:15:00-04:00,119.19000244140625,119.4749984741211,118.55000305175781,119.44000244140625,400135
2026-08-19 14:20:00-04:00,119.46820068359375,119.69999694824219,119.15010070800781,119.33999633789062,341135
2026-08-19 14:25:00-04:00,119.31999969482422,120.21499633789062,119.2300033569336,120.1500015258789,317381
2026-08-19 14:30:00-04:00,120.17500305175781,121.92220306396484,120.125,121.4000015258789,799623
2026-08-19 14:35:00-04:00,121.37000274658203,121.43000030517578,120.15010070800781,120.36370086669922,403231
2026-08-19 14:40:00-04:00,120.31999969482422,121.58999633789062,120.31999969482422,121.48829650878906,299760
2026-08-19 14:45:00-04:00,121.47000122070312,121.48359680175781,120.81849670410156,121.11499786376953,275676
2026-08-19 14:50:00-04:00,121.11360168457031,121.23999786376953,120.75,121.12000274658203,283625
2026-08-19 14:55:00-04:00,121.06999969482422,121.11650085449219,120.11000061035156,120.84500122070312,414693
2026-08-19 15:00:00-04:00,120.84500122070312,121.44999694824219,120.52999877929688,120.87000274658203,412986
2026-08-19 15:05:00-04:00,120.9000015258789,121.30000305175781,120.54000091552734,121.21009826660156,349238
2026-08-19 15:10:00-04:00,121.2300033569336,121.3499984741211,120.91000366210938,121.26000213623047,320482
2026-08-19 15:15:00-04:00,121.23500061035156,121.54000091552734,120.80999755859375,121.41000366210938,503251
2026-08-19 15:20:00-04:00,121.42829895019531,121.94999694824219,121.30999755859375,121.81500244140625,741465
2026-08-19 15:25:00-04:00,121.81999969482422,122.55000305175781,121.69999694824219,121.81500244140625,863260
2026-08-19 15:30:00-04:00,121.80500030517578,122.43000030517578,121.5,122.2249984741211,2479551
2026-08-19 15:35:00-04:00,122.20999908447266,122.20999908447266,121.09010314941406,121.38999938964844,1046526
2026-08-19 15:40:00-04:00,121.39009857177734,121.50499725341797,120.95999908447266,121.21499633789062,962074
2026-08-19 15:45:00-04:00,121.21499633789062,121.26000213623047,120.69999694824219,120.89459991455078,1108992
2026-08-19 15:50:00-04:00,120.91120147705078,121.10179901123047,119.62999725341797,120.12409973144531,1961581
2026-08-19 15:55:00-04:00,120.16000366210938,120.7300033569336,119.61000061035156,120.55999755859375,2168627
2026-08-20 09:30:00-04:00,119.98999786376953,123.29000091552734,119.40499877929688,121.8499984741211,10982833
2026-08-20 09:35:00-04:00,121.70999908447266,123.93949890136719,120.85009765625,122.78500366210938,1903171
2026-08-20 09:40:00-04:00,122.78500366210938,123.41000366210938,121.51000213623047,122.08000183105469,1315861
2026-08-20 09:45:00-04:00,122.04000091552734,122.83000183105469,118.43000030517578,119.61000061035156,1716575
2026-08-20 09:50:00-04:00,119.52999877929688,119.93000030517578,117.42009735107422,119.5,1373250
2026-08-20 09:55:00-04:00,119.5999984741211,120.98999786376953,118.37000274658203,118.87000274658203,1545309
2026-08-20 10:00:00-04:00,118.87000274658203,120.41999816894531,118.34500122070312,118.99500274658203,1046077
2026-08-20 10:05:00-04:00,119.05000305175781,121.31700134277344,118.7699966430664,121.31700134277344,884176
2026-08-20 10:10:00-04:00,121.31999969482422,122.58999633789062,120.7699966430664,121.5999984741211,1171275
2026-08-20 10:15:00-04:00,121.5,122.04000091552734,119.54000091552734,119.75,907931
2026-08-20 10:20:00-04:00,119.70999908447266,122.77999877929688,119.48470306396484,122.43000030517578,1114577
2026-08-20 10:25:00-04:00,122.3832015991211,122.52880096435547,120.80000305175781,121.38999938964844,626175
2026-08-20 10:30:00-04:00,121.37999725341797,122.62000274658203,120.69999694824219,121.31600189208984,596926
2026-08-20 10:35:00-04:00,121.30000305175781,123.55000305175781,121.11000061035156,123.41999816894531,826633
2026-08-20 10:40:00-04:00,123.40499877929688,123.9800033569336,122.81999969482422,123.81500244140625,677539
2026-08-20 10:45:00-04:00,123.83999633789062,123.96990203857422,122.44869995117188,122.68000030517578,610855
2026-08-20 10:50:00-04:00,122.63999938964844,123.47429656982422,121.95999908447266,122.22380065917969,547365
2026-08-20 10:55:00-04:00,122.16999816894531,123.0479965209961,122.05000305175781,122.9749984741211,405569
2026-08-20 11:00:00-04:00,123.0,124.55999755859375,122.86000061035156,124.0199966430664,963571
2026-08-20 11:05:00-04:00,124.01000213623047,124.01000213623047,122.05999755859375,122.44999694824219,684504
2026-08-20 11:10:00-04:00,122.44000244140625,122.9000015258789,121.36499786376953,122.46410369873047,680072
2026-08-20 11:15:00-04:00,122.375,122.80000305175781,121.93049621582031,122.11000061035156,349950
2026-08-20 11:20:00-04:00,122.0999984741211,122.26000213623047,121.0999984741211,121.39730072021484,408560
2026-08-20 11:25:00-04:00,121.37000274658203,121.78949737548828,120.80999755859375,121.58499908447266,412266
2026-08-20 11:30:00-04:00,121.58499908447266,121.80000305175781,120.2686996459961,120.5199966430664,502880
2026-08-20 11:35:00-04:00,120.44999694824219,120.79000091552734,119.55000305175781,119.55500030517578,476515
2026-08-20 11:40:00-04:00,119.55999755859375,120.4000015258789,119.47000122070312,119.69999694824219,516522
2026-08-20 11:45:00-04:00,119.72000122070312,120.9000015258789,119.18000030517578,120.25,709973
2026-08-20 11:50:00-04:00,120.24500274658203,121.18949890136719,120.13999938964844,120.95999908447266,368929
2026-08-20 11:55:00-04:00,120.98999786376953,121.29000091552734,120.68009948730469,121.23999786376953,198553
2026-08-20 12:00:00-04:00,121.27999877929688,121.5999984741211,120.75050354003906,120.94499969482422,310586
2026-08-20 12:05:00-04:00,120.94000244140625,121.37239837646484,120.44000244140625,121.26349639892578,247269
2026-08-20 12:10:00-04:00,121.33000183105469,121.37999725341797,120.57009887695312,120.71499633789062,169540
2026-08-20 12:15:00-04:00,120.69000244140625,120.9800033569336,120.44999694824219,120.9800033569336,164870
2026-08-20 12:20:00-04:00,121.0,121.7698974609375,120.72000122070312,121.52349853515625,252601
2026-08-20 12:25:00-04:00,121.54000091552734,121.72000122070312,121.13999938964844,121.2300033569336,168162
2026-08-20 12:30:00-04:00,121.18499755859375,121.22810363769531,120.3301010131836,120.86000061035156,243015
2026-08-20 12:35:00-04:00,120.86000061035156,121.05999755859375,120.67430114746094,121.00879669189453,175436
2026-08-20 12:40:00-04:00,121.04010009765625,121.37000274658203,121.01499938964844,121.25,125981
2026-08-20 12:45:00-04:00,121.2594985961914,121.59989929199219,120.90010070800781,121.36000061035156,188126
2026-08-20 12:50:00-04:00,121.37999725341797,121.62339782714844,121.12000274658203,121.25499725341797,99376
2026-08-20 12:55:00-04:00,121.36000061035156,121.93990325927734,121.2509994506836,121.80000305175781,190419
2026-08-20 13:00:00-04:00,121.80999755859375,121.9000015258789,121.41179656982422,121.75,208402
2026-08-20 13:05:00-04:00,121.71189880371094,121.83899688720703,121.22000122070312,121.37999725341797,108342
2026-08-20 13:10:00-04:00,121.43879699707031,121.72730255126953,121.3499984741211,121.56999969482422,69025
2026-08-20 13:15:00-04:00,121.56500244140625,121.58999633789062,120.66619873046875,120.80000305175781,183596
2026-08-20 13:20:00-04:00,120.80000305175781,121.19000244140625,120.53459930419922,120.81999969482422,131659
2026-08-20 13:25:00-04:00,120.80999755859375,120.92410278320312,120.56999969482422,120.80000305175781,122389
2026-08-20 13:30:00-04:00,120.79000091552734,120.88020324707031,120.33999633789062,120.43000030517578,132642
2026-08-20 13:35:00-04:00,120.47000122070312,120.87999725341797,120.4000015258789,120.80999755859375,110305
2026-08-20 13:40:00-04:00,120.80000305175781,120.9000015258789,120.54010009765625,120.8499984741211,90827
2026-08-20 13:45:00-04:00,120.84500122070312,121.27999877929688,120.77999877929688,121.05999755859375,200938
2026-08-20 13:50:00-04:00,121.05999755859375,121.46440124511719,121.0436019897461,121.16000366210938,139318
2026-08-20 13:55:00-04:00,121.19999694824219,121.45829772949219,121.08000183105469,121.16500091552734,94319
2026-08-20 14:00:00-04:00,121.08000183105469,121.13200378417969,120.5999984741211,120.69000244140625,173698
2026-08-20 14:05:00-04:00,120.69000244140625,120.71219635009766,119.69999694824219,119.98899841308594,349741
2026-08-20 14:10:00-04:00,119.94999694824219,120.15989685058594,119.56710052490234,120.11000061035156,252264
2026-08-20 14:15:00-04:00,120.12650299072266,120.20950317382812,119.41999816894531,120.0999984741211,269953
2026-08-20 14:20:00-04:00,120.12879943847656,120.48989868164062,120.0094985961914,120.07099914550781,192683
2026-08-20 14:25:00-04:00,120.08370208740234,120.27999877929688,119.81729888916016,120.0989990234375,145278
2026-08-20 14:30:00-04:00,120.08999633789062,120.20999908447266,119.31999969482422,119.43990325927734,195635
2026-08-20 14:35:00-04:00,119.41000366210938,119.86000061035156,119.27999877929688,119.69000244140625,162593
2026-08-20 14:40:00-04:00,119.69000244140625,119.74629974365234,119.37000274658203,119.7135009765625,124968
2026-08-20 14:45:00-04:00,119.69999694824219,120.54000091552734,119.6604995727539,120.49500274658203,169745
2026-08-20 14:50:00-04:00,120.45999908447266,120.75,120.2300033569336,120.51119995117188,140347
2026-08-20 14:55:00-04:00,120.51000213623047,120.94999694824219,120.48999786376953,120.62999725341797,163526
2026-08-20 15:00:00-04:00,120.5999984741211,121.4000015258789,120.54000091552734,121.13500213623047,258435
2026-08-20 15:05:00-04:00,121.0999984741211,121.80000305175781,121.01010131835938,121.52999877929688,271170
2026-08-20 15:10:00-04:00,121.6781997680664,121.6781997680664,121.15499877929688,121.4198989868164,172395
2026-08-20 15:15:00-04:00,121.37999725341797,121.68000030517578,121.25,121.41999816894531,196594
2026-08-20 15:20:00-04:00,121.4800033569336,122.62999725341797,121.3499984741211,122.19999694824219,551653
2026-08-20 15:25:00-04:00,122.19000244140625,122.52999877929688,122.1500015258789,122.19999694824219,352744
2026-08-20 15:30:00-04:00,122.197998046875,122.19999694824219,121.6050033569336,121.88500213623047,1290915
2026-08-20 15:35:00-04:00,121.87000274658203,122.26000213623047,121.80999755859375,122.08999633789062,511831
2026-08-20 15:40:00-04:00,122.08000183105469,122.23999786376953,121.70970153808594,121.87000274658203,559531
2026-08-20 15:45:00-04:00,121.86000061035156,122.0,121.41000366210938,121.95500183105469,326628
2026-08-20 15:50:00-04:00,121.94000244140625,122.25,121.5,121.62000274658203,497630
2026-08-20 15:55:00-04:00,121.63999938964844,122.29000091552734,121.43000030517578,122.19999694824219,2670253
2026-08-21 09:30:00-04:00,126.58999633789062,126.79000091552734,124.1449966430664,124.61000061035156,7552764
2026-08-21 09:35:00-04:00,124.58000183105469,124.8843002319336,122.19000244140625,123.23999786376953,1543806
2026-08-21 09:40:00-04:00,123.24500274658203,124.08999633789062,122.6500015258789,122.88999938964844,1034460
2026-08-21 09:45:00-04:00,122.83000183105469,124.9800033569336,122.69999694824219,124.37000274658203,980246
2026-08-21 09:50:00-04:00,124.41999816894531,124.48999786376953,121.05000305175781,122.26010131835938,1184716
2026-08-21 09:55:00-04:00,122.43409729003906,122.91999816894531,121.27999877929688,122.09839630126953,763710
2026-08-21 10:00:00-04:00,122.05000305175781,122.60379791259766,120.1500015258789,120.4000015258789,1132954
2026-08-21 10:05:00-04:00,120.38500213623047,121.45999908447266,120.36129760742188,120.74019622802734,785655
2026-08-21 10:10:00-04:00,120.76000213623047,120.96910095214844,118.23999786376953,118.37999725341797,1470186
2026-08-21 10:15:00-04:00,118.37000274658203,119.5199966430664,117.33000183105469,117.35433197021484,1495926
2026-08-21 10:20:00-04:00,117.35990142822266,119.4000015258789,117.12000274658203,118.30000305175781,1186537
2026-08-21 10:25:00-04:00,118.33000183105469,120.08000183105469,117.91000366210938,119.18499755859375,979998
2026-08-21 10:30:00-04:00,119.17500305175781,120.11000061035156,119.08049774169922,119.12999725341797,679880
2026-08-21 10:35:00-04:00,119.0999984741211,119.40989685058594,118.72000122070312,118.85009765625,407117
2026-08-21 10:40:00-04:00,118.83000183105469,119.1500015258789,117.91999816894531,118.80000305175781,710159
2026-08-21 10:45:00-04:00,118.75,119.45980072021484,118.55000305175781,118.94000244140625,509880
2026-08-21 10:50:00-04:00,119.0,119.26499938964844,117.41999816894531,117.56999969482422,709924
2026-08-21 10:55:00-04:00,117.58499908447266,118.16000366210938,116.70999908447266,117.29000091552734,1361177
2026-08-21 11:00:00-04:00,117.3499984741211,118.19000244140625,117.05999755859375,118.00420379638672,757140
2026-08-21 11:05:00-04:00,118.00499725341797,118.45999908447266,117.37000274658203,118.36499786376953,575621
2026-08-21 11:10:00-04:00,118.36499786376953,118.94999694824219,118.19499969482422,118.69989776611328,405041
2026-08-21 11:15:00-04:00,118.6500015258789,118.96499633789062,117.66000366210938,118.2300033569336,419594
2026-08-21 11:20:00-04:00,118.1500015258789,118.97000122070312,117.83999633789062,118.5999984741211,318564
2026-08-21 11:25:00-04:00,118.5999984741211,119.16999816894531,118.38999938964844,119.06659698486328,323600
2026-08-21 11:30:00-04:00,119.05999755859375,119.73999786376953,118.95999908447266,119.70999908447266,799551
2026-08-21 11:35:00-04:00,119.7300033569336,120.40499877929688,119.41999816894531,120.19999694824219,609440
2026-08-21 11:40:00-04:00,120.19000244140625,120.91000366210938,119.82209777832031,119.96549987792969,658441
2026-08-21 11:45:00-04:00,120.01000213623047,120.22930145263672,119.5521011352539,119.79000091552734,250359
2026-08-21 11:50:00-04:00,119.79000091552734,120.88999938964844,119.7699966430664,120.49749755859375,404181
2026-08-21 11:55:00-04:00,120.44000244140625,120.4800033569336,119.30999755859375,119.52010345458984,355407
2026-08-21 12:00:00-04:00,119.55000305175781,119.97000122070312,119.32099914550781,119.3949966430664,274089
2026-08-21 12:05:00-04:00,119.4000015258789,119.48999786376953,118.22000122070312,118.3062973022461,407814
2026-08-21 12:10:00-04:00,118.30000305175781,118.91999816894531,118.18000030517578,118.45500183105469,377217
2026-08-21 12:15:00-04:00,118.41000366210938,119.20999908447266,118.33999633789062,118.95500183105469,364791
2026-08-21 12:20:00-04:00,118.95500183105469,119.88999938964844,118.55000305175781,118.87570190429688,506880
2026-08-21 12:25:00-04:00,118.89600372314453,119.0999984741211,118.6500015258789,118.98999786376953,146449
2026-08-21 12:30:00-04:00,118.94499969482422,119.08999633789062,118.60179901123047,118.60179901123047,121205
2026-08-21 12:35:00-04:00,118.5999984741211,119.12000274658203,118.51000213623047,118.98999786376953,252594
2026-08-21 12:40:00-04:00,118.9800033569336,119.29989624023438,118.96119689941406,119.13999938964844,167060
2026-08-21 12:45:00-04:00,119.12999725341797,119.19999694824219,118.75,118.7699966430664,123567
2026-08-21 12:50:00-04:00,118.76000213623047,118.83999633789062,118.41000366210938,118.44999694824219,185522
2026-08-21 12:55:00-04:00,118.43000030517578,118.70800018310547,118.18000030517578,118.5999984741211,198575
2026-08-21 13:00:00-04:00,118.5999984741211,118.9000015258789,118.5,118.7300033569336,119861
2026-08-21 13:05:00-04:00,118.71479797363281,119.05819702148438,118.5718002319336,118.79000091552734,114884
2026-08-21 13:10:00-04:00,118.79750061035156,118.83000183105469,118.60009765625,118.74500274658203,89609
2026-08-21 13:15:00-04:00,118.6500015258789,118.77999877929688,118.44989776611328,118.5999984741211,156940
2026-08-21 13:20:00-04:00,118.55000305175781,118.55000305175781,117.93000030517578,118.11499786376953,338285
2026-08-21 13:25:00-04:00,118.12999725341797,118.87999725341797,117.94999694824219,118.72000122070312,195930
2026-08-21 13:30:00-04:00,118.7699966430664,119.2686996459961,118.69999694824219,119.08999633789062,198173
2026-08-21 13:35:00-04:00,119.13999938964844,119.73999786376953,119.0656967163086,119.55149841308594,220474
2026-08-21 13:40:00-04:00,119.53500366210938,119.9800033569336,119.41000366210938,119.9749984741211,193094
2026-08-21 13:45:00-04:00,119.98999786376953,120.43000030517578,119.7699966430664,120.31999969482422,330858
2026-08-21 13:50:00-04:00,120.33999633789062,120.5,120.13999938964844,120.32029724121094,221195
2026-08-21 13:55:00-04:00,120.26000213623047,120.38999938964844,120.06999969482422,120.34500122070312,158164
2026-08-21 14:00:00-04:00,120.33999633789062,120.8499984741211,120.26699829101562,120.73999786376953,286968
2026-08-21 14:05:00-04:00,120.72000122070312,120.86000061035156,120.42749786376953,120.5,281984
2026-08-21 14:10:00-04:00,120.48999786376953,120.69999694824219,120.16500091552734,120.16850280761719,172714
2026-08-21 14:15:00-04:00,120.19000244140625,120.61979675292969,120.19000244140625,120.46499633789062,142142
2026-08-21 14:20:00-04:00,120.45899963378906,120.95390319824219,120.45050048828125,120.75,188752
2026-08-21 14:25:00-04:00,120.7699966430664,120.83499908447266,120.12000274658203,120.1449966430664,147942
2026-08-21 14:30:00-04:00,120.11000061035156,120.20950317382812,119.73380279541016,119.88999938964844,290483
2026-08-21 14:35:00-04:00,119.9000015258789,120.41000366210938,119.81649780273438,119.98040008544922,202239
2026-08-21 14:40:00-04:00,120.02999877929688,120.25,119.95999908447266,120.12999725341797,108132
2026-08-21 14:45:00-04:00,120.12000274658203,120.41000366210938,119.9000015258789,120.38999938964844,128792
2026-08-21 14:50:00-04:00,120.36499786376953,120.6500015258789,120.33999633789062,120.38999938964844,198920
2026-08-21 14:55:00-04:00,120.3499984741211,120.68000030517578,120.24500274658203,120.62550354003906,143464
2026-08-21 15:00:00-04:00,120.61000061035156,121.0999984741211,120.54000091552734,120.70999908447266,354766
2026-08-21 15:05:00-04:00,120.73989868164062,121.12000274658203,120.58000183105469,120.80999755859375,217533
2026-08-21 15:10:00-04:00,120.80999755859375,120.81999969482422,120.52999877929688,120.63500213623047,146939
2026-08-21 15:15:00-04:00,120.6449966430664,121.12999725341797,120.5199966430664,120.76010131835938,434330
2026-08-21 15:20:00-04:00,120.77999877929688,121.02999877929688,120.7218017578125,121.0,407596
2026-08-21 15:25:00-04:00,120.9800033569336,121.08499908447266,120.81999969482422,120.95500183105469,526158
2026-08-21 15:30:00-04:00,120.94999694824219,121.30999755859375,120.9000015258789,120.95999908447266,1231439
2026-08-21 15:35:00-04:00,120.97000122070312,120.97589874267578,120.55010223388672,120.65190124511719,413738
2026-08-21 15:40:00-04:00,120.625,120.72000122070312,120.01499938964844,120.18090057373047,629377
2026-08-21 15:45:00-04:00,120.19499969482422,120.80000305175781,120.12000274658203,120.6500015258789,651125
2026-08-21 15:50:00-04:00,120.6500015258789,120.7699966430664,119.72000122070312,119.91999816894531,999284
2026-08-21 15:55:00-04:00,119.91999816894531,120.86199951171875,119.87999725341797,120.59010314941406,1923056
2026-08-24 09:30:00-04:00,115.0,115.05000305175781,110.69999694824219,111.12000274658203,8942851
2026-08-24 09:35:00-04:00,111.09980010986328,112.37999725341797,109.16000366210938,109.43000030517578,2639665
2026-08-24 09:40:00-04:00,109.38999938964844,109.62999725341797,108.0,108.16000366210938,2488216
2026-08-24 09:45:00-04:00,108.1500015258789,109.66439819335938,107.25,107.94000244140625,2585048
2026-08-24 09:50:00-04:00,107.87010192871094,107.875,106.0,107.08999633789062,2869587
2026-08-24 09:55:00-04:00,107.09500122070312,108.37999725341797,106.86000061035156,107.53309631347656,1412441
2026-08-24 10:00:00-04:00,107.55000305175781,107.5999984741211,106.08480072021484,106.42500305175781,1614473
2026-08-24 10:05:00-04:00,106.43000030517578,107.58000183105469,106.33000183105469,107.19000244140625,1013180
2026-08-24 10:10:00-04:00,107.20999908447266,107.4000015258789,106.44000244140625,107.31500244140625,1048391
2026-08-24 10:15:00-04:00,107.33999633789062,107.48190307617188,106.16000366210938,106.31999969482422,1036555
2026-08-24 10:20:00-04:00,106.33000183105469,107.80000305175781,106.19000244140625,107.03009796142578,1264076
2026-08-24 10:25:00-04:00,107.05000305175781,107.3499984741211,106.25,106.94999694824219,909254
2026-08-24 10:30:00-04:00,106.91999816894531,108.80000305175781,106.7300033569336,108.62000274658203,1198874
2026-08-24 10:35:00-04:00,108.62999725341797,108.88999938964844,107.77010345458984,108.23999786376953,1293563
2026-08-24 10:40:00-04:00,108.22000122070312,108.77999877929688,108.0,108.18000030517578,629334
2026-08-24 10:45:00-04:00,108.19000244140625,108.75,107.77999877929688,108.7300033569336,570678
2026-08-24 10:50:00-04:00,108.69999694824219,108.75,107.94999694824219,108.12999725341797,633143
2026-08-24 10:55:00-04:00,108.1500015258789,108.33999633789062,107.1500015258789,107.26000213623047,653162
2026-08-24 11:00:00-04:00,107.2698974609375,107.61000061035156,106.76713562011719,107.1675033569336,721845
2026-08-24 11:05:00-04:00,107.17729949951172,107.18499755859375,106.37999725341797,106.5,845079
2026-08-24 11:10:00-04:00,106.5000991821289,107.16999816894531,106.11000061035156,106.62000274658203,1053784
2026-08-24 11:15:00-04:00,106.62999725341797,107.25,106.45999908447266,107.05590057373047,450029
2026-08-24 11:20:00-04:00,107.05829620361328,107.72000122070312,106.70999908447266,107.66000366210938,413577
2026-08-24 11:25:00-04:00,107.69999694824219,108.62989807128906,107.58000183105469,108.34500122070312,769013
2026-08-24 11:30:00-04:00,108.34010314941406,108.98999786376953,108.19999694824219,108.94499969482422,945309
2026-08-24 11:35:00-04:00,108.95500183105469,109.88999938964844,108.79000091552734,109.86000061035156,828605
2026-08-24 11:40:00-04:00,109.86000061035156,110.51000213623047,109.83000183105469,110.41570281982422,938727
2026-08-24 11:45:00-04:00,110.44999694824219,111.65499877929688,110.44999694824219,111.13500213623047,988203
2026-08-24 11:50:00-04:00,111.16000366210938,111.28800201416016,110.47000122070312,110.9800033569336,694175
2026-08-24 11:55:00-04:00,110.91999816894531,110.94999694824219,109.94999694824219,110.80000305175781,543300
2026-08-24 12:00:00-04:00,110.79000091552734,111.11900329589844,110.4000015258789,110.5199966430664,525984
2026-08-24 12:05:00-04:00,110.5,111.19000244140625,110.4000015258789,110.70999908447266,342035
2026-08-24 12:10:00-04:00,110.68990325927734,111.47000122070312,110.60189819335938,111.47000122070312,455061
2026-08-24 12:15:00-04:00,111.47000122070312,112.18000030517578,111.45800018310547,111.80000305175781,667258
2026-08-24 12:20:00-04:00,111.79499816894531,112.59880065917969,111.70999908447266,112.28099822998047,390315
2026-08-24 12:25:00-04:00,112.26000213623047,112.34500122070312,111.69010162353516,111.81999969482422,375724
2026-08-24 12:30:00-04:00,111.82499694824219,112.0999984741211,110.94999694824219,110.99500274658203,397887
2026-08-24 12:35:00-04:00,110.98999786376953,111.41000366210938,110.82460021972656,111.23999786376953,260235
2026-08-24 12:40:00-04:00,111.22000122070312,111.27999877929688,110.63369750976562,110.91999816894531,212587
2026-08-24 12:45:00-04:00,110.93499755859375,111.11000061035156,110.5199966430664,111.08499908447266,259811
2026-08-24 12:50:00-04:00,111.08999633789062,111.12999725341797,110.66500091552734,110.9000015258789,163291
2026-08-24 12:55:00-04:00,110.88999938964844,110.94999694824219,110.44010162353516,110.5,179861
2026-08-24 13:00:00-04:00,110.5,110.5999984741211,110.13999938964844,110.56410217285156,228004
2026-08-24 13:05:00-04:00,110.5999984741211,111.62999725341797,110.55000305175781,111.5199966430664,309637
2026-08-24 13:10:00-04:00,111.54000091552734,111.91999816894531,111.3499984741211,111.62049865722656,323847
2026-08-24 13:15:00-04:00,111.62000274658203,111.62000274658203,111.0,111.0,228340
2026-08-24 13:20:00-04:00,110.93499755859375,110.99970245361328,110.2699966430664,110.55989837646484,254731
2026-08-24 13:25:00-04:00,110.55000305175781,110.79000091552734,110.19999694824219,110.2699966430664,197106
2026-08-24 13:30:00-04:00,110.26000213623047,110.44999694824219,110.08999633789062,110.12049865722656,274422
2026-08-24 13:35:00-04:00,110.11000061035156,110.29000091552734,109.81999969482422,110.11869812011719,273951
2026-08-24 13:40:00-04:00,110.1240005493164,110.31999969482422,109.9198989868164,109.92009735107422,197466
2026-08-24 13:45:00-04:00,109.91000366210938,110.31999969482422,109.8604965209961,110.25,145950
2026-08-24 13:50:00-04:00,110.20999908447266,110.47000122070312,110.06009674072266,110.31500244140625,145988
2026-08-24 13:55:00-04:00,110.33000183105469,110.44999694824219,110.15049743652344,110.2699966430664,76106
2026-08-24 14:00:00-04:00,110.31999969482422,111.2300033569336,110.2699966430664,111.0999984741211,246529
2026-08-24 14:05:00-04:00,111.08000183105469,111.9800033569336,111.05000305175781,111.94999694824219,281829
2026-08-24 14:10:00-04:00,111.94999694824219,112.25,111.7699966430664,112.20809936523438,318459
2026-08-24 14:15:00-04:00,112.22000122070312,112.56999969482422,111.80999755859375,112.05999755859375,361545
2026-08-24 14:20:00-04:00,112.04000091552734,113.10990142822266,112.01000213623047,112.94999694824219,484962
2026-08-24 14:25:00-04:00,112.95179748535156,113.04499816894531,112.62000274658203,112.68499755859375,236098
2026-08-24 14:30:00-04:00,112.72000122070312,113.19999694824219,112.66000366210938,113.12999725341797,314562
2026-08-24 14:35:00-04:00,113.1500015258789,113.36000061035156,112.3385009765625,112.55999755859375,329816
2026-08-24 14:40:00-04:00,112.59500122070312,113.05999755859375,112.4905014038086,112.81500244140625,205486
2026-08-24 14:45:00-04:00,112.77999877929688,112.83000183105469,112.27999877929688,112.37999725341797,146311
2026-08-24 14:50:00-04:00,112.36000061035156,112.7300033569336,112.08999633789062,112.17990112304688,206812
2026-08-24 14:55:00-04:00,112.12999725341797,112.33999633789062,111.91000366210938,111.91000366210938,177703
2026-08-24 15:00:00-04:00,111.91000366210938,112.41000366210938,111.856201171875,112.34500122070312,308375
2026-08-24 15:05:00-04:00,112.34500122070312,112.56500244140625,111.86000061035156,111.9800033569336,389238
2026-08-24 15:10:00-04:00,111.98999786376953,112.23999786376953,111.75,112.08999633789062,265892
2026-08-24 15:15:00-04:00,112.08000183105469,112.1500015258789,111.37999725341797,112.13999938964844,464547
2026-08-24 15:20:00-04:00,112.1500015258789,112.3499984741211,111.90129852294922,111.93000030517578,425291
2026-08-24 15:25:00-04:00,111.93000030517578,112.25,111.86000061035156,112.18000030517578,300875
2026-08-24 15:30:00-04:00,112.18000030517578,112.8499984741211,111.62999725341797,111.66000366210938,2885267
2026-08-24 15:35:00-04:00,111.66000366210938,111.68000030517578,110.8311996459961,111.13500213623047,857770
2026-08-24 15:40:00-04:00,111.14350128173828,111.41899871826172,111.0,111.37999725341797,863444
2026-08-24 15:45:00-04:00,111.38999938964844,111.48930358886719,111.08499908447266,111.36499786376953,886994
2026-08-24 15:50:00-04:00,111.36499786376953,111.41999816894531,109.75,110.56999969482422,2089795
2026-08-24 15:55:00-04:00,110.5999984741211,111.4800033569336,110.0999984741211,111.19000244140625,2618912
2026-08-25 09:30:00-04:00,117.37000274658203,119.87999725341797,116.01010131835938,119.81050109863281,10318001
2026-08-25 09:35:00-04:00,119.83999633789062,119.83999633789062,116.5999984741211,116.88999938964844,1431439
2026-08-25 09:40:00-04:00,116.87000274658203,118.15589904785156,116.72000122070312,117.52999877929688,891215
2026-08-25 09:45:00-04:00,117.54000091552734,119.48989868164062,116.87999725341797,118.63529968261719,1265120
2026-08-25 09:50:00-04:00,118.67500305175781,119.14579772949219,117.69999694824219,117.72319793701172,819424
2026-08-25 09:55:00-04:00,117.70999908447266,117.79989624023438,116.5999984741211,117.1500015258789,1053381
2026-08-25 10:00:00-04:00,117.1500015258789,117.16100311279297,115.20010375976562,115.69000244140625,1247072
2026-08-25 10:05:00-04:00,115.72000122070312,116.6500015258789,115.55999755859375,116.08000183105469,841529
2026-08-25 10:10:00-04:00,116.04010009765625,116.93000030517578,115.25,115.37999725341797,702730
2026-08-25 10:15:00-04:00,115.3499984741211,116.1500015258789,115.0999984741211,115.17160034179688,789927
2026-08-25 10:20:00-04:00,115.16000366210938,115.66000366210938,113.45999908447266,114.42379760742188,1244981
2026-08-25 10:25:00-04:00,114.4000015258789,115.18000030517578,114.1449966430664,114.69000244140625,699157
2026-08-25 10:30:00-04:00,114.71389770507812,115.80000305175781,113.13009643554688,114.76499938964844,1184999
2026-08-25 10:35:00-04:00,114.75,116.42369842529297,114.7300033569336,116.0,769302
2026-08-25 10:40:00-04:00,115.98999786376953,116.05000305175781,114.42500305175781,115.11000061035156,599182
2026-08-25 10:45:00-04:00,115.0999984741211,115.34500122070312,114.55999755859375,115.12000274658203,399931
2026-08-25 10:50:00-04:00,115.05999755859375,116.19000244140625,115.0199966430664,115.69000244140625,486746
2026-08-25 10:55:00-04:00,115.69999694824219,115.95999908447266,115.27999877929688,115.62000274658203,288082
2026-08-25 11:00:00-04:00,115.61499786376953,115.62640380859375,114.87999725341797,115.0,364043
2026-08-25 11:05:00-04:00,115.02760314941406,115.69999694824219,114.91000366210938,115.13999938964844,324699
2026-08-25 11:10:00-04:00,115.16999816894531,115.4999008178711,115.0000991821289,115.1500015258789,158410
2026-08-25 11:15:00-04:00,115.12999725341797,115.66999816894531,115.0,115.48509979248047,267950
2026-08-25 11:20:00-04:00,115.5199966430664,116.2300033569336,115.44000244140625,115.69999694824219,438293
2026-08-25 11:25:00-04:00,115.70999908447266,116.5,115.52999877929688,116.37999725341797,304258
2026-08-25 11:30:00-04:00,116.41000366210938,117.0,116.13870239257812,116.19999694824219,404865
2026-08-25 11:35:00-04:00,116.1500015258789,116.98999786376953,116.03150177001953,116.08499908447266,344614
2026-08-25 11:40:00-04:00,116.06999969482422,116.21499633789062,115.71009826660156,115.77999877929688,254383
2026-08-25 11:45:00-04:00,115.75,115.77339935302734,115.25,115.36009979248047,255934
2026-08-25 11:50:00-04:00,115.33999633789062,115.52010345458984,115.05000305175781,115.26010131835938,240318
2026-08-25 11:55:00-04:00,115.27220153808594,115.73889923095703,115.26000213623047,115.5,165646
2026-08-25 12:00:00-04:00,115.51499938964844,116.29000091552734,115.42729949951172,115.93000030517578,259124
2026-08-25 12:05:00-04:00,115.93560028076172,116.5,115.93560028076172,116.0,246462
2026-08-25 12:10:00-04:00,116.0,116.31999969482422,115.94000244140625,116.2699966430664,145963
2026-08-25 12:15:00-04:00,116.26499938964844,116.58999633789062,116.22000122070312,116.5,225534
2026-08-25 12:20:00-04:00,116.51499938964844,116.72000122070312,116.33000183105469,116.4000015258789,244794
2026-08-25 12:25:00-04:00,116.38999938964844,116.61499786376953,116.30000305175781,116.5,145035
2026-08-25 12:30:00-04:00,116.4800033569336,116.48999786376953,116.19010162353516,116.2699966430664,71825
2026-08-25 12:35:00-04:00,116.22000122070312,116.26000213623047,115.75,116.18499755859375,165841
2026-08-25 12:40:00-04:00,116.18000030517578,116.18328857421875,115.55010223388672,115.69499969482422,119559
2026-08-25 12:45:00-04:00,115.68000030517578,115.94000244140625,115.5261001586914,115.71189880371094,169299
2026-08-25 12:50:00-04:00,115.72000122070312,115.75,115.25,115.32279968261719,176363
2026-08-25 12:55:00-04:00,115.3499984741211,115.66999816894531,115.23049926757812,115.56500244140625,191123
2026-08-25 13:00:00-04:00,115.56999969482422,115.80999755859375,115.06320190429688,115.08000183105469,264951
2026-08-25 13:05:00-04:00,115.06999969482422,115.37999725341797,114.8499984741211,114.95999908447266,223735
2026-08-25 13:10:00-04:00,114.94999694824219,115.08000183105469,114.69000244140625,115.06999969482422,190203
2026-08-25 13:15:00-04:00,115.08000183105469,115.22000122070312,114.86009979248047,115.13999938964844,157922
2026-08-25 13:20:00-04:00,115.1500015258789,115.25,114.97000122070312,115.12999725341797,161888
2026-08-25 13:25:00-04:00,115.12000274658203,115.19000244140625,114.7699966430664,114.94999694824219,170450
2026-08-25 13:30:00-04:00,114.9800033569336,115.30940246582031,114.80999755859375,115.2300033569336,161648
2026-08-25 13:35:00-04:00,115.2249984741211,115.4000015258789,115.05030059814453,115.33000183105469,141719
2026-08-25 13:40:00-04:00,115.31999969482422,115.33999633789062,115.01000213623047,115.11000061035156,90164
2026-08-25 13:45:00-04:00,115.0999984741211,115.23509979248047,114.9000015258789,115.19999694824219,113952
2026-08-25 13:50:00-04:00,115.18569946289062,115.33000183105469,115.01210021972656,115.25,106237
2026-08-25 13:55:00-04:00,115.25630187988281,115.33000183105469,115.01499938964844,115.07499694824219,102168
2026-08-25 14:00:00-04:00,115.08999633789062,115.08999633789062,114.47000122070312,114.5250015258789,279369
2026-08-25 14:05:00-04:00,114.51000213623047,114.85310363769531,114.44000244140625,114.80999755859375,174254
2026-08-25 14:10:00-04:00,114.81999969482422,114.94999694824219,114.66999816894531,114.75,131113
2026-08-25 14:15:00-04:00,114.75460052490234,115.09950256347656,114.75,115.04000091552734,157729
2026-08-25 14:20:00-04:00,115.05999755859375,115.27999877929688,114.98999786376953,115.22000122070312,139976
2026-08-25 14:25:00-04:00,115.2300033569336,115.24009704589844,114.94999694824219,115.0,141374
2026-08-25 14:30:00-04:00,115.0,115.58999633789062,115.0,115.44999694824219,235943
2026-08-25 14:35:00-04:00,115.48989868164062,116.0,115.45999908447266,115.9000015258789,291584
2026-08-25 14:40:00-04:00,115.88179779052734,116.08999633789062,115.69999694824219,116.0730972290039,255098
2026-08-25 14:45:00-04:00,116.08999633789062,116.54000091552734,116.08000183105469,116.23999786376953,398405
2026-08-25 14:50:00-04:00,116.23500061035156,116.26000213623047,115.69999694824219,115.87999725341797,322439
2026-08-25 14:55:00-04:00,115.84500122070312,115.94989776611328,115.7300033569336,115.7699966430664,208030
2026-08-25 15:00:00-04:00,115.75,115.99500274658203,115.44999694824219,115.55000305175781,302305
2026-08-25 15:05:00-04:00,115.52999877929688,115.97000122070312,115.36579895019531,115.94000244140625,308852
2026-08-25 15:10:00-04:00,115.91999816894531,115.95999908447266,115.15010070800781,115.19000244140625,287444
2026-08-25 15:15:00-04:00,115.18000030517578,115.3136978149414,114.88999938964844,115.08999633789062,386104
2026-08-25 15:20:00-04:00,115.09500122070312,115.12000274658203,114.62999725341797,114.94000244140625,332476
2026-08-25 15:25:00-04:00,114.93000030517578,115.3499984741211,114.72000122070312,115.31809997558594,291997
2026-08-25 15:30:00-04:00,115.30999755859375,115.33000183105469,114.41999816894531,114.6500015258789,2260864
2026-08-25 15:35:00-04:00,114.62000274658203,114.88999938964844,114.55999755859375,114.7699966430664,531500
2026-08-25 15:40:00-04:00,114.7699966430664,115.43000030517578,114.7699966430664,114.94000244140625,677164
2026-08-25 15:45:00-04:00,114.93499755859375,115.08000183105469,114.65019989013672,114.7249984741211,656129
2026-08-25 15:50:00-04:00,114.72000122070312,115.80000305175781,114.6500015258789,115.63999938964844,1236569
2026-08-25 15:55:00-04:00,115.66000366210938,116.03500366210938,115.25,115.83999633789062,2045122
2026-08-26 09:30:00-04:00,114.69999694824219,116.76000213623047,114.61000061035156,115.54000091552734,6294068
2026-08-26 09:35:00-04:00,115.51000213623047,116.5,114.66000366210938,115.72000122070312,782077
2026-08-26 09:40:00-04:00,115.69999694824219,117.19000244140625,115.24500274658203,116.58000183105469,991864
2026-08-26 09:45:00-04:00,116.51000213623047,116.88929748535156,115.47000122070312,115.51010131835938,555677
2026-08-26 09:50:00-04:00,115.51409912109375,116.44000244140625,115.2677993774414,116.34839630126953,470107
2026-08-26 09:55:00-04:00,116.33999633789062,116.88999938964844,116.0,116.54499816894531,445017
2026-08-26 10:00:00-04:00,116.51000213623047,116.5105972290039,115.82649993896484,115.88999938964844,360370
2026-08-26 10:05:00-04:00,115.94000244140625,116.05999755859375,115.21399688720703,115.30999755859375,398407
2026-08-26 10:10:00-04:00,115.27490234375,115.36000061035156,114.02010345458984,114.61000061035156,648184
2026-08-26 10:15:00-04:00,114.56999969482422,114.81999969482422,114.13999938964844,114.15599822998047,371907
2026-08-26 10:20:00-04:00,114.1500015258789,114.20429992675781,112.81999969482422,113.43000030517578,874051
2026-08-26 10:25:00-04:00,113.44000244140625,113.5999984741211,112.52999877929688,113.0199966430664,612656
2026-08-26 10:30:00-04:00,113.0385971069336,114.23999786376953,113.0,114.11499786376953,653201
2026-08-26 10:35:00-04:00,114.0999984741211,114.5999984741211,113.6500015258789,114.36990356445312,432326
2026-08-26 10:40:00-04:00,114.33999633789062,114.88990020751953,114.30999755859375,114.68499755859375,416333
2026-08-26 10:45:00-04:00,114.66999816894531,115.43250274658203,114.43000030517578,115.08709716796875,432269
2026-08-26 10:50:00-04:00,115.15989685058594,115.58000183105469,114.76609802246094,114.94999694824219,419132
2026-08-26 10:55:00-04:00,114.95999908447266,115.37000274658203,114.44999694824219,114.91999816894531,329782
2026-08-26 11:00:00-04:00,114.97000122070312,115.5199966430664,114.80400085449219,115.26689910888672,255125
2026-08-26 11:05:00-04:00,115.2970962524414,115.75,115.0199966430664,115.30000305175781,253972
2026-08-26 11:10:00-04:00,115.33999633789062,115.41999816894531,114.75,115.0,205388
2026-08-26 11:15:00-04:00,115.01000213623047,115.19000244140625,114.43000030517578,115.11553192138672,212427
2026-08-26 11:20:00-04:00,115.18499755859375,115.38999938964844,114.76000213623047,115.05999755859375,141974
2026-08-26 11:25:00-04:00,115.11000061035156,115.76000213623047,114.99849700927734,115.5999984741211,202667
2026-08-26 11:30:00-04:00,115.56999969482422,115.76000213623047,115.2699966430664,115.5,202733
2026-08-26 11:35:00-04:00,115.47000122070312,116.19999694824219,115.47000122070312,115.88999938964844,304619
2026-08-26 11:40:00-04:00,115.91000366210938,116.3499984741211,115.86499786376953,116.33000183105469,254603
2026-08-26 11:45:00-04:00,116.34030151367188,116.34030151367188,115.93000030517578,116.19080352783203,204537
2026-08-26 11:50:00-04:00,116.19999694824219,116.26000213623047,115.26000213623047,115.44450378417969,312452
2026-08-26 11:55:00-04:00,115.38999938964844,115.69000244140625,115.26000213623047,115.36009979248047,111083
2026-08-26 12:00:00-04:00,115.36000061035156,115.44000244140625,114.73500061035156,115.0199966430664,242203
2026-08-26 12:05:00-04:00,114.94000244140625,115.1500015258789,114.62999725341797,114.62999725341797,204559
2026-08-26 12:10:00-04:00,114.62000274658203,114.66000366210938,114.3499984741211,114.39309692382812,243385
2026-08-26 12:15:00-04:00,114.37999725341797,114.70999908447266,114.30390167236328,114.70999908447266,139411
2026-08-26 12:20:00-04:00,114.66999816894531,115.1500015258789,114.60199737548828,114.93000030517578,204666
2026-08-26 12:25:00-04:00,114.97799682617188,115.08370208740234,114.75,114.94989776611328,122403
2026-08-26 12:30:00-04:00,114.93009948730469,115.23999786376953,114.87999725341797,114.97000122070312,129731
2026-08-26 12:35:00-04:00,114.97000122070312,115.01000213623047,114.61000061035156,114.63749694824219,132713
2026-08-26 12:40:00-04:00,114.5999984741211,114.91000366210938,114.28500366210938,114.41000366210938,192322
2026-08-26 12:45:00-04:00,114.41349792480469,114.79010009765625,114.36499786376953,114.54010009765625,148708
2026-08-26 12:50:00-04:00,114.5999984741211,114.81999969482422,114.54000091552734,114.68000030517578,101788
2026-08-26 12:55:00-04:00,114.66000366210938,115.37999725341797,114.66000366210938,115.30000305175781,211988
2026-08-26 13:00:00-04:00,115.3290023803711,115.62999725341797,115.20999908447266,115.5,180008
2026-08-26 13:05:00-04:00,115.49500274658203,115.71600341796875,115.26000213623047,115.66000366210938,131952
2026-08-26 13:10:00-04:00,115.6500015258789,115.77999877929688,115.58000183105469,115.70999908447266,117465
2026-08-26 13:15:00-04:00,115.70999908447266,116.03500366210938,115.5740966796875,115.84100341796875,204831
2026-08-26 13:20:00-04:00,115.81999969482422,116.01000213623047,115.7300033569336,115.96499633789062,135348
2026-08-26 13:25:00-04:00,115.9800033569336,116.05000305175781,115.72000122070312,115.86840057373047,129945
2026-08-26 13:30:00-04:00,115.84500122070312,116.06999969482422,115.70379638671875,116.02799987792969,122603
2026-08-26 13:35:00-04:00,116.04000091552734,116.33000183105469,115.91999816894531,116.125,205541
2026-08-26 13:40:00-04:00,116.13999938964844,116.30999755859375,116.0,116.13999938964844,142075
2026-08-26 13:45:00-04:00,116.12999725341797,116.31999969482422,116.0,116.1500015258789,104515
2026-08-26 13:50:00-04:00,116.16419982910156,116.38999938964844,116.05000305175781,116.20050048828125,137990
2026-08-26 13:55:00-04:00,116.19999694824219,116.48999786376953,116.16010284423828,116.33000183105469,105069
2026-08-26 14:00:00-04:00,116.31999969482422,116.31999969482422,115.91000366210938,116.08499908447266,141950
2026-08-26 14:05:00-04:00,116.06999969482422,116.53990173339844,116.06999969482422,116.4000015258789,149993
2026-08-26 14:10:00-04:00,116.38999938964844,116.4800033569336,115.94999694824219,116.0999984741211,126804
2026-08-26 14:15:00-04:00,116.04000091552734,116.2300033569336,115.91619873046875,116.16999816894531,74445
2026-08-26 14:20:00-04:00,116.19989776611328,116.2300033569336,116.02999877929688,116.1500015258789,75549
2026-08-26 14:25:00-04:00,116.12899780273438,116.19000244140625,115.95999908447266,116.125,73136
2026-08-26 14:30:00-04:00,116.09500122070312,116.54000091552734,116.09500122070312,116.52999877929688,135232
2026-08-26 14:35:00-04:00,116.52999877929688,116.62000274658203,116.43000030517578,116.45999908447266,150206
2026-08-26 14:40:00-04:00,116.44999694824219,116.62000274658203,116.30000305175781,116.38809967041016,146776
2026-08-26 14:45:00-04:00,116.4000015258789,116.87999725341797,116.35910034179688,116.70999908447266,224605
2026-08-26 14:50:00-04:00,116.70999908447266,116.72000122070312,116.38500213623047,116.52999877929688,138368
2026-08-26 14:55:00-04:00,116.5,116.75,116.44170379638672,116.58999633789062,159539
2026-08-26 15:00:00-04:00,116.55999755859375,117.38619995117188,116.5,117.33499908447266,354728
2026-08-26 15:05:00-04:00,117.3499984741211,117.37000274658203,116.73699951171875,116.7698974609375,239772
2026-08-26 15:10:00-04:00,116.76000213623047,116.86000061035156,116.2699966430664,116.5999984741211,256004
2026-08-26 15:15:00-04:00,116.5999984741211,116.9000015258789,116.54000091552734,116.86499786376953,243132
2026-08-26 15:20:00-04:00,116.86000061035156,116.86000061035156,116.45999908447266,116.81999969482422,178251
2026-08-26 15:25:00-04:00,116.80000305175781,117.1500015258789,116.67500305175781,116.76000213623047,218918
2026-08-26 15:30:00-04:00,116.76499938964844,116.76499938964844,116.33000183105469,116.57499694824219,1023272
2026-08-26 15:35:00-04:00,116.57499694824219,116.58000183105469,116.01000213623047,116.0199966430664,390817
2026-08-26 15:40:00-04:00,116.02999877929688,116.27999877929688,115.72000122070312,115.76000213623047,480298
2026-08-26 15:45:00-04:00,115.76000213623047,116.61000061035156,115.69000244140625,116.49500274658203,574937
2026-08-26 15:50:00-04:00,116.5199966430664,116.58000183105469,115.54000091552734,115.60820007324219,793870
2026-08-26 15:55:00-04:00,115.62999725341797,116.66999816894531,115.37000274658203,116.66500091552734,1224783
2026-08-27 09:30:00-04:00,123.4000015258789,124.87999725341797,122.5613021850586,122.70999908447266,9578419
2026-08-27 09:35:00-04:00,122.79000091552734,123.10140228271484,121.61000061035156,122.69999694824219,2086143
2026-08-27 09:40:00-04:00,122.75800323486328,123.69000244140625,122.06880187988281,122.71199798583984,1377391
2026-08-27 09:45:00-04:00,122.75,122.94999694824219,119.26000213623047,120.0199966430664,2088644
2026-08-27 09:50:00-04:00,120.08000183105469,122.0,120.05000305175781,121.1500015258789,1228023
2026-08-27 09:55:00-04:00,121.16000366210938,121.20999908447266,117.69010162353516,118.93000030517578,2383881
2026-08-27 10:00:00-04:00,118.94000244140625,120.69950103759766,118.68000030517578,120.36409759521484,1663415
2026-08-27 10:05:00-04:00,120.39659881591797,120.86000061035156,119.08999633789062,119.94950103759766,884977
2026-08-27 10:10:00-04:00,119.92500305175781,122.08000183105469,119.92500305175781,121.11990356445312,1332048
2026-08-27 10:15:00-04:00,121.06999969482422,122.12999725341797,120.9000015258789,121.79000091552734,793289
2026-08-27 10:20:00-04:00,121.83999633789062,122.4800033569336,121.44000244140625,121.86499786376953,891409
2026-08-27 10:25:00-04:00,121.86499786376953,122.95999908447266,121.51000213623047,122.69000244140625,754512
2026-08-27 10:30:00-04:00,122.7699966430664,122.83989715576172,121.44999694824219,121.93499755859375,572379
2026-08-27 10:35:00-04:00,121.99669647216797,122.4800033569336,120.5999984741211,120.68499755859375,671580
2026-08-27 10:40:00-04:00,120.67500305175781,121.07469940185547,120.22100067138672,120.72810363769531,523747
2026-08-27 10:45:00-04:00,120.70120239257812,121.83000183105469,120.36000061035156,121.55000305175781,550332
2026-08-27 10:50:00-04:00,121.55000305175781,121.80989837646484,120.55500030517578,121.08000183105469,482899
2026-08-27 10:55:00-04:00,121.08670043945312,121.65499877929688,120.3949966430664,121.3499984741211,412882
2026-08-27 11:00:00-04:00,121.3499984741211,121.91000366210938,121.0199966430664,121.5728988647461,452548
2026-08-27 11:05:00-04:00,121.56999969482422,122.2698974609375,121.25,122.2301025390625,387800
2026-08-27 11:10:00-04:00,122.25,122.29000091552734,121.7300033569336,122.02999877929688,263492
2026-08-27 11:15:00-04:00,122.05000305175781,122.22969818115234,121.31099700927734,121.55000305175781,387272
2026-08-27 11:20:00-04:00,121.58000183105469,121.69000244140625,120.9000015258789,120.9000015258789,283070
2026-08-27 11:25:00-04:00,120.9000015258789,121.0885009765625,120.68000030517578,120.89869689941406,275216
2026-08-27 11:30:00-04:00,120.91999816894531,121.52290344238281,120.81999969482422,121.37999725341797,269214
2026-08-27 11:35:00-04:00,121.37999725341797,121.44999694824219,120.37999725341797,120.77999877929688,370929
2026-08-27 11:40:00-04:00,120.7699966430664,120.83999633789062,120.0999984741211,120.2300033569336,313279
2026-08-27 11:45:00-04:00,120.25360107421875,120.25360107421875,119.58000183105469,119.86499786376953,508082
2026-08-27 11:50:00-04:00,119.8550033569336,121.56999969482422,119.83999633789062,121.54080200195312,536229
2026-08-27 11:55:00-04:00,121.55500030517578,121.6500015258789,121.18000030517578,121.4000015258789,329828
2026-08-27 12:00:00-04:00,121.38999938964844,122.3499984741211,121.375,122.05000305175781,464671
2026-08-27 12:05:00-04:00,122.05000305175781,122.0999984741211,121.43000030517578,121.44000244140625,196929
2026-08-27 12:10:00-04:00,121.46499633789062,121.6500015258789,121.01000213623047,121.23999786376953,181407
2026-08-27 12:15:00-04:00,121.19000244140625,121.47000122070312,120.4000015258789,120.83499908447266,369407
2026-08-27 12:20:00-04:00,120.87000274658203,120.97000122070312,120.55999755859375,120.5999984741211,153530
2026-08-27 12:25:00-04:00,120.62000274658203,121.41999816894531,120.5,121.26750183105469,238700
2026-08-27 12:30:00-04:00,121.2699966430664,121.6698989868164,121.1500015258789,121.61000061035156,305166
2026-08-27 12:35:00-04:00,121.62000274658203,122.06999969482422,121.5,121.93000030517578,367111
2026-08-27 12:40:00-04:00,121.97000122070312,122.2300033569336,121.94029998779297,122.08000183105469,349719
2026-08-27 12:45:00-04:00,122.08000183105469,122.37999725341797,122.02999877929688,122.18000030517578,357636
2026-08-27 12:50:00-04:00,122.18000030517578,122.2699966430664,121.65709686279297,121.91000366210938,225699
2026-08-27 12:55:00-04:00,121.91999816894531,122.05899810791016,121.75,121.97000122070312,155100
2026-08-27 13:00:00-04:00,122.00579833984375,122.38999938964844,121.91000366210938,122.20999908447266,219559
2026-08-27 13:05:00-04:00,122.20999908447266,122.25,121.77110290527344,122.08000183105469,141940
2026-08-27 13:10:00-04:00,122.08989715576172,122.19000244140625,121.94999694824219,122.01000213623047,132314
2026-08-27 13:15:00-04:00,122.01000213623047,122.18000030517578,121.9000015258789,122.07669830322266,126285
2026-08-27 13:20:00-04:00,122.08999633789062,122.44000244140625,121.94999694824219,122.41010284423828,242364
2026-08-27 13:25:00-04:00,122.37000274658203,122.37000274658203,121.2874984741211,121.38999938964844,259803
2026-08-27 13:30:00-04:00,121.41999816894531,121.66999816894531,121.1884994506836,121.36000061035156,190890
2026-08-27 13:35:00-04:00,121.3499984741211,121.63999938964844,121.11000061035156,121.20500183105469,178396
2026-08-27 13:40:00-04:00,121.19999694824219,121.36000061035156,120.83100128173828,120.86009979248047,269334
2026-08-27 13:45:00-04:00,120.86000061035156,121.01000213623047,120.62010192871094,120.84500122070312,221010
2026-08-27 13:50:00-04:00,120.84500122070312,121.22989654541016,120.69999694824219,121.05000305175781,212087
2026-08-27 13:55:00-04:00,121.06999969482422,121.0999984741211,120.55000305175781,120.70999908447266,170137
2026-08-27 14:00:00-04:00,120.7301025390625,120.8499984741211,120.01000213623047,120.01000213623047,291377
2026-08-27 14:05:00-04:00,120.01000213623047,120.48999786376953,119.98999786376953,120.26000213623047,244963
2026-08-27 14:10:00-04:00,120.25,120.4749984741211,119.97000122070312,120.3550033569336,258080
2026-08-27 14:15:00-04:00,120.39949798583984,120.51000213623047,120.02999877929688,120.30000305175781,162509
2026-08-27 14:20:00-04:00,120.29000091552734,120.3594970703125,119.86000061035156,119.9271011352539,189621
2026-08-27 14:25:00-04:00,119.97000122070312,119.97000122070312,118.94999694824219,119.24639892578125,443037
2026-08-27 14:30:00-04:00,119.27999877929688,120.0988998413086,119.19999694824219,119.5010986328125,386487
2026-08-27 14:35:00-04:00,119.48999786376953,120.05000305175781,119.37000274658203,120.0199966430664,202992
2026-08-27 14:40:00-04:00,120.0199966430664,120.19000244140625,119.81009674072266,120.08999633789062,165416
2026-08-27 14:45:00-04:00,120.0999984741211,120.19000244140625,119.6500015258789,119.66000366210938,184699
2026-08-27 14:50:00-04:00,119.66999816894531,119.95999908447266,119.55999755859375,119.9000015258789,157839
2026-08-27 14:55:00-04:00,119.86000061035156,120.1500015258789,119.5,119.98500061035156,159265
2026-08-27 15:00:00-04:00,120.01000213623047,120.4800033569336,119.8499984741211,120.3499984741211,263654
2026-08-27 15:05:00-04:00,120.36000061035156,120.54750061035156,119.7301025390625,120.31999969482422,278374
2026-08-27 15:10:00-04:00,120.33999633789062,120.5,120.19999694824219,120.23500061035156,234913
2026-08-27 15:15:00-04:00,120.2509994506836,120.68000030517578,120.2300033569336,120.59500122070312,402060
2026-08-27 15:20:00-04:00,120.58999633789062,120.77989959716797,120.44999694824219,120.47000122070312,355342
2026-08-27 15:25:00-04:00,120.48999786376953,120.72000122070312,120.19999694824219,120.24430084228516,430036
2026-08-27 15:30:00-04:00,120.22000122070312,120.87000274658203,120.01499938964844,120.8550033569336,1120246
2026-08-27 15:35:00-04:00,120.87000274658203,120.93499755859375,120.67620086669922,120.81500244140625,573082
2026-08-27 15:40:00-04:00,120.80000305175781,120.94000244140625,120.68000030517578,120.83999633789062,522580
2026-08-27 15:45:00-04:00,120.81999969482422,121.25,120.74500274658203,121.19999694824219,1108712
2026-08-27 15:50:00-04:00,121.19000244140625,122.16000366210938,120.91999816894531,122.0,1839786
2026-08-27 15:55:00-04:00,122.01000213623047,123.58999633789062,121.7699966430664,123.16999816894531,3795607
2026-08-28 09:30:00-04:00,119.91999816894531,120.19999694824219,117.72000122070312,118.31999969482422,4785117
2026-08-28 09:35:00-04:00,118.38999938964844,119.94000244140625,117.5199966430664,119.8499984741211,1200458
2026-08-28 09:40:00-04:00,119.80000305175781,121.19989776611328,119.69999694824219,120.05999755859375,988413
2026-08-28 09:45:00-04:00,120.11000061035156,120.44999694824219,119.33000183105469,119.3499984741211,657433
2026-08-28 09:50:00-04:00,119.36000061035156,119.91999816894531,118.5510025024414,118.87000274658203,752628
2026-08-28 09:55:00-04:00,118.87999725341797,120.25,118.75,119.15010070800781,502805
2026-08-28 10:00:00-04:00,119.30000305175781,120.5999984741211,118.35009765625,119.37000274658203,1189710
2026-08-28 10:05:00-04:00,119.30500030517578,119.3499984741211,117.47000122070312,117.88999938964844,1238366
2026-08-28 10:10:00-04:00,117.91999816894531,118.55999755859375,116.5199966430664,117.13999938964844,1477056
2026-08-28 10:15:00-04:00,117.16000366210938,118.72000122070312,117.08999633789062,118.23500061035156,832518
2026-08-28 10:20:00-04:00,118.33000183105469,119.52189636230469,118.16010284423828,119.01419830322266,933792
2026-08-28 10:25:00-04:00,119.06999969482422,119.5,118.27999877929688,119.4800033569336,578698
2026-08-28 10:30:00-04:00,119.48999786376953,120.08999633789062,118.60060119628906,120.06500244140625,668186
2026-08-28 10:35:00-04:00,120.05999755859375,120.44999694824219,119.5999984741211,119.69999694824219,699274
2026-08-28 10:40:00-04:00,119.5999984741211,120.2313003540039,119.28350067138672,119.80999755859375,381679
2026-08-28 10:45:00-04:00,119.79219818115234,119.97000122070312,119.01000213623047,119.12999725341797,372310
2026-08-28 10:50:00-04:00,119.08000183105469,119.56999969482422,118.69999694824219,118.76499938964844,503350
2026-08-28 10:55:00-04:00,118.73999786376953,119.69999694824219,118.69999694824219,119.38500213623047,342399
2026-08-28 11:00:00-04:00,119.30999755859375,119.62000274658203,118.69000244140625,118.80619812011719,413164
2026-08-28 11:05:00-04:00,118.77950286865234,118.97000122070312,118.05999755859375,118.11990356445312,505272
2026-08-28 11:10:00-04:00,118.06999969482422,118.33999633789062,117.66000366210938,117.81999969482422,612815
2026-08-28 11:15:00-04:00,117.80999755859375,118.27999877929688,117.7699966430664,118.0199966430664,307368
2026-08-28 11:20:00-04:00,117.97000122070312,118.33999633789062,117.30999755859375,117.80999755859375,436381
2026-08-28 11:25:00-04:00,117.80000305175781,118.26499938964844,117.70999908447266,117.9000015258789,213451
2026-08-28 11:30:00-04:00,117.91999816894531,117.91999816894531,117.27999877929688,117.27999877929688,299715
2026-08-28 11:35:00-04:00,117.29499816894531,117.48999786376953,116.58000183105469,116.62010192871094,653605
2026-08-28 11:40:00-04:00,116.62200164794922,116.63999938964844,115.36000061035156,115.55500030517578,1055981
2026-08-28 11:45:00-04:00,115.55000305175781,115.55999755859375,114.08000183105469,114.33000183105469,1197697
2026-08-28 11:50:00-04:00,114.29000091552734,114.63520050048828,113.1500015258789,114.09500122070312,1283346
2026-08-28 11:55:00-04:00,114.06999969482422,114.06999969482422,111.86000061035156,111.99970245361328,1477907
2026-08-28 12:00:00-04:00,112.06999969482422,112.24949645996094,110.63999938964844,111.30000305175781,1993090
2026-08-28 12:05:00-04:00,111.33589935302734,113.55000305175781,111.19999694824219,113.5,1379300
2026-08-28 12:10:00-04:00,113.52999877929688,113.52999877929688,112.17350006103516,112.31999969482422,1039664
2026-08-28 12:15:00-04:00,112.31999969482422,112.5999984741211,111.06999969482422,111.46170043945312,866658
2026-08-28 12:20:00-04:00,111.47000122070312,111.7499008178711,110.87999725341797,111.52999877929688,749472
2026-08-28 12:25:00-04:00,111.47000122070312,111.91999816894531,111.32009887695312,111.54000091552734,559755
2026-08-28 12:30:00-04:00,111.50499725341797,111.91999816894531,110.75,110.75,601702
2026-08-28 12:35:00-04:00,110.75039672851562,111.84989929199219,110.68000030517578,111.48500061035156,737795
2026-08-28 12:40:00-04:00,111.4800033569336,111.48999786376953,110.7500991821289,111.20999908447266,444420
2026-08-28 12:45:00-04:00,111.22000122070312,112.87000274658203,111.19000244140625,112.57499694824219,658434
2026-08-28 12:50:00-04:00,112.5999984741211,113.1771011352539,112.22000122070312,112.29049682617188,540156
2026-08-28 12:55:00-04:00,112.30609893798828,112.56849670410156,111.88009643554688,112.05000305175781,346832
2026-08-28 13:00:00-04:00,112.05000305175781,112.05000305175781,110.69999694824219,111.22000122070312,902147
2026-08-28 13:05:00-04:00,111.22000122070312,111.22000122070312,110.20999908447266,110.8499984741211,752996
2026-08-28 13:10:00-04:00,110.8499984741211,111.46499633789062,110.61009979248047,111.4000015258789,476560
2026-08-28 13:15:00-04:00,111.38500213623047,111.67900085449219,111.05000305175781,111.5,201328
2026-08-28 13:20:00-04:00,111.41999816894531,111.65989685058594,110.94999694824219,111.5,285663
2026-08-28 13:25:00-04:00,111.55000305175781,112.06999969482422,111.25,111.55000305175781,368409
2026-08-28 13:30:00-04:00,111.53990173339844,112.33989715576172,111.43000030517578,112.05000305175781,346751
2026-08-28 13:35:00-04:00,112.05999755859375,112.4800033569336,111.47000122070312,111.57499694824219,403822
2026-08-28 13:40:00-04:00,111.5416030883789,111.97989654541016,111.41999816894531,111.91500091552734,194410
2026-08-28 13:45:00-04:00,111.8949966430664,112.9800033569336,111.81999969482422,112.87010192871094,452002
2026-08-28 13:50:00-04:00,112.87830352783203,113.05000305175781,112.55999755859375,112.91000366210938,388800
2026-08-28 13:55:00-04:00,112.88999938964844,112.88999938964844,112.3499984741211,112.62000274658203,198661
2026-08-28 14:00:00-04:00,112.65809631347656,112.76000213623047,112.0,112.0000991821289,209121
2026-08-28 14:05:00-04:00,112.0000991821289,112.47000122070312,112.0,112.16999816894531,163004
2026-08-28 14:10:00-04:00,112.21499633789062,112.47000122070312,111.93000030517578,111.94000244140625,203115
2026-08-28 14:15:00-04:00,111.94000244140625,112.22000122070312,111.87999725341797,112.125,181626
2026-08-28 14:20:00-04:00,112.12999725341797,112.5,111.80999755859375,112.04000091552734,264107
2026-08-28 14:25:00-04:00,112.0,112.36000061035156,111.9000015258789,112.01000213623047,156425
2026-08-28 14:30:00-04:00,111.9801025390625,112.35790252685547,111.80000305175781,112.33000183105469,233094
2026-08-28 14:35:00-04:00,112.33000183105469,112.55999755859375,111.8499984741211,111.87000274658203,245828
2026-08-28 14:40:00-04:00,111.83999633789062,112.22000122070312,111.55000305175781,111.8499984741211,254856
2026-08-28 14:45:00-04:00,111.80999755859375,111.83499908447266,111.31999969482422,111.44000244140625,232641
2026-08-28 14:50:00-04:00,111.43000030517578,111.43000030517578,110.83999633789062,111.12010192871094,406214
2026-08-28 14:55:00-04:00,111.13999938964844,111.27999877929688,110.83000183105469,111.1050033569336,249243
2026-08-28 15:00:00-04:00,111.11000061035156,111.87000274658203,110.93000030517578,111.48999786376953,512723
2026-08-28 15:05:00-04:00,111.48500061035156,111.9800033569336,111.0199966430664,111.95500183105469,780284
2026-08-28 15:10:00-04:00,111.95500183105469,111.96990203857422,111.38089752197266,111.7249984741211,497384
2026-08-28 15:15:00-04:00,111.74649810791016,112.08000183105469,111.44999694824219,112.04000091552734,586351
2026-08-28 15:20:00-04:00,112.05000305175781,112.33999633789062,111.76000213623047,112.03500366210938,704945
2026-08-28 15:25:00-04:00,112.05999755859375,112.6500015258789,111.83999633789062,112.48999786376953,804536
2026-08-28 15:30:00-04:00,112.5,112.6500015258789,112.03500366210938,112.21420288085938,2519768
2026-08-28 15:35:00-04:00,112.19999694824219,112.2300033569336,111.75,112.0250015258789,906949
2026-08-28 15:40:00-04:00,112.04319763183594,112.47000122070312,112.03500366210938,112.33000183105469,977326
2026-08-28 15:45:00-04:00,112.33000183105469,112.45999908447266,111.83000183105469,112.32990264892578,1095707
2026-08-28 15:50:00-04:00,112.33000183105469,112.87999725341797,111.43000030517578,111.7699966430664,1932850
2026-08-28 15:55:00-04:00,111.76000213623047,112.11000061035156,111.25,111.37000274658203,2444631
2026-08-31 09:30:00-04:00,112.41000366210938,115.05000305175781,112.25,114.3499984741211,7124638
2026-08-31 09:35:00-04:00,114.3499984741211,114.36499786376953,111.58470153808594,111.62999725341797,1245498
2026-08-31 09:40:00-04:00,111.69999694824219,113.12000274658203,111.29000091552734,112.52999877929688,846909
2026-08-31 09:45:00-04:00,112.48999786376953,114.19999694824219,112.19090270996094,113.1812973022461,814622
2026-08-31 09:50:00-04:00,113.16999816894531,113.80000305175781,112.5,113.66000366210938,555578
2026-08-31 09:55:00-04:00,113.6449966430664,113.9000015258789,113.23999786376953,113.4613037109375,444512
2026-08-31 10:00:00-04:00,113.5687026977539,114.17009735107422,112.68000030517578,113.0250015258789,544954
2026-08-31 10:05:00-04:00,113.04000091552734,113.43499755859375,112.4800033569336,112.4800033569336,333311
2026-08-31 10:10:00-04:00,112.4801025390625,112.94999694824219,112.27010345458984,112.7699966430664,378955
2026-08-31 10:15:00-04:00,112.7499008178711,113.38999938964844,112.5,113.0199966430664,441454
2026-08-31 10:20:00-04:00,113.00499725341797,113.3499984741211,112.22000122070312,112.2249984741211,404792
2026-08-31 10:25:00-04:00,112.22000122070312,112.45999908447266,112.05000305175781,112.19999694824219,415372
2026-08-31 10:30:00-04:00,112.12999725341797,112.46990203857422,111.81999969482422,112.41000366210938,575600
2026-08-31 10:35:00-04:00,112.36000061035156,113.0999984741211,112.16500091552734,112.82499694824219,356691
2026-08-31 10:40:00-04:00,112.7936019897461,113.17289733886719,112.69000244140625,112.94000244140625,230613
2026-08-31 10:45:00-04:00,113.0,113.04000091552734,112.05000305175781,112.1500015258789,322312
2026-08-31 10:50:00-04:00,112.1500015258789,112.41999816894531,111.70394134521484,112.18000030517578,356228
2026-08-31 10:55:00-04:00,112.15499877929688,112.5,111.69999694824219,111.86000061035156,336029
2026-08-31 11:00:00-04:00,111.83999633789062,112.2699966430664,111.25,111.5199966430664,500089
2026-08-31 11:05:00-04:00,111.4800033569336,111.79720306396484,111.1500015258789,111.15499877929688,357435
2026-08-31 11:10:00-04:00,111.20010375976562,111.41999816894531,110.86000061035156,111.33499908447266,484661
2026-08-31 11:15:00-04:00,111.3041000366211,111.4999008178711,110.91500091552734,111.30000305175781,251684
2026-08-31 11:20:00-04:00,111.30000305175781,111.69999694824219,111.12999725341797,111.6500015258789,204361
2026-08-31 11:25:00-04:00,111.66000366210938,112.0999984741211,111.45999908447266,111.68000030517578,297257
2026-08-31 11:30:00-04:00,111.6500015258789,111.80000305175781,111.1500015258789,111.4000015258789,255758
2026-08-31 11:35:00-04:00,111.37999725341797,111.4800033569336,111.0999984741211,111.33999633789062,166771
2026-08-31 11:40:00-04:00,111.36039733886719,111.3865966796875,111.03009796142578,111.37000274658203,140153
2026-08-31 11:45:00-04:00,111.33999633789062,111.54499816894531,111.14179992675781,111.25499725341797,158749
2026-08-31 11:50:00-04:00,111.25499725341797,111.53520202636719,111.0510025024414,111.07499694824219,223525
2026-08-31 11:55:00-04:00,111.05999755859375,111.14900207519531,110.77999877929688,110.8499984741211,258425
2026-08-31 12:00:00-04:00,110.86000061035156,110.88999938964844,110.5,110.56500244140625,350662
2026-08-31 12:05:00-04:00,110.55500030517578,110.7750015258789,110.33000183105469,110.44999694824219,332061
2026-08-31 12:10:00-04:00,110.44499969482422,111.25,110.41999816894531,110.94499969482422,449227
2026-08-31 12:15:00-04:00,110.94380187988281,111.11000061035156,110.80000305175781,111.08999633789062,206178
2026-08-31 12:20:00-04:00,111.0999984741211,111.30999755859375,111.08999633789062,111.18000030517578,250001
2026-08-31 12:25:00-04:00,111.19999694824219,111.75,111.19000244140625,111.73999786376953,277113
2026-08-31 12:30:00-04:00,111.75,111.8499984741211,111.56009674072266,111.58910369873047,173325
2026-08-31 12:35:00-04:00,111.61000061035156,111.83000183105469,111.55010223388672,111.55010223388672,207068
2026-08-31 12:40:00-04:00,111.55000305175781,112.13999938964844,111.45999908447266,111.86000061035156,292357
2026-08-31 12:45:00-04:00,111.86000061035156,112.03189849853516,111.62000274658203,111.87999725341797,131956
2026-08-31 12:50:00-04:00,111.88999938964844,112.16000366210938,111.83000183105469,112.06999969482422,128447
2026-08-31 12:55:00-04:00,112.0447006225586,112.26000213623047,111.97000122070312,112.24500274658203,183873
2026-08-31 13:00:00-04:00,112.19999694824219,112.20999908447266,111.94999694824219,112.01010131835938,111005
2026-08-31 13:05:00-04:00,112.06999969482422,112.19999694824219,111.91999816894531,112.01499938964844,366939
2026-08-31 13:10:00-04:00,112.00499725341797,112.01499938964844,111.68000030517578,111.68499755859375,134082
2026-08-31 13:15:00-04:00,111.69000244140625,111.86000061035156,111.52999877929688,111.61000061035156,88204
2026-08-31 13:20:00-04:00,111.53009796142578,111.73999786376953,111.44000244140625,111.65989685058594,80722
2026-08-31 13:25:00-04:00,111.63990020751953,111.6449966430664,111.30999755859375,111.36000061035156,111600
2026-08-31 13:30:00-04:00,111.36499786376953,111.58999633789062,111.30500030517578,111.30500030517578,101538
2026-08-31 13:35:00-04:00,111.30999755859375,111.71980285644531,111.30999755859375,111.71980285644531,87095
2026-08-31 13:40:00-04:00,111.69000244140625,112.04000091552734,111.66999816894531,111.99949645996094,143326
2026-08-31 13:45:00-04:00,112.0,112.08999633789062,111.9000015258789,111.91999816894531,133774
2026-08-31 13:50:00-04:00,111.91000366210938,112.20999908447266,111.9000015258789,112.16000366210938,230085
2026-08-31 13:55:00-04:00,112.1500015258789,112.19000244140625,111.78179931640625,111.9000015258789,128221
2026-08-31 14:00:00-04:00,111.91000366210938,112.40499877929688,111.8499984741211,112.39800262451172,163976
2026-08-31 14:05:00-04:00,112.37999725341797,112.69999694824219,112.29000091552734,112.55999755859375,201093
2026-08-31 14:10:00-04:00,112.55999755859375,112.5999984741211,112.41000366210938,112.43990325927734,78980
2026-08-31 14:15:00-04:00,112.43000030517578,112.69999694824219,112.42500305175781,112.58000183105469,125376
2026-08-31 14:20:00-04:00,112.56999969482422,112.83989715576172,112.44999694824219,112.80500030517578,136853
2026-08-31 14:25:00-04:00,112.80000305175781,112.81999969482422,112.4000015258789,112.43250274658203,115337
2026-08-31 14:30:00-04:00,112.41500091552734,112.52629852294922,112.20010375976562,112.23529815673828,135524
2026-08-31 14:35:00-04:00,112.2699966430664,112.34829711914062,111.70800018310547,111.70999908447266,188534
2026-08-31 14:40:00-04:00,111.70999908447266,111.75,111.4000015258789,111.63999938964844,269179
2026-08-31 14:45:00-04:00,111.68679809570312,111.68679809570312,111.31210327148438,111.62000274658203,255350
2026-08-31 14:50:00-04:00,111.6050033569336,111.69999694824219,111.44000244140625,111.61499786376953,162143
2026-08-31 14:55:00-04:00,111.59500122070312,111.68000030517578,111.31999969482422,111.33000183105469,218533
2026-08-31 15:00:00-04:00,111.33999633789062,111.62000274658203,111.33999633789062,111.36009979248047,142743
2026-08-31 15:05:00-04:00,111.36990356445312,111.44999694824219,111.30000305175781,111.33999633789062,170890
2026-08-31 15:10:00-04:00,111.33000183105469,111.62999725341797,111.33000183105469,111.58000183105469,158657
2026-08-31 15:15:00-04:00,111.58000183105469,111.73619842529297,111.46869659423828,111.66999816894531,167155
2026-08-31 15:20:00-04:00,111.68000030517578,112.0999984741211,111.66000366210938,112.0250015258789,201380
2026-08-31 15:25:00-04:00,112.0199966430664,112.30999755859375,111.88819885253906,111.95999908447266,360513
2026-08-31 15:30:00-04:00,111.94499969482422,112.23500061035156,111.83000183105469,112.05999755859375,213902
2026-08-31 15:35:00-04:00,112.05000305175781,112.31999969482422,112.0,112.30000305175781,155078
2026-08-31 15:40:00-04:00,112.31990051269531,112.55000305175781,112.2699966430664,112.4800033569336,453687
2026-08-31 15:45:00-04:00,112.4800033569336,112.55999755859375,112.12000274658203,112.36499786376953,625893
2026-08-31 15:50:00-04:00,112.38999938964844,112.94000244140625,112.38999938964844,112.63999938964844,1850316
2026-08-31 15:55:00-04:00,112.62000274658203,113.11000061035156,112.38999938964844,112.84500122070312,2320328
2026-09-01 09:30:00-04:00,106.3550033569336,106.56999969482422,105.18800354003906,105.41960144042969,9800413
2026-09-01 09:35:00-04:00,105.45369720458984,106.0,103.44010162353516,104.08000183105469,2650461
2026-09-01 09:40:00-04:00,104.08000183105469,104.30000305175781,102.30999755859375,103.26000213623047,2366845
2026-09-01 09:45:00-04:00,103.27999877929688,104.1500015258789,103.01000213623047,104.06999969482422,1413281
2026-09-01 09:50:00-04:00,104.06999969482422,104.47000122070312,103.63999938964844,104.25499725341797,1309341
2026-09-01 09:55:00-04:00,104.2699966430664,104.45989990234375,103.44999694824219,103.5250015258789,883961
2026-09-01 10:00:00-04:00,103.58999633789062,104.0,102.91010284423828,103.16000366210938,1012981
2026-09-01 10:05:00-04:00,103.16500091552734,104.05989837646484,103.16500091552734,103.7699966430664,673323
2026-09-01 10:10:00-04:00,103.78500366210938,103.8499984741211,102.46009826660156,102.69499969482422,1140839
2026-09-01 10:15:00-04:00,102.68000030517578,103.4738998413086,102.52999877929688,102.68499755859375,877306
2026-09-01 10:20:00-04:00,102.69999694824219,103.39990234375,102.63999938964844,102.73999786376953,639797
2026-09-01 10:25:00-04:00,102.72000122070312,103.25,102.52999877929688,102.62000274658203,738096
2026-09-01 10:30:00-04:00,102.61000061035156,103.78359985351562,102.58999633789062,103.71499633789062,970942
2026-09-01 10:35:00-04:00,103.71499633789062,104.0199966430664,103.49009704589844,103.79399871826172,775739
2026-09-01 10:40:00-04:00,103.8156967163086,104.80000305175781,103.63999938964844,104.80000305175781,719022
2026-09-01 10:45:00-04:00,104.80000305175781,105.69999694824219,104.6500015258789,105.27999877929688,1358471
2026-09-01 10:50:00-04:00,105.27999877929688,105.58000183105469,105.02999877929688,105.06500244140625,658178
2026-09-01 10:55:00-04:00,105.08999633789062,105.91999816894531,105.0199966430664,105.90989685058594,628763
2026-09-01 11:00:00-04:00,105.91999816894531,106.69999694824219,105.9000015258789,106.37999725341797,1158010
2026-09-01 11:05:00-04:00,106.37000274658203,106.40499877929688,105.70999908447266,105.8499984741211,589117
2026-09-01 11:10:00-04:00,105.86499786376953,106.04000091552734,105.54000091552734,105.54000091552734,423138
2026-09-01 11:15:00-04:00,105.54000091552734,105.66999816894531,105.2300033569336,105.4800033569336,385360
2026-09-01 11:20:00-04:00,105.47000122070312,106.19999694824219,105.35980224609375,106.15989685058594,368920
2026-09-01 11:25:00-04:00,106.13999938964844,106.62000274658203,106.05000305175781,106.62000274658203,674836
2026-09-01 11:30:00-04:00,106.61000061035156,106.88999938964844,106.36859893798828,106.54010009765625,587540
2026-09-01 11:35:00-04:00,106.58000183105469,107.23999786376953,106.44999694824219,107.2219009399414,619324
2026-09-01 11:40:00-04:00,107.2074966430664,107.92900085449219,107.1500015258789,107.88999938964844,766974
2026-09-01 11:45:00-04:00,107.87999725341797,108.63999938964844,107.87000274658203,108.19000244140625,794602
2026-09-01 11:50:00-04:00,108.19999694824219,108.30000305175781,107.75,108.02050018310547,541938
2026-09-01 11:55:00-04:00,108.05000305175781,108.0999984741211,107.3499984741211,107.60990142822266,429549
2026-09-01 12:00:00-04:00,107.61499786376953,107.73999786376953,107.30829620361328,107.36000061035156,211338
2026-09-01 12:05:00-04:00,107.30000305175781,107.36000061035156,106.80999755859375,107.2300033569336,462176
2026-09-01 12:10:00-04:00,107.23500061035156,107.45999908447266,106.95999908447266,107.15499877929688,307693
2026-09-01 12:15:00-04:00,107.11009979248047,107.23999786376953,106.63040161132812,106.69000244140625,306839
2026-09-01 12:20:00-04:00,106.68609619140625,106.68609619140625,105.97370147705078,106.0199966430664,573124
2026-09-01 12:25:00-04:00,106.01000213623047,106.13500213623047,105.25,105.5250015258789,627607
2026-09-01 12:30:00-04:00,105.5,105.63800048828125,104.5199966430664,104.55999755859375,690067
2026-09-01 12:35:00-04:00,104.58000183105469,105.37899780273438,104.52999877929688,105.36969757080078,405362
2026-09-01 12:40:00-04:00,105.36799621582031,105.69999694824219,105.05000305175781,105.19999694824219,383246
2026-09-01 12:45:00-04:00,105.18000030517578,105.8499984741211,105.14592742919922,105.84829711914062,272610
2026-09-01 12:50:00-04:00,105.84989929199219,106.12000274658203,105.69000244140625,106.0,342057
2026-09-01 12:55:00-04:00,106.04499816894531,106.61750030517578,106.02999877929688,106.40950012207031,393910
2026-09-01 13:00:00-04:00,106.38009643554688,106.44999694824219,105.55000305175781,105.55000305175781,263497
2026-09-01 13:05:00-04:00,105.54000091552734,105.81999969482422,105.25469970703125,105.30000305175781,222453
2026-09-01 13:10:00-04:00,105.33999633789062,105.44999694824219,105.0199966430664,105.26000213623047,242129
2026-09-01 13:15:00-04:00,105.25,105.3595962524414,104.69999694824219,104.76000213623047,296471
2026-09-01 13:20:00-04:00,104.80249786376953,105.02999877929688,104.71749877929688,104.95999908447266,180963
2026-09-01 13:25:00-04:00,104.9800033569336,105.25,104.32630157470703,105.20500183105469,449930
2026-09-01 13:30:00-04:00,105.19000244140625,105.48999786376953,104.9574966430664,105.1500015258789,290779
2026-09-01 13:35:00-04:00,105.18910217285156,105.30609893798828,104.77999877929688,104.77999877929688,147414
2026-09-01 13:40:00-04:00,104.77999877929688,105.08000183105469,104.77999877929688,104.9000015258789,115715
2026-09-01 13:45:00-04:00,104.91999816894531,105.0999984741211,104.45999908447266,104.55500030517578,377610
2026-09-01 13:50:00-04:00,104.54000091552734,104.97000122070312,104.45999908447266,104.5811996459961,312467
2026-09-01 13:55:00-04:00,104.55999755859375,104.70999908447266,104.41000366210938,104.62999725341797,184981
2026-09-01 14:00:00-04:00,104.6050033569336,104.80000305175781,104.19999694824219,104.27999877929688,223806
2026-09-01 14:05:00-04:00,104.2509994506836,104.48989868164062,104.12010192871094,104.44969940185547,228175
2026-09-01 14:10:00-04:00,104.43000030517578,104.5199966430664,103.8499984741211,103.9800033569336,339114
2026-09-01 14:15:00-04:00,103.98999786376953,104.30000305175781,103.7300033569336,104.19000244140625,295876
2026-09-01 14:20:00-04:00,104.19000244140625,104.31950378417969,104.04000091552734,104.22010040283203,143990
2026-09-01 14:25:00-04:00,104.22000122070312,104.36000061035156,103.5999984741211,104.01000213623047,306039
2026-09-01 14:30:00-04:00,104.0,104.23999786376953,103.76000213623047,103.83499908447266,203832
2026-09-01 14:35:00-04:00,103.80999755859375,104.0199966430664,103.63009643554688,103.83000183105469,231231
2026-09-01 14:40:00-04:00,103.83000183105469,103.90989685058594,103.04000091552734,103.05000305175781,605008
2026-09-01 14:45:00-04:00,103.05079650878906,103.61000061035156,102.69999694824219,103.51000213623047,962881
2026-09-01 14:50:00-04:00,103.5,103.76000213623047,103.29000091552734,103.69000244140625,392809
2026-09-01 14:55:00-04:00,103.68499755859375,104.32499694824219,103.62999725341797,104.27999877929688,557444
2026-09-01 15:00:00-04:00,104.27999877929688,104.9800033569336,104.20999908447266,104.9489974975586,632247
2026-09-01 15:05:00-04:00,104.94999694824219,105.27989959716797,104.69999694824219,105.18000030517578,837059
2026-09-01 15:10:00-04:00,105.19999694824219,105.66000366210938,105.0270004272461,105.61000061035156,559525
2026-09-01 15:15:00-04:00,105.625,105.69999694824219,105.27999877929688,105.43000030517578,485634
2026-09-01 15:20:00-04:00,105.43000030517578,105.7249984741211,105.06999969482422,105.7249984741211,509530
2026-09-01 15:25:00-04:00,105.70999908447266,106.13999938964844,105.65499877929688,106.0999984741211,812661
2026-09-01 15:30:00-04:00,106.1176986694336,106.23999786376953,105.24500274658203,105.72049713134766,2320323
2026-09-01 15:35:00-04:00,105.72000122070312,105.82499694824219,105.1500015258789,105.20999908447266,610929
2026-09-01 15:40:00-04:00,105.19000244140625,105.78990173339844,105.12000274658203,105.7300033569336,979688
2026-09-01 15:45:00-04:00,105.75,106.07499694824219,105.38999938964844,105.8949966430664,920362
2026-09-01 15:50:00-04:00,105.87999725341797,105.87999725341797,104.7300033569336,105.08999633789062,1480912
2026-09-01 15:55:00-04:00,105.08999633789062,106.02999877929688,105.08000183105469,105.77999877929688,2297590
2026-09-02 09:30:00-04:00,104.5,105.69999694824219,103.58999633789062,104.9000015258789,7375493
2026-09-02 09:35:00-04:00,104.91999816894531,105.37999725341797,103.9000015258789,105.37999725341797,857622
2026-09-02 09:40:00-04:00,105.38999938964844,105.95999908447266,104.70999908447266,104.875,1025261
2026-09-02 09:45:00-04:00,104.9000015258789,105.08000183105469,102.7699966430664,102.94999694824219,1342240
2026-09-02 09:50:00-04:00,102.98999786376953,103.36820220947266,101.4000015258789,101.5999984741211,1857499
2026-09-02 09:55:00-04:00,101.5999984741211,102.76000213623047,101.33999633789062,102.69000244140625,1543335
2026-09-02 10:00:00-04:00,102.66000366210938,103.47000122070312,102.30000305175781,103.45999908447266,1273930
2026-09-02 10:05:00-04:00,103.43699645996094,104.44999694824219,103.37999725341797,104.33699798583984,1097587
2026-09-02 10:10:00-04:00,104.3499984741211,105.16999816894531,104.17500305175781,105.13999938964844,979571
2026-09-02 10:15:00-04:00,105.16000366210938,106.4000015258789,104.96009826660156,106.31999969482422,1245106
2026-09-02 10:20:00-04:00,106.32499694824219,106.75,105.94000244140625,106.12000274658203,1174696
2026-09-02 10:25:00-04:00,106.11499786376953,106.73999786376953,105.80999755859375,106.68000030517578,755905
2026-09-02 10:30:00-04:00,106.66000366210938,108.0,106.37960052490234,107.87999725341797,1107158
2026-09-02 10:35:00-04:00,107.88999938964844,108.06999969482422,106.42009735107422,106.83709716796875,1137430
2026-09-02 10:40:00-04:00,106.83999633789062,107.0199966430664,106.27989959716797,106.75,601524
2026-09-02 10:45:00-04:00,106.7249984741211,106.74500274658203,105.41999816894531,105.77999877929688,754133
2026-09-02 10:50:00-04:00,105.75,105.87809753417969,105.20999908447266,105.48500061035156,525353
2026-09-02 10:55:00-04:00,105.45999908447266,105.79000091552734,104.81999969482422,105.02999877929688,514599
2026-09-02 11:00:00-04:00,105.03500366210938,105.44989776611328,104.64398956298828,105.3550033569336,569509
2026-09-02 11:05:00-04:00,105.3550033569336,106.12000274658203,105.04000091552734,106.0999984741211,482393
2026-09-02 11:10:00-04:00,106.11000061035156,106.25,105.74199676513672,106.14949798583984,411482
2026-09-02 11:15:00-04:00,106.0999984741211,106.68000030517578,106.05840301513672,106.4000015258789,449541
2026-09-02 11:20:00-04:00,106.38999938964844,106.69000244140625,105.9800033569336,106.19000244140625,324915
2026-09-02 11:25:00-04:00,106.20089721679688,106.89990234375,106.19000244140625,106.86000061035156,303395
2026-09-02 11:30:00-04:00,106.8499984741211,107.2699966430664,106.73200225830078,107.13999938964844,395666
2026-09-02 11:35:00-04:00,107.1449966430664,107.30000305175781,106.71849822998047,106.84500122070312,364832
2026-09-02 11:40:00-04:00,106.86000061035156,107.7300033569336,106.86000061035156,107.59500122070312,398356
2026-09-02 11:45:00-04:00,107.62000274658203,107.62999725341797,107.0281982421875,107.08000183105469,401968
2026-09-02 11:50:00-04:00,107.08000183105469,107.38999938964844,106.79499816894531,107.05010223388672,322359
2026-09-02 11:55:00-04:00,107.05999755859375,107.66999816894531,106.7699966430664,107.55989837646484,341697
2026-09-02 12:00:00-04:00,107.55999755859375,107.68000030517578,107.19999694824219,107.5728988647461,265332
2026-09-02 12:05:00-04:00,107.58999633789062,107.9000015258789,107.48999786376953,107.58000183105469,242940
2026-09-02 12:10:00-04:00,107.58999633789062,107.79000091552734,107.29000091552734,107.48639678955078,257853
2026-09-02 12:15:00-04:00,107.4800033569336,107.5250015258789,106.87999725341797,107.0999984741211,269249
2026-09-02 12:20:00-04:00,107.11499786376953,107.19950103759766,106.80999755859375,107.04000091552734,160450
2026-09-02 12:25:00-04:00,107.05000305175781,107.1500015258789,106.3550033569336,106.51000213623047,305414
2026-09-02 12:30:00-04:00,106.5625991821289,106.9800033569336,106.47000122070312,106.75980377197266,214915
2026-09-02 12:35:00-04:00,106.77999877929688,106.98989868164062,106.43000030517578,106.45919799804688,198048
2026-09-02 12:40:00-04:00,106.47000122070312,106.54949951171875,106.11000061035156,106.16500091552734,232147
2026-09-02 12:45:00-04:00,106.18000030517578,106.43000030517578,106.02999877929688,106.1792984008789,191581
2026-09-02 12:50:00-04:00,106.18000030517578,106.26000213623047,105.80000305175781,106.19999694824219,288920
2026-09-02 12:55:00-04:00,106.2249984741211,106.4000015258789,106.00180053710938,106.37999725341797,174743
2026-09-02 13:00:00-04:00,106.37999725341797,106.8895034790039,106.37000274658203,106.68499755859375,275546
2026-09-02 13:05:00-04:00,106.70999908447266,106.88500213623047,105.63999938964844,105.73999786376953,355081
2026-09-02 13:10:00-04:00,105.72100067138672,106.25,105.70999908447266,106.05999755859375,171742
2026-09-02 13:15:00-04:00,106.08000183105469,106.11499786376953,105.83000183105469,106.0,81478
2026-09-02 13:20:00-04:00,106.0199966430664,106.2499008178711,105.88999938964844,106.05999755859375,118068
2026-09-02 13:25:00-04:00,106.05999755859375,106.25,105.97480010986328,106.19999694824219,91460
2026-09-02 13:30:00-04:00,106.19960021972656,106.29000091552734,106.0,106.00469970703125,132136
2026-09-02 13:35:00-04:00,106.01499938964844,106.20999908447266,105.9800033569336,106.0615005493164,109092
2026-09-02 13:40:00-04:00,106.02999877929688,106.2300033569336,105.88999938964844,106.20700073242188,157457
2026-09-02 13:45:00-04:00,106.19999694824219,106.55999755859375,106.17500305175781,106.19539642333984,179184
2026-09-02 13:50:00-04:00,106.19999694824219,106.25,105.87999725341797,105.98999786376953,107372
2026-09-02 13:55:00-04:00,105.97000122070312,106.0,105.74500274658203,105.88500213623047,107934
2026-09-02 14:00:00-04:00,105.87999725341797,105.90249633789062,105.5199966430664,105.81999969482422,173941
2026-09-02 14:05:00-04:00,105.81990051269531,106.0999984741211,105.62629699707031,105.77999877929688,164885
2026-09-02 14:10:00-04:00,105.76000213623047,105.83000183105469,105.51000213623047,105.69999694824219,146899
2026-09-02 14:15:00-04:00,105.7083969116211,106.30000305175781,105.45010375976562,105.88500213623047,383986
2026-09-02 14:20:00-04:00,105.86000061035156,106.0,105.72000122070312,106.0,112475
2026-09-02 14:25:00-04:00,106.0199966430664,106.11990356445312,105.76000213623047,105.84391021728516,137999
2026-09-02 14:30:00-04:00,105.86499786376953,106.25,105.79000091552734,105.93000030517578,143952
2026-09-02 14:35:00-04:00,105.91999816894531,106.05000305175781,105.80999755859375,105.88379669189453,115540
2026-09-02 14:40:00-04:00,105.90519714355469,105.94989776611328,105.7699966430664,105.93000030517578,92388
2026-09-02 14:45:00-04:00,105.93000030517578,106.44000244140625,105.88500213623047,106.3499984741211,163370
2026-09-02 14:50:00-04:00,106.37000274658203,106.41999816894531,106.08899688720703,106.25,112205
2026-09-02 14:55:00-04:00,106.26499938964844,106.5999984741211,106.25499725341797,106.45999908447266,202919
2026-09-02 15:00:00-04:00,106.43000030517578,106.5199966430664,106.25,106.37000274658203,263882
2026-09-02 15:05:00-04:00,106.3550033569336,106.5999984741211,106.3550033569336,106.4749984741211,202808
2026-09-02 15:10:00-04:00,106.47000122070312,106.55999755859375,106.30999755859375,106.33000183105469,198328
2026-09-02 15:15:00-04:00,106.30999755859375,106.43000030517578,106.05000305175781,106.26000213623047,272552
2026-09-02 15:20:00-04:00,106.25050354003906,106.36000061035156,105.93499755859375,106.07009887695312,235609
2026-09-02 15:25:00-04:00,106.07599639892578,106.30999755859375,105.9000015258789,106.2699966430664,251893
2026-09-02 15:30:00-04:00,106.26499938964844,106.37000274658203,106.11009979248047,106.3290023803711,1026961
2026-09-02 15:35:00-04:00,106.33000183105469,106.33000183105469,106.0801010131836,106.09429931640625,249511
2026-09-02 15:40:00-04:00,106.1094970703125,106.12000274658203,105.9000015258789,106.0999984741211,190304
2026-09-02 15:45:00-04:00,106.08999633789062,106.29000091552734,106.08999633789062,106.20999908447266,318640
2026-09-02 15:50:00-04:00,106.23999786376953,106.41999816894531,105.94000244140625,106.30000305175781,605274
2026-09-02 15:55:00-04:00,106.29000091552734,106.43000030517578,106.0,106.36000061035156,2419569
2026-09-03 09:30:00-04:00,103.0,103.37999725341797,99.41999816894531,100.09500122070312,9880139
2026-09-03 09:35:00-04:00,100.0999984741211,101.28990173339844,98.62039947509766,101.25,3346632
2026-09-03 09:40:00-04:00,101.26609802246094,102.25499725341797,100.79000091552734,101.3499984741211,2202444
2026-09-03 09:45:00-04:00,101.27999877929688,102.36759948730469,100.94999694824219,102.22000122070312,1232601
2026-09-03 09:50:00-04:00,102.23500061035156,102.54000091552734,101.0801010131836,101.62870025634766,1218235
2026-09-03 09:55:00-04:00,101.58999633789062,101.9000015258789,100.8499984741211,101.24500274658203,881497
2026-09-03 10:00:00-04:00,101.16999816894531,101.38999938964844,99.51010131835938,100.05500030517578,1829464
2026-09-03 10:05:00-04:00,100.05500030517578,100.37999725341797,99.0,99.66999816894531,1696178
2026-09-03 10:10:00-04:00,99.66000366210938,100.1220474243164,99.49349975585938,100.0250015258789,907012
2026-09-03 10:15:00-04:00,100.0,101.7300033569336,99.93499755859375,101.55000305175781,1429173
2026-09-03 10:20:00-04:00,101.61920166015625,102.15989685058594,101.23999786376953,101.54850006103516,1010271
2026-09-03 10:25:00-04:00,101.55999755859375,102.0199966430664,101.2699966430664,101.54000091552734,695846
2026-09-03 10:30:00-04:00,101.52999877929688,101.62999725341797,100.29010009765625,100.46499633789062,911589
2026-09-03 10:35:00-04:00,100.45500183105469,101.16600036621094,100.43499755859375,101.04000091552734,515111
2026-09-03 10:40:00-04:00,101.03500366210938,101.66000366210938,101.0,101.1050033569336,607752
2026-09-03 10:45:00-04:00,101.13009643554688,101.5999984741211,101.06999969482422,101.44999694824219,385632
2026-09-03 10:50:00-04:00,101.46499633789062,102.62000274658203,101.24009704589844,102.62000274658203,1030933
2026-09-03 10:55:00-04:00,102.61000061035156,103.91000366210938,101.5,103.89959716796875,1362961
2026-09-03 11:00:00-04:00,103.9000015258789,105.12999725341797,103.83000183105469,105.04910278320312,1507411
2026-09-03 11:05:00-04:00,105.05000305175781,105.18000030517578,103.8301010131836,103.8499984741211,905110
2026-09-03 11:10:00-04:00,103.83999633789062,104.3499984741211,103.66999816894531,104.0199966430664,577105
2026-09-03 11:15:00-04:00,104.07820129394531,104.64949798583984,104.01000213623047,104.36000061035156,557252
2026-09-03 11:20:00-04:00,104.34510040283203,104.86990356445312,104.08000183105469,104.7300033569336,450463
2026-09-03 11:25:00-04:00,104.75,106.13500213623047,104.7300033569336,106.01599884033203,1037969
2026-09-03 11:30:00-04:00,106.02999877929688,106.05000305175781,105.3499984741211,105.68679809570312,573149
2026-09-03 11:35:00-04:00,105.65499877929688,105.91000366210938,105.16999816894531,105.45809936523438,438501
2026-09-03 11:40:00-04:00,105.4800033569336,105.69999694824219,105.28199768066406,105.4000015258789,303147
2026-09-03 11:45:00-04:00,105.41999816894531,105.63020324707031,104.8499984741211,105.21640014648438,409548
2026-09-03 11:50:00-04:00,105.22000122070312,105.79109954833984,105.12999725341797,105.62999725341797,295184
2026-09-03 11:55:00-04:00,105.63619995117188,105.8499984741211,105.23049926757812,105.58000183105469,266690
2026-09-03 12:00:00-04:00,105.55000305175781,105.55000305175781,104.88999938964844,104.91000366210938,251286
2026-09-03 12:05:00-04:00,104.93000030517578,105.30000305175781,104.69000244140625,105.16999816894531,359554
2026-09-03 12:10:00-04:00,105.20999908447266,105.4800033569336,105.1500015258789,105.40499877929688,285953
2026-09-03 12:15:00-04:00,105.37000274658203,106.0,105.30000305175781,105.93049621582031,276045
2026-09-03 12:20:00-04:00,105.94560241699219,106.00039672851562,105.44999694824219,105.50279998779297,383279
2026-09-03 12:25:00-04:00,105.52999877929688,105.92500305175781,105.4800033569336,105.58000183105469,218186
2026-09-03 12:30:00-04:00,105.58000183105469,105.68000030517578,105.20999908447266,105.25,188455
2026-09-03 12:35:00-04:00,105.25,106.16999816894531,105.12000274658203,106.12999725341797,346246
2026-09-03 12:40:00-04:00,106.125,106.5,106.05000305175781,106.45010375976562,388104
2026-09-03 12:45:00-04:00,106.45999908447266,106.48999786376953,106.06050109863281,106.18000030517578,289699
2026-09-03 12:50:00-04:00,106.20500183105469,106.36000061035156,105.94000244140625,106.07499694824219,223761
2026-09-03 12:55:00-04:00,106.08000183105469,106.69000244140625,106.05999755859375,106.2699966430664,378834
2026-09-03 13:00:00-04:00,106.29000091552734,106.41999816894531,105.88999938964844,106.19519805908203,261341
2026-09-03 13:05:00-04:00,106.2219009399414,106.25,105.48049926757812,105.625,236314
2026-09-03 13:10:00-04:00,105.62000274658203,105.91000366210938,105.44999694824219,105.510498046875,229985
2026-09-03 13:15:00-04:00,105.58000183105469,106.12000274658203,105.5186996459961,105.93830108642578,176651
2026-09-03 13:20:00-04:00,105.88500213623047,105.91000366210938,105.65979766845703,105.73819732666016,130317
2026-09-03 13:25:00-04:00,105.72109985351562,106.19000244140625,105.69999694824219,106.0,211475
2026-09-03 13:30:00-04:00,105.99500274658203,106.20999908447266,105.9800033569336,106.0199966430664,151101
2026-09-03 13:35:00-04:00,106.0199966430664,106.16999816894531,105.79010009765625,105.9749984741211,169533
2026-09-03 13:40:00-04:00,105.98999786376953,106.30000305175781,105.9800033569336,106.125,176697
2026-09-03 13:45:00-04:00,106.1500015258789,106.30999755859375,106.04000091552734,106.0999984741211,162664
2026-09-03 13:50:00-04:00,106.19999694824219,106.5,106.17500305175781,106.46499633789062,237339
2026-09-03 13:55:00-04:00,106.36000061035156,106.44999694824219,106.11689758300781,106.15626525878906,278015
2026-09-03 14:00:00-04:00,106.16000366210938,106.93000030517578,106.1500015258789,106.79000091552734,391221
2026-09-03 14:05:00-04:00,106.79000091552734,106.83000183105469,106.55999755859375,106.72000122070312,181325
2026-09-03 14:10:00-04:00,106.72000122070312,106.75,106.33000183105469,106.56500244140625,212751
2026-09-03 14:15:00-04:00,106.56999969482422,106.94999694824219,106.5199966430664,106.67009735107422,226325
2026-09-03 14:20:00-04:00,106.6729965209961,106.73999786376953,106.5,106.70500183105469,124367
2026-09-03 14:25:00-04:00,106.71499633789062,106.83000183105469,106.58999633789062,106.69999694824219,137566
2026-09-03 14:30:00-04:00,106.68499755859375,107.19000244140625,106.625,107.19000244140625,351907
2026-09-03 14:35:00-04:00,107.19999694824219,107.25,106.86000061035156,107.13999938964844,322420
2026-09-03 14:40:00-04:00,107.13999938964844,107.16500091552734,106.79000091552734,106.86000061035156,174606
2026-09-03 14:45:00-04:00,106.88500213623047,107.41999816894531,106.87999725341797,107.41999816894531,253535
2026-09-03 14:50:00-04:00,107.44000244140625,107.48999786376953,107.12000274658203,107.25,273035
2026-09-03 14:55:00-04:00,107.2300033569336,107.33000183105469,107.0999984741211,107.24500274658203,194404
2026-09-03 15:00:00-04:00,107.2300033569336,107.27999877929688,106.87999725341797,106.96399688720703,344386
2026-09-03 15:05:00-04:00,106.96990203857422,107.08000183105469,106.46019744873047,106.59380340576172,297345
2026-09-03 15:10:00-04:00,106.58499908447266,106.81079864501953,106.30500030517578,106.52999877929688,375458
2026-09-03 15:15:00-04:00,106.51000213623047,106.55999755859375,106.13999938964844,106.4800033569336,339981
2026-09-03 15:20:00-04:00,106.48999786376953,106.65640258789062,106.30999755859375,106.51000213623047,225317
2026-09-03 15:25:00-04:00,106.53500366210938,106.66999816894531,106.46499633789062,106.55999755859375,149690
2026-09-03 15:30:00-04:00,106.54000091552734,106.73500061035156,106.33000183105469,106.36000061035156,315851
2026-09-03 15:35:00-04:00,106.37000274658203,106.5999984741211,106.33999633789062,106.41320037841797,204217
2026-09-03 15:40:00-04:00,106.42500305175781,106.70999908447266,106.33000183105469,106.69000244140625,365234
2026-09-03 15:45:00-04:00,106.69000244140625,106.7300033569336,106.43000030517578,106.55000305175781,340917
2026-09-03 15:50:00-04:00,106.56999969482422,106.70999908447266,106.23999786376953,106.6050033569336,552518
2026-09-03 15:55:00-04:00,106.58999633789062,106.87999725341797,106.41999816894531,106.77999877929688,2460395
2026-09-04 09:30:00-04:00,111.22000122070312,114.29010009765625,109.7300033569336,114.27860260009766,11402219
2026-09-04 09:35:00-04:00,114.26000213623047,114.46179962158203,112.83999633789062,113.49099731445312,1959413
2026-09-04 09:40:00-04:00,113.5,115.43990325927734,113.47000122070312,114.7699966430664,2302277
2026-09-04 09:45:00-04:00,114.73999786376953,116.47000122070312,114.27999877929688,116.08000183105469,1979566
2026-09-04 09:50:00-04:00,116.04000091552734,117.08999633789062,115.72000122070312,116.80999755859375,1878170
2026-09-04 09:55:00-04:00,116.77999877929688,117.86000061035156,116.65499877929688,117.6500015258789,1875317
2026-09-04 10:00:00-04:00,117.66000366210938,117.77999877929688,116.83999633789062,117.0999984741211,1828052
2026-09-04 10:05:00-04:00,117.11250305175781,117.3499984741211,116.44599914550781,116.94499969482422,1270099
2026-09-04 10:10:00-04:00,116.94999694824219,117.4000015258789,115.76499938964844,117.32499694824219,1294036
2026-09-04 10:15:00-04:00,117.32499694824219,117.3499984741211,116.30139923095703,116.30999755859375,1018913
2026-09-04 10:20:00-04:00,116.30999755859375,116.69999694824219,115.87000274658203,116.5,801892
2026-09-04 10:25:00-04:00,116.5,116.95999908447266,115.36588287353516,116.95999908447266,845961
2026-09-04 10:30:00-04:00,116.94999694824219,117.0,115.87000274658203,115.90010070800781,599987
2026-09-04 10:35:00-04:00,115.9000015258789,116.72000122070312,115.9000015258789,116.58000183105469,535743
2026-09-04 10:40:00-04:00,116.55999755859375,116.70500183105469,115.68599700927734,115.71499633789062,978248
2026-09-04 10:45:00-04:00,115.7300033569336,115.87000274658203,114.87999725341797,114.89019775390625,1088277
2026-09-04 10:50:00-04:00,114.87999725341797,115.87999725341797,114.86000061035156,115.68000030517578,600042
2026-09-04 10:55:00-04:00,115.69999694824219,116.30000305175781,115.63999938964844,116.0999984741211,637592
2026-09-04 11:00:00-04:00,116.11000061035156,116.44999694824219,115.91000366210938,116.28099822998047,482555
2026-09-04 11:05:00-04:00,116.26000213623047,116.55999755859375,115.98999786376953,116.54000091552734,452085
2026-09-04 11:10:00-04:00,116.54000091552734,117.55999755859375,116.41999816894531,117.47090148925781,792588
2026-09-04 11:15:00-04:00,117.47000122070312,117.5,116.66000366210938,116.73500061035156,556991
2026-09-04 11:20:00-04:00,116.76000213623047,116.85179901123047,115.97000122070312,116.04000091552734,393549
2026-09-04 11:25:00-04:00,116.05380249023438,116.2699966430664,115.84010314941406,116.06099700927734,321106
2026-09-04 11:30:00-04:00,116.04000091552734,116.11000061035156,115.41999816894531,115.55999755859375,477570
2026-09-04 11:35:00-04:00,115.56999969482422,116.16999816894531,115.51000213623047,116.16999816894531,413499
2026-09-04 11:40:00-04:00,116.15499877929688,116.38999938964844,115.97000122070312,116.30999755859375,324593
2026-09-04 11:45:00-04:00,116.27999877929688,116.37000274658203,115.83999633789062,115.94499969482422,306070
2026-09-04 11:50:00-04:00,115.94499969482422,116.12439727783203,115.61009979248047,115.81999969482422,208268
2026-09-04 11:55:00-04:00,115.86000061035156,116.08000183105469,115.76000213623047,116.0199966430664,242234
2026-09-04 12:00:00-04:00,116.01499938964844,116.45999908447266,116.0,116.37999725341797,311345
2026-09-04 12:05:00-04:00,116.38999938964844,116.7249984741211,116.33999633789062,116.61000061035156,320251
2026-09-04 12:10:00-04:00,116.62999725341797,116.9000015258789,116.53413391113281,116.72000122070312,359481
2026-09-04 12:15:00-04:00,116.7249984741211,117.05000305175781,116.63999938964844,116.7699966430664,324271
2026-09-04 12:20:00-04:00,116.75869750976562,117.19989776611328,116.54419708251953,116.7699966430664,285973
2026-09-04 12:25:00-04:00,116.73999786376953,116.97000122070312,116.61000061035156,116.9000015258789,200920
2026-09-04 12:30:00-04:00,116.9000015258789,117.12000274658203,116.84010314941406,117.05999755859375,230764
2026-09-04 12:35:00-04:00,117.08000183105469,117.11100006103516,116.91999816894531,116.98999786376953,207054
2026-09-04 12:40:00-04:00,116.9800033569336,117.18000030517578,116.95999908447266,117.09950256347656,219829
2026-09-04 12:45:00-04:00,117.0999984741211,117.55000305175781,116.91000366210938,117.55000305175781,496243
2026-09-04 12:50:00-04:00,117.5553970336914,117.67990112304688,117.34049987792969,117.45999908447266,282447
2026-09-04 12:55:00-04:00,117.44000244140625,117.6050033569336,117.31999969482422,117.5,252783
2026-09-04 13:00:00-04:00,117.5199966430664,117.54000091552734,116.83000183105469,116.95999908447266,242334
2026-09-04 13:05:00-04:00,116.95010375976562,117.13999938964844,116.55999755859375,116.58000183105469,298873
2026-09-04 13:10:00-04:00,116.57499694824219,116.7760009765625,116.4801025390625,116.49490356445312,204138
2026-09-04 13:15:00-04:00,116.49500274658203,116.7300033569336,116.36000061035156,116.43499755859375,221382
2026-09-04 13:20:00-04:00,116.44999694824219,116.47000122070312,116.05000305175781,116.0791015625,297515
2026-09-04 13:25:00-04:00,116.08000183105469,116.22000122070312,115.66000366210938,115.76000213623047,338950
2026-09-04 13:30:00-04:00,115.73999786376953,115.81690216064453,115.54010009765625,115.62210083007812,284209
2026-09-04 13:35:00-04:00,115.5999984741211,116.0,115.59539794921875,115.93000030517578,295203
2026-09-04 13:40:00-04:00,115.94830322265625,115.94830322265625,115.40049743652344,115.52999877929688,239824
2026-09-04 13:45:00-04:00,115.55000305175781,115.72000122070312,115.18000030517578,115.52999877929688,331318
2026-09-04 13:50:00-04:00,115.54000091552734,115.77799987792969,115.5199966430664,115.625,165809
2026-09-04 13:55:00-04:00,115.63999938964844,116.0791015625,115.54000091552734,115.90809631347656,205363
2026-09-04 14:00:00-04:00,115.94000244140625,115.96499633789062,115.3499984741211,115.38999938964844,196809
2026-09-04 14:05:00-04:00,115.41000366210938,115.80999755859375,115.3949966430664,115.79010009765625,150271
2026-09-04 14:10:00-04:00,115.81500244140625,115.94999694824219,115.63639831542969,115.66999816894531,159592
2026-09-04 14:15:00-04:00,115.66500091552734,116.22000122070312,115.62999725341797,116.17500305175781,216582
2026-09-04 14:20:00-04:00,116.17500305175781,116.3499984741211,116.05000305175781,116.13999938964844,226413
2026-09-04 14:25:00-04:00,116.16999816894531,116.5,116.12000274658203,116.4800033569336,157621
2026-09-04 14:30:00-04:00,116.48999786376953,116.58999633789062,116.38999938964844,116.51000213623047,239523
2026-09-04 14:35:00-04:00,116.52050018310547,116.62000274658203,116.11250305175781,116.26000213623047,238206
2026-09-04 14:40:00-04:00,116.25,116.37999725341797,116.08999633789062,116.33999633789062,148807
2026-09-04 14:45:00-04:00,116.3499984741211,116.41000366210938,116.2300033569336,116.33999633789062,136781
2026-09-04 14:50:00-04:00,116.32499694824219,116.3499984741211,116.03099822998047,116.12000274658203,231332
2026-09-04 14:55:00-04:00,116.11000061035156,116.2300033569336,115.95459747314453,115.97000122070312,298988
2026-09-04 15:00:00-04:00,115.9800033569336,116.11949920654297,115.43000030517578,115.52999877929688,500669
2026-09-04 15:05:00-04:00,115.50199890136719,115.66999816894531,115.22000122070312,115.22000122070312,368042
2026-09-04 15:10:00-04:00,115.21499633789062,115.37000274658203,114.97000122070312,115.0,442896
2026-09-04 15:15:00-04:00,115.00499725341797,115.4000015258789,115.00499725341797,115.37999725341797,348202
2026-09-04 15:20:00-04:00,115.36000061035156,115.55999755859375,115.31500244140625,115.54000091552734,412966
2026-09-04 15:25:00-04:00,115.55000305175781,115.5999984741211,115.2699966430664,115.37999725341797,415329
2026-09-04 15:30:00-04:00,115.37999725341797,116.18440246582031,115.11000061035156,116.11000061035156,1232216
2026-09-04 15:35:00-04:00,116.0999984741211,116.70999908447266,116.05000305175781,116.56999969482422,678989
2026-09-04 15:40:00-04:00,116.5895004272461,116.7699966430664,116.44999694824219,116.69999694824219,533627
2026-09-04 15:45:00-04:00,116.69999694824219,117.16000366210938,116.69000244140625,116.98999786376953,786701
2026-09-04 15:50:00-04:00,116.95999908447266,117.62999725341797,116.94000244140625,117.33999633789062,1338943
2026-09-04 15:55:00-04:00,117.37000274658203,118.18000030517578,117.3499984741211,117.54000091552734,4823533
2026-09-08 09:30:00-04:00,125.12000274658203,126.69999694824219,124.18000030517578,125.24749755859375,9769207
2026-09-08 09:35:00-04:00,125.30000305175781,125.66999816894531,123.63999938964844,124.94999694824219,1933331
2026-09-08 09:40:00-04:00,124.9800033569336,125.12000274658203,121.5999984741211,121.73999786376953,1828874
2026-09-08 09:45:00-04:00,121.7699966430664,124.33000183105469,121.76000213623047,124.19989776611328,1667735
2026-09-08 09:50:00-04:00,124.20999908447266,124.22000122070312,122.01000213623047,122.80000305175781,1551021
2026-09-08 09:55:00-04:00,122.86380004882812,123.63999938964844,122.31999969482422,123.01000213623047,1062676
2026-09-08 10:00:00-04:00,123.0199966430664,123.19999694824219,122.0199966430664,122.82499694824219,1169559
2026-09-08 10:05:00-04:00,122.81999969482422,122.9000015258789,121.9010009765625,122.23999786376953,983225
2026-09-08 10:10:00-04:00,122.23999786376953,123.11000061035156,121.83999633789062,122.92559814453125,1049155
2026-09-08 10:15:00-04:00,122.94999694824219,123.73500061035156,122.91000366210938,123.08000183105469,1021025
2026-09-08 10:20:00-04:00,123.08999633789062,124.7699966430664,123.05999755859375,124.70999908447266,1706160
2026-09-08 10:25:00-04:00,124.69999694824219,125.11499786376953,123.83000183105469,125.089599609375,964304
2026-09-08 10:30:00-04:00,125.04000091552734,125.0999984741211,124.20050048828125,124.62999725341797,640973
2026-09-08 10:35:00-04:00,124.5999984741211,124.62999725341797,123.75,124.08999633789062,504101
2026-09-08 10:40:00-04:00,124.125,124.62000274658203,124.01000213623047,124.41999816894531,294257
2026-09-08 10:45:00-04:00,124.45999908447266,124.5999984741211,124.0,124.3949966430664,359053
2026-09-08 10:50:00-04:00,124.47000122070312,125.19999694824219,124.33000183105469,125.19000244140625,641543
2026-09-08 10:55:00-04:00,125.19940185546875,126.19000244140625,125.19000244140625,126.18000030517578,983992
2026-09-08 11:00:00-04:00,126.18000030517578,126.20999908447266,125.02100372314453,125.19999694824219,643746
2026-09-08 11:05:00-04:00,125.19000244140625,125.56999969482422,125.06999969482422,125.44999694824219,358811
2026-09-08 11:10:00-04:00,125.43000030517578,126.61000061035156,125.39990234375,126.45999908447266,803980
2026-09-08 11:15:00-04:00,126.46289825439453,127.31999969482422,126.16000366210938,127.19000244140625,1240556
2026-09-08 11:20:00-04:00,127.19499969482422,127.22000122070312,126.47000122070312,127.1449966430664,535596
2026-09-08 11:25:00-04:00,127.16380310058594,127.33000183105469,126.69000244140625,126.83499908447266,558888
2026-09-08 11:30:00-04:00,126.85549926757812,127.03990173339844,126.31999969482422,126.57499694824219,373680
2026-09-08 11:35:00-04:00,126.54000091552734,126.75,126.19999694824219,126.72000122070312,312777
2026-09-08 11:40:00-04:00,126.69999694824219,127.52639770507812,126.61000061035156,127.5,576604
2026-09-08 11:45:00-04:00,127.5,127.54000091552734,126.56999969482422,126.75469970703125,391072
2026-09-08 11:50:00-04:00,126.76409912109375,126.93000030517578,126.44000244140625,126.70999908447266,297622
2026-09-08 11:55:00-04:00,126.71499633789062,127.04000091552734,126.37000274658203,126.8499984741211,449343
2026-09-08 12:00:00-04:00,126.86000061035156,127.12000274658203,126.7300033569336,127.08000183105469,313921
2026-09-08 12:05:00-04:00,127.08999633789062,127.0999984741211,126.25,126.29499816894531,233098
2026-09-08 12:10:00-04:00,126.29000091552734,126.46589660644531,125.81999969482422,126.01750183105469,527792
2026-09-08 12:15:00-04:00,126.0199966430664,126.0199966430664,125.4800033569336,125.68000030517578,417722
2026-09-08 12:20:00-04:00,125.68000030517578,126.07540130615234,125.5,126.06999969482422,245810
2026-09-08 12:25:00-04:00,126.08999633789062,126.19999694824219,124.93000030517578,124.96710205078125,344909
2026-09-08 12:30:00-04:00,124.99500274658203,125.08000183105469,124.7699966430664,124.93000030517578,283379
2026-09-08 12:35:00-04:00,124.9000015258789,125.08999633789062,124.58000183105469,124.63999938964844,187131
2026-09-08 12:40:00-04:00,124.66999816894531,124.80000305175781,124.37999725341797,124.4000015258789,363176
2026-09-08 12:45:00-04:00,124.41500091552734,125.01000213623047,124.27999877929688,124.90499877929688,438561
2026-09-08 12:50:00-04:00,124.9000015258789,125.22000122070312,124.69999694824219,125.01499938964844,415578
2026-09-08 12:55:00-04:00,125.02999877929688,125.04000091552734,124.06999969482422,124.44000244140625,332296
2026-09-08 13:00:00-04:00,124.44999694824219,125.7699966430664,124.44999694824219,125.75,401173
2026-09-08 13:05:00-04:00,125.77999877929688,125.87999725341797,125.4000015258789,125.58999633789062,351631
2026-09-08 13:10:00-04:00,125.5999984741211,125.96990203857422,125.5199966430664,125.85430145263672,228776
2026-09-08 13:15:00-04:00,125.87000274658203,126.2699966430664,125.77999877929688,126.12999725341797,279030
2026-09-08 13:20:00-04:00,126.11180114746094,126.19999694824219,125.72000122070312,125.91999816894531,214747
2026-09-08 13:25:00-04:00,125.88999938964844,125.9000015258789,125.54000091552734,125.66500091552734,165808
2026-09-08 13:30:00-04:00,125.69000244140625,125.86000061035156,125.46710205078125,125.86000061035156,117384
2026-09-08 13:35:00-04:00,125.87000274658203,125.87000274658203,125.5199966430664,125.5199966430664,83377
2026-09-08 13:40:00-04:00,125.50650024414062,125.52069854736328,125.04000091552734,125.19499969482422,163902
2026-09-08 13:45:00-04:00,125.22000122070312,125.3499984741211,125.06600189208984,125.12000274658203,154818
2026-09-08 13:50:00-04:00,125.08999633789062,125.11000061035156,124.76000213623047,124.98999786376953,202933
2026-09-08 13:55:00-04:00,124.9800033569336,125.12999725341797,124.80000305175781,124.83999633789062,133537
2026-09-08 14:00:00-04:00,124.88999938964844,125.04000091552734,124.7300033569336,125.0,194970
2026-09-08 14:05:00-04:00,125.0,125.45999908447266,124.94999694824219,125.33000183105469,264623
2026-09-08 14:10:00-04:00,125.33000183105469,125.5,125.19999694824219,125.2750015258789,166772
2026-09-08 14:15:00-04:00,125.30000305175781,125.65950012207031,125.25,125.62999725341797,179571
2026-09-08 14:20:00-04:00,125.62999725341797,125.73999786376953,125.26000213623047,125.27999877929688,179856
2026-09-08 14:25:00-04:00,125.29019927978516,125.42500305175781,125.20480346679688,125.30000305175781,136678
2026-09-08 14:30:00-04:00,125.30000305175781,125.47000122070312,125.19999694824219,125.20999908447266,144357
2026-09-08 14:35:00-04:00,125.19999694824219,125.43000030517578,124.83000183105469,125.26000213623047,206383
2026-09-08 14:40:00-04:00,125.24500274658203,125.4000015258789,125.0199966430664,125.25800323486328,132246
2026-09-08 14:45:00-04:00,125.24500274658203,125.68000030517578,124.19999694824219,124.56999969482422,419406
2026-09-08 14:50:00-04:00,124.58999633789062,124.9749984741211,123.80999755859375,124.56500244140625,391587
2026-09-08 14:55:00-04:00,124.6072998046875,124.7074966430664,124.4000015258789,124.59500122070312,173825
2026-09-08 15:00:00-04:00,124.58000183105469,124.66000366210938,123.9480972290039,124.19999694824219,282228
2026-09-08 15:05:00-04:00,124.19000244140625,124.46499633789062,123.87039947509766,123.87039947509766,246898
2026-09-08 15:10:00-04:00,123.88999938964844,124.47000122070312,123.87000274658203,124.4197006225586,231267
2026-09-08 15:15:00-04:00,124.4000015258789,124.5999984741211,124.24019622802734,124.24019622802734,264911
2026-09-08 15:20:00-04:00,124.23999786376953,124.3949966430664,123.80999755859375,123.94989776611328,267567
2026-09-08 15:25:00-04:00,123.93830108642578,124.08000183105469,123.58000183105469,123.86000061035156,387852
2026-09-08 15:30:00-04:00,123.8499984741211,123.98999786376953,123.33000183105469,123.75,1250207
2026-09-08 15:35:00-04:00,123.7699966430664,123.7750015258789,123.41999816894531,123.51000213623047,419394
2026-09-08 15:40:00-04:00,123.54499816894531,123.61129760742188,123.08000183105469,123.2406997680664,414024
2026-09-08 15:45:00-04:00,123.27999877929688,123.44999694824219,122.77999877929688,123.24500274658203,585842
2026-09-08 15:50:00-04:00,123.26000213623047,123.83000183105469,122.25,122.61000061035156,1138319
2026-09-08 15:55:00-04:00,122.61000061035156,123.43000030517578,122.3499984741211,123.3499984741211,1261211
2026-09-09 09:30:00-04:00,121.23999786376953,125.61000061035156,121.23999786376953,125.2300033569336,7502015
2026-09-09 09:35:00-04:00,125.2699966430664,125.87000274658203,124.6500015258789,124.83000183105469,1311141
2026-09-09 09:40:00-04:00,124.86000061035156,125.38999938964844,124.02999877929688,124.59500122070312,813545
2026-09-09 09:45:00-04:00,124.5999984741211,125.14189910888672,123.06999969482422,124.70999908447266,1018632
2026-09-09 09:50:00-04:00,124.69999694824219,125.94999694824219,124.33999633789062,125.91529846191406,878911
2026-09-09 09:55:00-04:00,125.94000244140625,127.5,125.87999725341797,127.27010345458984,1648284
2026-09-09 10:00:00-04:00,127.2699966430664,128.25999450683594,126.5999984741211,127.9000015258789,1590129
2026-09-09 10:05:00-04:00,127.86000061035156,128.47999572753906,127.48999786376953,127.79499816894531,1244696
2026-09-09 10:10:00-04:00,127.80500030517578,128.25,127.36000061035156,128.17999267578125,777793
2026-09-09 10:15:00-04:00,128.13999938964844,128.14999389648438,126.22000122070312,126.5719985961914,849675
2026-09-09 10:20:00-04:00,126.54000091552734,126.7699966430664,125.55999755859375,125.9010009765625,763218
2026-09-09 10:25:00-04:00,125.9000015258789,127.16999816894531,125.84149932861328,127.15499877929688,622502
2026-09-09 10:30:00-04:00,127.1500015258789,127.2300033569336,126.5199966430664,126.87999725341797,450519
2026-09-09 10:35:00-04:00,126.82499694824219,126.94999694824219,125.87000274658203,126.69999694824219,483437
2026-09-09 10:40:00-04:00,126.69499969482422,126.9000015258789,126.2225341796875,126.61000061035156,337031
2026-09-09 10:45:00-04:00,126.66000366210938,126.7300033569336,126.10459899902344,126.55999755859375,246111
2026-09-09 10:50:00-04:00,126.5999984741211,126.83999633789062,125.75,125.83000183105469,288109
2026-09-09 10:55:00-04:00,125.86000061035156,126.87999725341797,125.86000061035156,126.75499725341797,320228
2026-09-09 11:00:00-04:00,126.77999877929688,127.44000244140625,126.34429931640625,126.75,575316
2026-09-09 11:05:00-04:00,126.70989990234375,126.94999694824219,124.72000122070312,124.87000274658203,1139333
2026-09-09 11:10:00-04:00,124.87999725341797,125.12000274658203,123.66000366210938,124.31999969482422,783798
2026-09-09 11:15:00-04:00,124.30000305175781,125.0,124.06999969482422,124.91000366210938,478659
2026-09-09 11:20:00-04:00,124.88500213623047,125.26000213623047,122.95999908447266,123.18000030517578,775580
2026-09-09 11:25:00-04:00,123.19000244140625,123.86000061035156,123.04000091552734,123.8499984741211,473165
2026-09-09 11:30:00-04:00,123.87000274658203,124.86000061035156,123.7947006225586,124.86000061035156,489113
2026-09-09 11:35:00-04:00,124.83999633789062,125.56999969482422,124.11000061035156,125.48999786376953,540918
2026-09-09 11:40:00-04:00,125.4906005859375,125.80000305175781,124.80000305175781,125.375,396262
2026-09-09 11:45:00-04:00,125.4000015258789,125.73999786376953,125.05000305175781,125.57550048828125,268941
2026-09-09 11:50:00-04:00,125.66999816894531,126.30989837646484,125.66999816894531,126.2300033569336,361019
2026-09-09 11:55:00-04:00,126.19499969482422,126.25,125.27999877929688,125.73999786376953,283550
2026-09-09 12:00:00-04:00,125.76000213623047,126.0779037475586,125.56999969482422,125.93000030517578,159380
2026-09-09 12:05:00-04:00,125.90499877929688,125.94000244140625,125.09359741210938,125.09359741210938,212422
2026-09-09 12:10:00-04:00,125.08999633789062,125.30000305175781,124.68000030517578,124.79000091552734,210950
2026-09-09 12:15:00-04:00,124.80000305175781,124.88999938964844,124.42009735107422,124.63099670410156,205056
2026-09-09 12:20:00-04:00,124.69000244140625,124.93000030517578,124.45079803466797,124.93000030517578,141963
2026-09-09 12:25:00-04:00,124.94000244140625,125.05000305175781,124.16000366210938,124.52999877929688,222337
2026-09-09 12:30:00-04:00,124.5,125.6500015258789,124.48999786376953,125.60970306396484,331145
2026-09-09 12:35:00-04:00,125.6500015258789,126.01499938964844,125.47000122070312,125.98999786376953,243988
2026-09-09 12:40:00-04:00,125.9749984741211,126.16000366210938,125.88009643554688,126.16000366210938,237719
2026-09-09 12:45:00-04:00,126.16000366210938,126.20999908447266,125.77999877929688,126.01000213623047,198137
2026-09-09 12:50:00-04:00,126.02999877929688,126.5199966430664,125.98999786376953,125.98999786376953,298350
2026-09-09 12:55:00-04:00,126.0,126.22000122070312,125.7699966430664,125.8499984741211,135251
2026-09-09 13:00:00-04:00,125.83000183105469,126.33999633789062,125.5199966430664,125.97000122070312,325958
2026-09-09 13:05:00-04:00,126.0,126.44000244140625,125.9800033569336,126.12999725341797,151935
2026-09-09 13:10:00-04:00,126.1583023071289,126.5696029663086,125.96900177001953,126.47599792480469,173746
2026-09-09 13:15:00-04:00,126.47000122070312,126.52999877929688,126.06999969482422,126.06999969482422,151020
2026-09-09 13:20:00-04:00,126.06999969482422,126.12999725341797,125.80000305175781,125.8499984741211,112195
2026-09-09 13:25:00-04:00,125.86000061035156,125.875,125.54000091552734,125.56999969482422,125023
2026-09-09 13:30:00-04:00,125.58000183105469,125.67500305175781,125.1500015258789,125.55500030517578,229147
2026-09-09 13:35:00-04:00,125.55999755859375,125.63999938964844,125.04000091552734,125.12999725341797,172529
2026-09-09 13:40:00-04:00,125.1500015258789,125.5199966430664,125.1500015258789,125.506103515625,145648
2026-09-09 13:45:00-04:00,125.48999786376953,126.05000305175781,125.47000122070312,126.0,195799
2026-09-09 13:50:00-04:00,126.02369689941406,126.19999694824219,125.83999633789062,126.16999816894531,167415
2026-09-09 13:55:00-04:00,126.16500091552734,126.16500091552734,125.83000183105469,125.875,138946
2026-09-09 14:00:00-04:00,125.86000061035156,126.05999755859375,125.78500366210938,125.91000366210938,113482
2026-09-09 14:05:00-04:00,125.94999694824219,126.0,125.7249984741211,125.78679656982422,97134
2026-09-09 14:10:00-04:00,125.80500030517578,125.94999694824219,125.55570220947266,125.7699966430664,133786
2026-09-09 14:15:00-04:00,125.77999877929688,125.93289947509766,125.66999816894531,125.7300033569336,102601
2026-09-09 14:20:00-04:00,125.7249984741211,125.76499938964844,125.44999694824219,125.56999969482422,94165
2026-09-09 14:25:00-04:00,125.58000183105469,125.80000305175781,125.44999694824219,125.5510025024414,132751
2026-09-09 14:30:00-04:00,125.5999984741211,125.9000015258789,125.5656967163086,125.7300033569336,133888
2026-09-09 14:35:00-04:00,125.76000213623047,125.91999816894531,125.69999694824219,125.80000305175781,80323
2026-09-09 14:40:00-04:00,125.79769897460938,125.83000183105469,125.52999877929688,125.68000030517578,122663
2026-09-09 14:45:00-04:00,125.7698974609375,125.80000305175781,125.4800033569336,125.51000213623047,104139
2026-09-09 14:50:00-04:00,125.53500366210938,125.58000183105469,125.13500213623047,125.34739685058594,161418
2026-09-09 14:55:00-04:00,125.33000183105469,125.37999725341797,124.81999969482422,124.9000015258789,229438
2026-09-09 15:00:00-04:00,124.91999816894531,125.20999908447266,124.7699966430664,124.9988021850586,423146
2026-09-09 15:05:00-04:00,125.0,125.56990051269531,124.94999694824219,125.51499938964844,287057
2026-09-09 15:10:00-04:00,125.5,125.54000091552734,125.2699966430664,125.4000015258789,123183
2026-09-09 15:15:00-04:00,125.43000030517578,125.93000030517578,125.41999816894531,125.86000061035156,269372
2026-09-09 15:20:00-04:00,125.85050201416016,126.06500244140625,125.69000244140625,125.73059844970703,304532
2026-09-09 15:25:00-04:00,125.7750015258789,125.80999755859375,125.16500091552734,125.17500305175781,180218
2026-09-09 15:30:00-04:00,125.18000030517578,125.44000244140625,125.13999938964844,125.2699966430664,390519
2026-09-09 15:35:00-04:00,125.2699966430664,125.41000366210938,125.13999938964844,125.2300033569336,234454
2026-09-09 15:40:00-04:00,125.23999786376953,125.34359741210938,125.1500015258789,125.22000122070312,267155
2026-09-09 15:45:00-04:00,125.25,125.43000030517578,125.1500015258789,125.32499694824219,232000
2026-09-09 15:50:00-04:00,125.30999755859375,125.6500015258789,125.08000183105469,125.29499816894531,605796
2026-09-09 15:55:00-04:00,125.31999969482422,125.9800033569336,125.0,125.90499877929688,1430689
2026-09-10 09:30:00-04:00,116.3499984741211,118.13999938964844,114.5999984741211,115.12999725341797,11352530
2026-09-10 09:35:00-04:00,115.22000122070312,117.30000305175781,115.11000061035156,117.1698989868164,1370281
2026-09-10 09:40:00-04:00,117.12000274658203,118.01000213623047,115.6500015258789,115.69999694824219,1290617
2026-09-10 09:45:00-04:00,115.73999786376953,116.55989837646484,115.08000183105469,116.0,1217165
2026-09-10 09:50:00-04:00,115.94999694824219,116.05000305175781,113.58000183105469,113.85859680175781,1777349
2026-09-10 09:55:00-04:00,113.91999816894531,114.55000305175781,113.55480194091797,113.87000274658203,1005591
2026-09-10 10:00:00-04:00,113.84500122070312,116.31999969482422,113.7699966430664,115.58499908447266,1424452
2026-09-10 10:05:00-04:00,115.56639862060547,115.85990142822266,114.88999938964844,115.80000305175781,580868
2026-09-10 10:10:00-04:00,115.80000305175781,116.3499984741211,115.13369750976562,115.26499938964844,691863
2026-09-10 10:15:00-04:00,115.22000122070312,115.69999694824219,114.62000274658203,115.56999969482422,500787
2026-09-10 10:20:00-04:00,115.5999984741211,117.78500366210938,115.42430114746094,117.33999633789062,1120752
2026-09-10 10:25:00-04:00,117.29499816894531,118.02999877929688,116.51000213623047,117.08999633789062,1154747
2026-09-10 10:30:00-04:00,117.08999633789062,117.80000305175781,116.84010314941406,117.5,557771
2026-09-10 10:35:00-04:00,117.45999908447266,119.06999969482422,117.45999908447266,118.39009857177734,1119509
2026-09-10 10:40:00-04:00,118.41000366210938,118.62999725341797,117.55500030517578,117.75,560254
2026-09-10 10:45:00-04:00,117.76429748535156,118.16999816894531,117.23999786376953,117.80000305175781,455710
2026-09-10 10:50:00-04:00,117.8290023803711,118.45600128173828,117.41999816894531,118.45600128173828,410736
2026-09-10 10:55:00-04:00,118.45169830322266,118.8499984741211,118.0,118.83499908447266,493955
2026-09-10 11:00:00-04:00,118.87999725341797,118.91999816894531,117.93000030517578,118.27020263671875,497365
2026-09-10 11:05:00-04:00,118.29000091552734,119.05000305175781,118.26000213623047,118.41000366210938,425991
2026-09-10 11:10:00-04:00,118.39630126953125,119.31999969482422,118.38130187988281,119.06500244140625,478965
2026-09-10 11:15:00-04:00,119.08000183105469,119.19999694824219,117.81069946289062,118.2699966430664,558764
2026-09-10 11:20:00-04:00,118.25,118.44999694824219,117.81749725341797,118.33999633789062,271907
2026-09-10 11:25:00-04:00,118.29000091552734,119.01000213623047,118.16999816894531,118.55000305175781,305273
2026-09-10 11:30:00-04:00,118.55480194091797,118.69999694824219,118.0801010131836,118.67500305175781,215346
2026-09-10 11:35:00-04:00,118.69000244140625,118.83000183105469,118.17009735107422,118.48999786376953,194315
2026-09-10 11:40:00-04:00,118.44750213623047,118.9800033569336,118.12010192871094,118.94999694824219,297694
2026-09-10 11:45:00-04:00,118.95999908447266,119.01499938964844,118.30000305175781,118.64360046386719,270148
2026-09-10 11:50:00-04:00,118.62999725341797,118.98999786376953,118.34809875488281,118.47000122070312,263004
2026-09-10 11:55:00-04:00,118.45999908447266,118.68000030517578,117.91000366210938,118.47000122070312,308707
2026-09-10 12:00:00-04:00,118.47000122070312,118.76000213623047,118.12750244140625,118.15499877929688,190659
2026-09-10 12:05:00-04:00,118.16999816894531,118.5,117.64620208740234,117.74500274658203,316917
2026-09-10 12:10:00-04:00,117.75,118.0,117.14029693603516,117.33000183105469,456247
2026-09-10 12:15:00-04:00,117.375,117.76000213623047,116.80000305175781,117.06999969482422,386941
2026-09-10 12:20:00-04:00,117.06050109863281,117.42500305175781,117.04000091552734,117.29000091552734,234579
2026-09-10 12:25:00-04:00,117.25,117.31999969482422,116.45010375976562,116.77999877929688,442710
2026-09-10 12:30:00-04:00,116.76000213623047,117.17939758300781,116.19999694824219,116.26000213623047,450429
2026-09-10 12:35:00-04:00,116.23750305175781,116.56999969482422,115.75,116.36000061035156,476459
2026-09-10 12:40:00-04:00,116.38999938964844,117.09970092773438,116.38999938964844,117.04000091552734,329583
2026-09-10 12:45:00-04:00,117.03150177001953,117.66999816894531,117.03150177001953,117.22000122070312,417802
2026-09-10 12:50:00-04:00,117.26000213623047,118.02999877929688,117.26000213623047,118.02999877929688,411717
2026-09-10 12:55:00-04:00,118.0250015258789,118.19999694824219,117.80000305175781,118.04000091552734,266571
2026-09-10 13:00:00-04:00,118.02999877929688,118.80000305175781,117.81999969482422,118.1050033569336,466460
2026-09-10 13:05:00-04:00,118.12999725341797,118.55999755859375,118.0,118.23999786376953,233095
2026-09-10 13:10:00-04:00,118.2300033569336,118.58999633789062,117.85009765625,117.9000015258789,179472
2026-09-10 13:15:00-04:00,117.8949966430664,118.05999755859375,117.7699966430664,117.91999816894531,134679
2026-09-10 13:20:00-04:00,117.94999694824219,117.95999908447266,117.55999755859375,117.63999938964844,134880
2026-09-10 13:25:00-04:00,117.66000366210938,117.75,117.38999938964844,117.62999725341797,171025
2026-09-10 13:30:00-04:00,117.5999984741211,117.7479019165039,117.2699966430664,117.38500213623047,126271
2026-09-10 13:35:00-04:00,117.37000274658203,117.67060089111328,116.91000366210938,116.93000030517578,203478
2026-09-10 13:40:00-04:00,116.92009735107422,117.44999694824219,116.92009735107422,117.4000015258789,158800
2026-09-10 13:45:00-04:00,117.4000015258789,117.45989990234375,117.13780212402344,117.18499755859375,94735
2026-09-10 13:50:00-04:00,117.20999908447266,117.45500183105469,117.05999755859375,117.44999694824219,140788
2026-09-10 13:55:00-04:00,117.44000244140625,117.6500015258789,117.20999908447266,117.5250015258789,138815
2026-09-10 14:00:00-04:00,117.52999877929688,117.86000061035156,116.95999908447266,117.04000091552734,216796
2026-09-10 14:05:00-04:00,117.04000091552734,117.36990356445312,116.77999877929688,116.87999725341797,188869
2026-09-10 14:10:00-04:00,116.88500213623047,117.19999694824219,116.7300033569336,117.18000030517578,152534
2026-09-10 14:15:00-04:00,117.0999984741211,117.16020202636719,116.8499984741211,117.11000061035156,129001
2026-09-10 14:20:00-04:00,117.12999725341797,117.5199966430664,117.12000274658203,117.12999725341797,190943
2026-09-10 14:25:00-04:00,117.16000366210938,117.2750015258789,116.91000366210938,117.01000213623047,100702
2026-09-10 14:30:00-04:00,116.96009826660156,117.08999633789062,116.80000305175781,117.02999877929688,165232
2026-09-10 14:35:00-04:00,117.05000305175781,117.22000122070312,116.87999725341797,117.16999816894531,111282
2026-09-10 14:40:00-04:00,117.18000030517578,117.19000244140625,116.88999938964844,117.05030059814453,170069
2026-09-10 14:45:00-04:00,117.05000305175781,117.21749877929688,116.5999984741211,116.7699966430664,307121
2026-09-10 14:50:00-04:00,116.76000213623047,117.60130310058594,116.56999969482422,117.2300033569336,465982
2026-09-10 14:55:00-04:00,117.23999786376953,117.44999694824219,117.1500015258789,117.37000274658203,236511
2026-09-10 15:00:00-04:00,117.37000274658203,117.66999816894531,116.8499984741211,116.94999694824219,595801
2026-09-10 15:05:00-04:00,116.94999694824219,117.0999984741211,116.12999725341797,116.5250015258789,700455
2026-09-10 15:10:00-04:00,116.51000213623047,116.7300033569336,116.08000183105469,116.41999816894531,412650
2026-09-10 15:15:00-04:00,116.43000030517578,116.7300033569336,116.23999786376953,116.54000091552734,392921
2026-09-10 15:20:00-04:00,116.54000091552734,116.92500305175781,116.46499633789062,116.87999725341797,357740
2026-09-10 15:25:00-04:00,116.88500213623047,117.33999633789062,116.8499984741211,117.23999786376953,456338
2026-09-10 15:30:00-04:00,117.2300033569336,117.61000061035156,116.97010040283203,117.41999816894531,2132842
2026-09-10 15:35:00-04:00,117.33999633789062,117.38999938964844,116.77010345458984,117.02999877929688,525934
2026-09-10 15:40:00-04:00,117.05999755859375,117.2698974609375,116.7300033569336,116.73999786376953,549374
2026-09-10 15:45:00-04:00,116.75,117.12000274658203,116.75,116.93000030517578,623675
2026-09-10 15:50:00-04:00,116.91000366210938,117.0199966430664,116.0,116.16999816894531,1520703
2026-09-10 15:55:00-04:00,116.1500015258789,116.41000366210938,115.44999694824219,115.67500305175781,2470894
2026-09-11 09:30:00-04:00,120.70999908447266,120.7699966430664,118.69999694824219,119.87000274658203,11855526
2026-09-11 09:35:00-04:00,119.9000015258789,120.33000183105469,117.8656005859375,120.33000183105469,2225203
2026-09-11 09:40:00-04:00,120.31500244140625,122.12000274658203,119.48999786376953,121.96499633789062,2227139
2026-09-11 09:45:00-04:00,122.0,123.19999694824219,121.35859680175781,122.27999877929688,2023714
2026-09-11 09:50:00-04:00,122.21440124511719,122.41999816894531,120.25,121.37000274658203,1289542
2026-09-11 09:55:00-04:00,121.41000366210938,121.87989807128906,120.55500030517578,121.86000061035156,665935
2026-09-11 10:00:00-04:00,121.75,121.81950378417969,119.12139892578125,119.21499633789062,983875
2026-09-11 10:05:00-04:00,119.2300033569336,120.06999969482422,118.95999908447266,119.87999725341797,1078325
2026-09-11 10:10:00-04:00,119.9000015258789,121.04840087890625,119.87999725341797,121.01000213623047,925253
2026-09-11 10:15:00-04:00,120.97989654541016,122.05999755859375,120.59980010986328,121.93499755859375,942571
2026-09-11 10:20:00-04:00,121.97000122070312,122.43000030517578,121.70709991455078,121.82499694824219,691741
2026-09-11 10:25:00-04:00,121.8499984741211,122.83999633789062,121.83999633789062,122.41999816894531,642911
2026-09-11 10:30:00-04:00,122.41000366210938,122.5,121.51000213623047,121.9000015258789,514974
2026-09-11 10:35:00-04:00,121.89569854736328,121.93000030517578,120.760498046875,121.18000030517578,655356
2026-09-11 10:40:00-04:00,121.22000122070312,121.5999984741211,120.33999633789062,120.83000183105469,510932
2026-09-11 10:45:00-04:00,120.80999755859375,121.73999786376953,120.11710357666016,121.7300033569336,634342
2026-09-11 10:50:00-04:00,121.73999786376953,121.77999877929688,121.0,121.19499969482422,338399
2026-09-11 10:55:00-04:00,121.19499969482422,121.94000244140625,120.87000274658203,121.75,333169
2026-09-11 11:00:00-04:00,121.70999908447266,122.16999816894531,121.48999786376953,122.1500015258789,391450
2026-09-11 11:05:00-04:00,122.1500015258789,122.70999908447266,122.0199966430664,122.56500244140625,655666
2026-09-11 11:10:00-04:00,122.54000091552734,122.80999755859375,121.47000122070312,121.87000274658203,425414
2026-09-11 11:15:00-04:00,121.9000015258789,123.05000305175781,121.9000015258789,122.7699966430664,573935
2026-09-11 11:20:00-04:00,122.7699966430664,123.48999786376953,122.69999694824219,123.4800033569336,449394
2026-09-11 11:25:00-04:00,123.48999786376953,124.02179718017578,123.41000366210938,123.86000061035156,633305
2026-09-11 11:30:00-04:00,123.87999725341797,124.45999908447266,123.68000030517578,124.31500244140625,580603
2026-09-11 11:35:00-04:00,124.32949829101562,124.3499984741211,123.51000213623047,123.80000305175781,419501
2026-09-11 11:40:00-04:00,123.86000061035156,123.87999725341797,123.3384017944336,123.72000122070312,308411
2026-09-11 11:45:00-04:00,123.69999694824219,123.97000122070312,123.43000030517578,123.91699981689453,247735
2026-09-11 11:50:00-04:00,123.9000015258789,123.91500091552734,123.0999984741211,123.29989624023438,261612
2026-09-11 11:55:00-04:00,123.26499938964844,123.63719940185547,123.02999877929688,123.53990173339844,206373
2026-09-11 12:00:00-04:00,123.52999877929688,123.94000244140625,123.4800033569336,123.89600372314453,250204
2026-09-11 12:05:00-04:00,123.93000030517578,123.98999786376953,123.5,123.58000183105469,158516
2026-09-11 12:10:00-04:00,123.62000274658203,123.65470123291016,123.0999984741211,123.30999755859375,241805
2026-09-11 12:15:00-04:00,123.33000183105469,123.36000061035156,122.87999725341797,123.04000091552734,279064
2026-09-11 12:20:00-04:00,123.0250015258789,123.04989624023438,122.5238037109375,122.6500015258789,205564
2026-09-11 12:25:00-04:00,122.65560150146484,122.98999786376953,122.11599731445312,122.22000122070312,409721
2026-09-11 12:30:00-04:00,122.2300033569336,122.94999694824219,122.11740112304688,122.56500244140625,245297
2026-09-11 12:35:00-04:00,122.56999969482422,122.60880279541016,121.95999908447266,122.0250015258789,253634
2026-09-11 12:40:00-04:00,122.01000213623047,122.95999908447266,121.65010070800781,122.94000244140625,302460
2026-09-11 12:45:00-04:00,122.9000015258789,122.94999694824219,122.45999908447266,122.48999786376953,157652
2026-09-11 12:50:00-04:00,122.48999786376953,123.25,122.4800033569336,123.24500274658203,226035
2026-09-11 12:55:00-04:00,123.24500274658203,123.5,123.18000030517578,123.45500183105469,241707
2026-09-11 13:00:00-04:00,123.45999908447266,123.6500015258789,123.38999938964844,123.48500061035156,223988
2026-09-11 13:05:00-04:00,123.48999786376953,123.9000015258789,123.46330261230469,123.70860290527344,250476
2026-09-11 13:10:00-04:00,123.68599700927734,123.81999969482422,123.17500305175781,123.2040023803711,222452
2026-09-11 13:15:00-04:00,123.19999694824219,123.66999816894531,123.19999694824219,123.5999984741211,135501
2026-09-11 13:20:00-04:00,123.5999984741211,123.87999725341797,123.48999786376953,123.86000061035156,161734
2026-09-11 13:25:00-04:00,123.8499984741211,123.95999908447266,123.75,123.86000061035156,173746
2026-09-11 13:30:00-04:00,123.875,124.05999755859375,123.69999694824219,123.81999969482422,236146
2026-09-11 13:35:00-04:00,123.83000183105469,124.1698989868164,123.83000183105469,124.12999725341797,198554
2026-09-11 13:40:00-04:00,124.11000061035156,124.3499984741211,124.02999877929688,124.20989990234375,224517
2026-09-11 13:45:00-04:00,124.20999908447266,124.46990203857422,124.05999755859375,124.22000122070312,185210
2026-09-11 13:50:00-04:00,124.2300033569336,124.5,124.20999908447266,124.29000091552734,205442
2026-09-11 13:55:00-04:00,124.33000183105469,124.33999633789062,123.9000015258789,123.97000122070312,231990
2026-09-11 14:00:00-04:00,123.95500183105469,124.00579833984375,123.7300033569336,123.80000305175781,133512
2026-09-11 14:05:00-04:00,123.80999755859375,124.02999877929688,123.6500015258789,123.87000274658203,125954
2026-09-11 14:10:00-04:00,123.88999938964844,123.88999938964844,123.51010131835938,123.5999984741211,145755
2026-09-11 14:15:00-04:00,123.58999633789062,123.76000213623047,123.48500061035156,123.69999694824219,139353
2026-09-11 14:20:00-04:00,123.75,123.76000213623047,123.19000244140625,123.33999633789062,406013
2026-09-11 14:25:00-04:00,123.37999725341797,123.56999969482422,123.29000091552734,123.4800033569336,237290
2026-09-11 14:30:00-04:00,123.50990295410156,123.9000015258789,123.29000091552734,123.81999969482422,222298
2026-09-11 14:35:00-04:00,123.83000183105469,123.86000061035156,123.5,123.6449966430664,145287
2026-09-11 14:40:00-04:00,123.62999725341797,123.73989868164062,123.41339874267578,123.51000213623047,156981
2026-09-11 14:45:00-04:00,123.5199966430664,123.62000274658203,123.2499008178711,123.26499938964844,169768
2026-09-11 14:50:00-04:00,123.25499725341797,123.3499984741211,122.931396484375,122.97000122070312,219568
2026-09-11 14:55:00-04:00,123.0,123.44000244140625,122.97039794921875,123.06009674072266,229288
2026-09-11 15:00:00-04:00,123.08000183105469,123.0999984741211,122.37999725341797,122.45999908447266,364537
2026-09-11 15:05:00-04:00,122.4749984741211,122.67479705810547,122.30000305175781,122.34030151367188,191236
2026-09-11 15:10:00-04:00,122.36000061035156,122.46499633789062,121.94999694824219,122.02999877929688,541115
2026-09-11 15:15:00-04:00,122.05000305175781,122.52989959716797,122.0199966430664,122.20500183105469,475253
2026-09-11 15:20:00-04:00,122.19000244140625,122.20999908447266,121.73999786376953,122.00499725341797,494920
2026-09-11 15:25:00-04:00,122.01000213623047,122.19999694824219,121.5999984741211,121.76000213623047,557979
2026-09-11 15:30:00-04:00,121.74500274658203,121.94999694824219,121.55999755859375,121.7699966430664,2072619
2026-09-11 15:35:00-04:00,121.7699966430664,121.79000091552734,121.47000122070312,121.66999816894531,786296
2026-09-11 15:40:00-04:00,121.66000366210938,121.87000274658203,121.62000274658203,121.80000305175781,629887
2026-09-11 15:45:00-04:00,121.80000305175781,122.05000305175781,121.5604019165039,121.70999908447266,820544
2026-09-11 15:50:00-04:00,121.69999694824219,122.08999633789062,121.48999786376953,121.81999969482422,1332268
2026-09-11 15:55:00-04:00,121.80000305175781,121.97000122070312,121.30039978027344,121.83999633789062,1835584
2026-09-14 09:30:00-04:00,101.52999877929688,102.2699966430664,100.12999725341797,100.2300033569336,23187330
2026-09-14 09:35:00-04:00,100.18000030517578,100.72000122070312,100.0,100.08499908447266,3096730
2026-09-14 09:40:00-04:00,100.06999969482422,102.31999969482422,99.87000274658203,102.22000122070312,3664136
2026-09-14 09:45:00-04:00,102.19999694824219,104.9800033569336,102.06009674072266,104.63999938964844,4081160
2026-09-14 09:50:00-04:00,104.64620208740234,104.81999969482422,102.30000305175781,102.80500030517578,3234847
2026-09-14 09:55:00-04:00,102.80000305175781,103.44000244140625,102.08999633789062,102.44000244140625,2042987
2026-09-14 10:00:00-04:00,102.43000030517578,103.58999633789062,102.30999755859375,102.81990051269531,1530241
2026-09-14 10:05:00-04:00,102.7699966430664,104.19999694824219,102.72000122070312,104.07499694824219,1518245
2026-09-14 10:10:00-04:00,104.07499694824219,105.33989715576172,104.07499694824219,104.37120056152344,1950809
2026-09-14 10:15:00-04:00,104.45020294189453,104.94869995117188,103.64009857177734,104.26480102539062,1082907
2026-09-14 10:20:00-04:00,104.25,104.30999755859375,102.86000061035156,103.58999633789062,1131267
2026-09-14 10:25:00-04:00,103.52999877929688,103.86180114746094,102.77999877929688,103.0999984741211,748160
2026-09-14 10:30:00-04:00,103.07009887695312,103.55999755859375,102.5801010131836,103.15499877929688,786837
2026-09-14 10:35:00-04:00,103.12000274658203,103.12000274658203,101.30000305175781,101.67259979248047,1883799
2026-09-14 10:40:00-04:00,101.62999725341797,102.08000183105469,101.4000015258789,102.00499725341797,970105
2026-09-14 10:45:00-04:00,102.00499725341797,102.43789672851562,101.37000274658203,101.5999984741211,754447
2026-09-14 10:50:00-04:00,101.6050033569336,101.69999694824219,100.68000030517578,100.80899810791016,1535961
2026-09-14 10:55:00-04:00,100.80000305175781,101.30999755859375,100.68000030517578,101.16000366210938,735984
2026-09-14 11:00:00-04:00,101.1449966430664,101.54000091552734,100.5199966430664,100.58000183105469,935073
2026-09-14 11:05:00-04:00,100.55130004882812,102.45999908447266,100.55000305175781,100.7300033569336,1601388
2026-09-14 11:10:00-04:00,100.77999877929688,100.9800033569336,100.43000030517578,100.44940185546875,861390
2026-09-14 11:15:00-04:00,100.45500183105469,101.56999969482422,100.37999725341797,101.36009979248047,932093
2026-09-14 11:20:00-04:00,101.36000061035156,101.85990142822266,101.0999984741211,101.76000213623047,509690
2026-09-14 11:25:00-04:00,101.76000213623047,102.28379821777344,101.67009735107422,102.07499694824219,744793
2026-09-14 11:30:00-04:00,102.05000305175781,103.87989807128906,102.01850128173828,103.66000366210938,1233067
2026-09-14 11:35:00-04:00,103.68000030517578,103.91999816894531,103.12000274658203,103.65480041503906,845203
2026-09-14 11:40:00-04:00,103.66000366210938,104.45999908447266,103.53019714355469,104.02999877929688,1207905
2026-09-14 11:45:00-04:00,104.05000305175781,104.08000183105469,103.16999816894531,103.2300033569336,586664
2026-09-14 11:50:00-04:00,103.20999908447266,103.54389953613281,102.95999908447266,103.2699966430664,421667
2026-09-14 11:55:00-04:00,103.23999786376953,103.44999694824219,103.0,103.2750015258789,342950
2026-09-14 12:00:00-04:00,103.23999786376953,103.30000305175781,102.31999969482422,102.31999969482422,497508
2026-09-14 12:05:00-04:00,102.30999755859375,102.50090026855469,101.77999877929688,101.80000305175781,749179
2026-09-14 12:10:00-04:00,101.81999969482422,102.33999633789062,101.79010009765625,102.0999984741211,327601
2026-09-14 12:15:00-04:00,102.16000366210938,103.84500122070312,102.16000366210938,103.66000366210938,995530
2026-09-14 12:20:00-04:00,103.65499877929688,103.9800033569336,103.12999725341797,103.73500061035156,518077
2026-09-14 12:25:00-04:00,103.73999786376953,103.80999755859375,103.09100341796875,103.23999786376953,280394
2026-09-14 12:30:00-04:00,103.20999908447266,103.30000305175781,102.88500213623047,103.00990295410156,334376
2026-09-14 12:35:00-04:00,103.0000991821289,103.16999816894531,102.70760345458984,103.05000305175781,396083
2026-09-14 12:40:00-04:00,103.0199966430664,103.77999877929688,102.71009826660156,103.76499938964844,481065
2026-09-14 12:45:00-04:00,103.77249908447266,104.69999694824219,103.5,104.16999816894531,915803
2026-09-14 12:50:00-04:00,104.12999725341797,104.58499908447266,103.9000015258789,103.94000244140625,444667
2026-09-14 12:55:00-04:00,103.91999816894531,104.19999694824219,103.62999725341797,103.99500274658203,287698
2026-09-14 13:00:00-04:00,103.9749984741211,104.23989868164062,103.5999984741211,103.87000274658203,286547
2026-09-14 13:05:00-04:00,103.88999938964844,104.04000091552734,103.69499969482422,103.93000030517578,199596
2026-09-14 13:10:00-04:00,103.94999694824219,104.4800033569336,103.91000366210938,103.94999694824219,453857
2026-09-14 13:15:00-04:00,103.94999694824219,104.02999877929688,103.2699966430664,103.55989837646484,387484
2026-09-14 13:20:00-04:00,103.57499694824219,103.87999725341797,103.55999755859375,103.79989624023438,208731
2026-09-14 13:25:00-04:00,103.79000091552734,103.87999725341797,103.41999816894531,103.87999725341797,249556
2026-09-14 13:30:00-04:00,103.88500213623047,103.9000015258789,103.5615005493164,103.69000244140625,220262
2026-09-14 13:35:00-04:00,103.69000244140625,103.78500366210938,103.41999816894531,103.78399658203125,240521
2026-09-14 13:40:00-04:00,103.7843017578125,103.8499984741211,103.61000061035156,103.83999633789062,199338
2026-09-14 13:45:00-04:00,103.8499984741211,104.1500015258789,103.8499984741211,104.0199966430664,303780
2026-09-14 13:50:00-04:00,104.0199966430664,104.32499694824219,103.94010162353516,104.22000122070312,388279
2026-09-14 13:55:00-04:00,104.21499633789062,104.51499938964844,104.17500305175781,104.206298828125,329812
2026-09-14 14:00:00-04:00,104.25,104.7300033569336,104.0199966430664,104.1500015258789,436894
2026-09-14 14:05:00-04:00,104.16999816894531,104.41000366210938,104.01010131835938,104.29000091552734,241510
2026-09-14 14:10:00-04:00,104.26000213623047,104.41999816894531,104.08000183105469,104.38999938964844,250681
2026-09-14 14:15:00-04:00,104.40499877929688,104.5999984741211,104.30000305175781,104.48999786376953,276091
2026-09-14 14:20:00-04:00,104.4800033569336,104.66999816894531,104.16539764404297,104.38990020751953,257368
2026-09-14 14:25:00-04:00,104.37999725341797,104.44999694824219,103.91999816894531,104.08899688720703,332828
2026-09-14 14:30:00-04:00,104.08999633789062,104.44999694824219,104.0510025024414,104.38999938964844,318397
2026-09-14 14:35:00-04:00,104.37999725341797,104.55999755859375,104.3499984741211,104.4800033569336,333791
2026-09-14 14:40:00-04:00,104.4800033569336,104.90989685058594,104.33999633789062,104.78500366210938,612693
2026-09-14 14:45:00-04:00,104.77999877929688,104.91999816894531,104.44000244140625,104.77999877929688,509170
2026-09-14 14:50:00-04:00,104.78500366210938,105.06500244140625,104.68000030517578,105.00959777832031,544103
2026-09-14 14:55:00-04:00,105.00499725341797,105.17990112304688,104.85310363769531,105.12999725341797,489489
2026-09-14 15:00:00-04:00,105.15499877929688,105.38999938964844,105.05999755859375,105.16010284423828,757450
2026-09-14 15:05:00-04:00,105.16000366210938,105.29000091552734,104.31089782714844,104.65499877929688,755004
2026-09-14 15:10:00-04:00,104.69000244140625,104.7698974609375,103.8489990234375,104.02999877929688,705853
2026-09-14 15:15:00-04:00,104.02999877929688,104.05989837646484,103.66000366210938,103.99500274658203,541635
2026-09-14 15:20:00-04:00,103.99500274658203,104.06999969482422,103.54000091552734,103.83000183105469,482568
2026-09-14 15:25:00-04:00,103.81999969482422,104.0,103.56500244140625,103.56999969482422,729786
2026-09-14 15:30:00-04:00,103.58499908447266,103.83989715576172,102.69999694824219,102.94000244140625,3428003
2026-09-14 15:35:00-04:00,102.93000030517578,102.95999908447266,102.18000030517578,102.30999755859375,1197294
2026-09-14 15:40:00-04:00,102.30599975585938,102.70999908447266,102.2699966430664,102.57759857177734,973738
2026-09-14 15:45:00-04:00,102.58000183105469,102.7699966430664,102.25,102.66999816894531,1250861
2026-09-14 15:50:00-04:00,102.66000366210938,102.66000366210938,101.68000030517578,102.22000122070312,2835811
2026-09-14 15:55:00-04:00,102.20999908447266,102.20999908447266,101.0999984741211,101.13500213623047,4649063
2026-09-15 09:30:00-04:00,104.55000305175781,105.7699966430664,103.54000091552734,104.81500244140625,10819165
2026-09-15 09:35:00-04:00,104.83499908447266,104.98999786376953,103.26000213623047,103.45999908447266,1762430
2026-09-15 09:40:00-04:00,103.45999908447266,104.5999984741211,103.11000061035156,104.37999725341797,1576899
2026-09-15 09:45:00-04:00,104.36000061035156,105.11000061035156,104.16999816894531,104.66999816894531,1324623
2026-09-15 09:50:00-04:00,104.66999816894531,105.44000244140625,104.33999633789062,105.2750015258789,1258997
2026-09-15 09:55:00-04:00,105.2865982055664,105.63999938964844,105.0199966430664,105.19499969482422,1183303
2026-09-15 10:00:00-04:00,105.18499755859375,105.94000244140625,105.05999755859375,105.37000274658203,1257275
2026-09-15 10:05:00-04:00,105.37000274658203,105.88999938964844,105.08000183105469,105.19999694824219,795574
2026-09-15 10:10:00-04:00,105.20999908447266,105.22000122070312,104.0,104.28500366210938,1298373
2026-09-15 10:15:00-04:00,104.29499816894531,104.80000305175781,104.20999908447266,104.67500305175781,744091
2026-09-15 10:20:00-04:00,104.6500015258789,104.76000213623047,103.58000183105469,104.2750015258789,1053107
2026-09-15 10:25:00-04:00,104.2699966430664,104.44999694824219,104.0,104.25,548281
2026-09-15 10:30:00-04:00,104.22000122070312,104.69000244140625,103.75499725341797,103.82759857177734,726802
2026-09-15 10:35:00-04:00,103.82420349121094,103.9000015258789,102.94999694824219,103.16500091552734,1254823
2026-09-15 10:40:00-04:00,103.18000030517578,103.54000091552734,102.69000244140625,103.54000091552734,1200786
2026-09-15 10:45:00-04:00,103.54000091552734,104.01000213623047,102.93009948730469,102.94999694824219,1161499
2026-09-15 10:50:00-04:00,102.94999694824219,102.94999694824219,101.76000213623047,102.41999816894531,1681148
2026-09-15 10:55:00-04:00,102.40010070800781,102.5999984741211,102.04010009765625,102.33000183105469,621692
2026-09-15 11:00:00-04:00,102.33000183105469,102.96600341796875,102.16000366210938,102.95050048828125,707570
2026-09-15 11:05:00-04:00,102.97000122070312,103.08000183105469,102.35250091552734,102.45500183105469,752223
2026-09-15 11:10:00-04:00,102.45500183105469,102.5999984741211,101.9000015258789,102.41000366210938,629195
2026-09-15 11:15:00-04:00,102.36000061035156,102.7416000366211,102.31939697265625,102.56500244140625,541242
2026-09-15 11:20:00-04:00,102.56999969482422,103.03009796142578,102.37999725341797,102.73500061035156,479495
2026-09-15 11:25:00-04:00,102.75,103.44999694824219,102.72010040283203,103.24349975585938,753434
2026-09-15 11:30:00-04:00,103.2300033569336,103.26000213623047,102.56999969482422,102.86000061035156,474719
2026-09-15 11:35:00-04:00,102.8499984741211,102.97000122070312,102.56199645996094,102.56199645996094,354296
2026-09-15 11:40:00-04:00,102.56670379638672,102.80999755859375,102.48999786376953,102.58499908447266,326370
2026-09-15 11:45:00-04:00,102.58499908447266,102.6344985961914,102.13089752197266,102.26000213623047,375941
2026-09-15 11:50:00-04:00,102.23999786376953,102.93000030517578,102.23999786376953,102.31159973144531,387996
2026-09-15 11:55:00-04:00,102.32250213623047,102.55999755859375,101.55000305175781,101.56500244140625,961889
2026-09-15 12:00:00-04:00,101.56500244140625,102.08999633789062,101.55000305175781,101.80999755859375,719287
2026-09-15 12:05:00-04:00,101.80000305175781,101.93000030517578,101.25,101.3301010131836,478755
2026-09-15 12:10:00-04:00,101.33000183105469,101.41000366210938,101.10009765625,101.26000213623047,753703
2026-09-15 12:15:00-04:00,101.25,101.80000305175781,101.20999908447266,101.7699966430664,396968
2026-09-15 12:20:00-04:00,101.7699966430664,102.16999816894531,101.7300033569336,102.05000305175781,565883
2026-09-15 12:25:00-04:00,102.05000305175781,102.12999725341797,101.75679779052734,101.8499984741211,263086
2026-09-15 12:30:00-04:00,101.84339904785156,101.84339904785156,101.33000183105469,101.5199966430664,363687
2026-09-15 12:35:00-04:00,101.5199966430664,101.66000366210938,101.33000183105469,101.4800033569336,414263
2026-09-15 12:40:00-04:00,101.48999786376953,101.7699966430664,101.45999908447266,101.7300033569336,244187
2026-09-15 12:45:00-04:00,101.7300033569336,101.94999694824219,101.44999694824219,101.65010070800781,244539
2026-09-15 12:50:00-04:00,101.66999816894531,102.05000305175781,101.625,101.91000366210938,259428
2026-09-15 12:55:00-04:00,101.93000030517578,101.97000122070312,101.4000015258789,101.5198974609375,242845
2026-09-15 13:00:00-04:00,101.51000213623047,101.62960052490234,101.1500015258789,101.1500015258789,306067
2026-09-15 13:05:00-04:00,101.13999938964844,101.36000061035156,100.95999908447266,101.15499877929688,681405
2026-09-15 13:10:00-04:00,101.15499877929688,101.45999908447266,101.15499877929688,101.26499938964844,209094
2026-09-15 13:15:00-04:00,101.26000213623047,101.54000091552734,101.25,101.53610229492188,187091
2026-09-15 13:20:00-04:00,101.54389953613281,101.68000030517578,101.30999755859375,101.30999755859375,205762
2026-09-15 13:25:00-04:00,101.31050109863281,101.67320251464844,101.30999755859375,101.67320251464844,144101
2026-09-15 13:30:00-04:00,101.66999816894531,101.8499984741211,101.55000305175781,101.55000305175781,261074
2026-09-15 13:35:00-04:00,101.55613708496094,101.69599914550781,101.37000274658203,101.40010070800781,175074
2026-09-15 13:40:00-04:00,101.38999938964844,101.48999786376953,101.08000183105469,101.30999755859375,281562
2026-09-15 13:45:00-04:00,101.28890228271484,101.47509765625,101.27999877929688,101.41999816894531,147799
2026-09-15 13:50:00-04:00,101.38300323486328,101.83979797363281,101.3550033569336,101.81009674072266,205450
2026-09-15 13:55:00-04:00,101.80500030517578,102.0199966430664,101.72000122070312,101.99500274658203,320926
2026-09-15 14:00:00-04:00,102.0,102.16000366210938,101.80000305175781,102.08000183105469,344867
2026-09-15 14:05:00-04:00,102.08000183105469,102.34210205078125,101.94999694824219,102.2874984741211,306435
2026-09-15 14:10:00-04:00,102.27999877929688,102.29000091552734,101.9800033569336,102.0199966430664,395481
2026-09-15 14:15:00-04:00,102.04000091552734,102.11000061035156,101.76000213623047,101.83999633789062,246160
2026-09-15 14:20:00-04:00,101.83000183105469,102.11000061035156,101.83000183105469,102.04419708251953,139280
2026-09-15 14:25:00-04:00,102.03900146484375,102.3010025024414,102.02999877929688,102.17500305175781,138493
2026-09-15 14:30:00-04:00,102.15499877929688,102.16999816894531,101.72000122070312,101.7500991821289,192939
2026-09-15 14:35:00-04:00,101.76000213623047,101.875,101.38040161132812,101.67500305175781,267707
2026-09-15 14:40:00-04:00,101.66999816894531,101.77999877929688,101.37000274658203,101.51000213623047,251624
2026-09-15 14:45:00-04:00,101.51000213623047,101.55000305175781,101.23999786376953,101.33499908447266,244755
2026-09-15 14:50:00-04:00,101.33499908447266,101.58000183105469,101.28500366210938,101.55000305175781,264609
2026-09-15 14:55:00-04:00,101.58000183105469,101.80000305175781,101.50559997558594,101.76000213623047,208954
2026-09-15 15:00:00-04:00,101.7699966430664,101.95999908447266,101.62999725341797,101.79499816894531,278773
2026-09-15 15:05:00-04:00,101.79000091552734,102.0707015991211,101.75499725341797,102.05010223388672,168087
2026-09-15 15:10:00-04:00,102.05500030517578,102.15399932861328,101.78070068359375,101.81999969482422,188685
2026-09-15 15:15:00-04:00,101.83000183105469,102.0999984741211,101.7699966430664,102.0999984741211,216544
2026-09-15 15:20:00-04:00,102.08999633789062,102.08999633789062,101.81999969482422,101.86000061035156,172349
2026-09-15 15:25:00-04:00,101.8499984741211,102.31999969482422,101.84300231933594,102.06999969482422,506573
2026-09-15 15:30:00-04:00,102.06999969482422,102.22000122070312,101.8499984741211,101.98500061035156,839755
2026-09-15 15:35:00-04:00,101.9800033569336,102.12000274658203,101.86000061035156,102.04499816894531,901706
2026-09-15 15:40:00-04:00,102.04869842529297,102.39939880371094,102.02010345458984,102.2300033569336,325770
2026-09-15 15:45:00-04:00,102.2300033569336,102.54000091552734,102.0199966430664,102.12000274658203,412403
2026-09-15 15:50:00-04:00,102.11000061035156,102.16000366210938,102.0,102.125,1016854
2026-09-15 15:55:00-04:00,102.125,102.36000061035156,101.97000122070312,102.33499908447266,1418984
2026-09-16 09:30:00-04:00,107.44000244140625,107.7499008178711,106.25,107.19999694824219,9206175
2026-09-16 09:35:00-04:00,107.19999694824219,107.69000244140625,106.55999755859375,107.07009887695312,1543735
2026-09-16 09:40:00-04:00,107.0999984741211,107.41999816894531,106.75,107.0199966430664,929538
2026-09-16 09:45:00-04:00,107.01000213623047,108.33999633789062,106.98999786376953,108.18009948730469,1671468
2026-09-16 09:50:00-04:00,108.19000244140625,108.32369995117188,107.66999816894531,107.91999816894531,844637
2026-09-16 09:55:00-04:00,107.91000366210938,108.77999877929688,107.87999725341797,108.75969696044922,1271056
2026-09-16 10:00:00-04:00,108.73049926757812,108.93000030517578,107.72010040283203,107.92500305175781,1110613
2026-09-16 10:05:00-04:00,107.90499877929688,108.47000122070312,107.41999816894531,108.05999755859375,1145305
2026-09-16 10:10:00-04:00,108.08000183105469,108.37999725341797,107.5,107.97000122070312,836794
2026-09-16 10:15:00-04:00,107.97000122070312,108.48999786376953,107.8499984741211,108.26100158691406,546817
2026-09-16 10:20:00-04:00,108.2300033569336,108.4800033569336,108.13999938964844,108.30000305175781,478794
2026-09-16 10:25:00-04:00,108.31999969482422,108.38999938964844,107.90049743652344,108.19000244140625,380648
2026-09-16 10:30:00-04:00,108.22000122070312,108.2249984741211,107.72000122070312,107.73040008544922,282347
2026-09-16 10:35:00-04:00,107.75,107.80570220947266,107.30999755859375,107.61000061035156,500770
2026-09-16 10:40:00-04:00,107.5999984741211,107.76000213623047,107.3499984741211,107.72989654541016,311617
2026-09-16 10:45:00-04:00,107.69000244140625,107.81990051269531,107.33999633789062,107.5,264322
2026-09-16 10:50:00-04:00,107.52130126953125,107.84989929199219,107.36000061035156,107.68000030517578,311057
2026-09-16 10:55:00-04:00,107.69999694824219,108.23999786376953,107.51000213623047,108.22029876708984,370740
2026-09-16 11:00:00-04:00,108.22000122070312,108.33000183105469,107.9800033569336,108.04000091552734,405737
2026-09-16 11:05:00-04:00,108.01000213623047,108.66000366210938,107.7699966430664,108.41169738769531,543474
2026-09-16 11:10:00-04:00,108.41000366210938,108.51000213623047,108.0,108.28880310058594,344971
2026-09-16 11:15:00-04:00,108.26499938964844,108.28500366210938,107.66500091552734,107.88999938964844,248271
2026-09-16 11:20:00-04:00,107.9000015258789,108.5,107.79000091552734,108.4800033569336,350578
2026-09-16 11:25:00-04:00,108.48999786376953,108.9198989868164,108.38999938964844,108.44000244140625,609105
2026-09-16 11:30:00-04:00,108.44000244140625,108.5,108.0999984741211,108.22730255126953,248060
2026-09-16 11:35:00-04:00,108.29000091552734,108.44999694824219,108.16999816894531,108.22000122070312,207547
2026-09-16 11:40:00-04:00,108.26000213623047,108.32469940185547,107.9718017578125,108.2300033569336,230274
2026-09-16 11:45:00-04:00,108.22000122070312,109.31999969482422,108.13569641113281,108.83999633789062,719714
2026-09-16 11:50:00-04:00,108.83499908447266,108.94999694824219,108.30000305175781,108.30500030517578,261615
2026-09-16 11:55:00-04:00,108.33000183105469,108.41000366210938,108.12200164794922,108.15499877929688,223052
2026-09-16 12:00:00-04:00,108.16999816894531,108.2249984741211,107.91000366210938,107.91999816894531,233608
2026-09-16 12:05:00-04:00,107.93000030517578,108.25,107.9000015258789,108.0999984741211,229159
2026-09-16 12:10:00-04:00,108.0833969116211,108.2699966430664,107.9800033569336,108.2699966430664,190145
2026-09-16 12:15:00-04:00,108.26000213623047,108.44000244140625,108.22000122070312,108.37999725341797,217504
2026-09-16 12:20:00-04:00,108.33999633789062,108.36000061035156,107.95999908447266,107.98899841308594,229698
2026-09-16 12:25:00-04:00,107.97000122070312,108.23989868164062,107.97000122070312,108.16999816894531,137877
2026-09-16 12:30:00-04:00,108.17500305175781,108.2699966430664,107.76000213623047,107.79000091552734,249822
2026-09-16 12:35:00-04:00,107.77999877929688,107.95999908447266,107.6707992553711,107.79769897460938,245627
2026-09-16 12:40:00-04:00,107.7699966430664,107.83000183105469,107.65049743652344,107.65280151367188,179794
2026-09-16 12:45:00-04:00,107.66500091552734,108.1500015258789,107.6619644165039,108.0,263007
2026-09-16 12:50:00-04:00,107.9800033569336,108.1041030883789,107.76000213623047,107.9000015258789,143370
2026-09-16 12:55:00-04:00,107.91999816894531,107.95999908447266,107.80000305175781,107.83999633789062,139156
2026-09-16 13:00:00-04:00,107.8499984741211,107.86000061035156,107.31999969482422,107.43689727783203,370917
2026-09-16 13:05:00-04:00,107.41999816894531,107.5,107.33000183105469,107.5,209216
2026-09-16 13:10:00-04:00,107.48999786376953,107.66999816894531,107.38999938964844,107.62999725341797,325228
2026-09-16 13:15:00-04:00,107.62999725341797,107.69619750976562,107.41000366210938,107.5,196053
2026-09-16 13:20:00-04:00,107.48200225830078,107.54000091552734,107.04000091552734,107.08999633789062,365840
2026-09-16 13:25:00-04:00,107.0999984741211,107.24220275878906,107.0199966430664,107.16000366210938,229622
2026-09-16 13:30:00-04:00,107.18000030517578,107.30999755859375,106.87000274658203,106.95999908447266,368580
2026-09-16 13:35:00-04:00,106.95999908447266,107.0999984741211,106.87000274658203,106.9000015258789,214741
2026-09-16 13:40:00-04:00,106.88999938964844,106.90180206298828,106.56999969482422,106.62999725341797,474479
2026-09-16 13:45:00-04:00,106.62999725341797,107.0199966430664,106.62999725341797,106.94180297851562,325579
2026-09-16 13:50:00-04:00,106.94000244140625,107.45999908447266,106.78399658203125,107.44239807128906,414082
2026-09-16 13:55:00-04:00,107.43499755859375,108.2699966430664,107.41999816894531,108.2300033569336,640427
2026-09-16 14:00:00-04:00,108.30000305175781,109.04000091552734,106.2699966430664,108.4000015258789,2046637
2026-09-16 14:05:00-04:00,108.4000015258789,108.7699966430664,107.8499984741211,107.94000244140625,1426411
2026-09-16 14:10:00-04:00,107.95999908447266,108.11000061035156,107.33000183105469,107.56999969482422,586978
2026-09-16 14:15:00-04:00,107.53500366210938,107.54000091552734,106.83999633789062,107.0199966430664,568650
2026-09-16 14:20:00-04:00,106.98999786376953,107.3499984741211,106.73999786376953,106.87059783935547,548932
2026-09-16 14:25:00-04:00,106.87000274658203,106.95999908447266,105.73999786376953,106.77629852294922,1018034
2026-09-16 14:30:00-04:00,106.7699966430664,107.0999984741211,105.57060241699219,105.8499984741211,865972
2026-09-16 14:35:00-04:00,105.83000183105469,106.33999633789062,104.69999694824219,106.0199966430664,1526578
2026-09-16 14:40:00-04:00,105.9000015258789,107.12999725341797,105.69999694824219,106.01000213623047,1404191
2026-09-16 14:45:00-04:00,106.01959991455078,106.63990020751953,104.88999938964844,105.04499816894531,1226827
2026-09-16 14:50:00-04:00,105.0,105.41840362548828,103.77999877929688,103.81999969482422,1522861
2026-09-16 14:55:00-04:00,103.81999969482422,104.30999755859375,102.66000366210938,103.23999786376953,2006797
2026-09-16 15:00:00-04:00,103.26000213623047,104.12000274658203,103.08000183105469,103.38500213623047,1435234
2026-09-16 15:05:00-04:00,103.37000274658203,103.38999938964844,101.58000183105469,102.08999633789062,2293754
2026-09-16 15:10:00-04:00,102.11000061035156,102.19550323486328,101.05999755859375,101.58999633789062,1798360
2026-09-16 15:15:00-04:00,101.58740234375,102.19860076904297,101.23999786376953,101.65619659423828,1075391
2026-09-16 15:20:00-04:00,101.69999694824219,102.02999877929688,101.20999908447266,101.71880340576172,1049823
2026-09-16 15:25:00-04:00,101.75499725341797,102.47000122070312,101.12000274658203,102.38999938964844,1312573
2026-09-16 15:30:00-04:00,102.37999725341797,103.19999694824219,102.22000122070312,103.16889953613281,3019282
2026-09-16 15:35:00-04:00,103.16000366210938,103.26000213623047,102.44000244140625,103.16000366210938,1566851
2026-09-16 15:40:00-04:00,103.15959930419922,103.41000366210938,102.5199966430664,102.88500213623047,1260581
2026-09-16 15:45:00-04:00,102.87999725341797,103.76000213623047,102.87000274658203,103.44999694824219,1997493
2026-09-16 15:50:00-04:00,103.44999694824219,103.95999908447266,103.07039642333984,103.30000305175781,2133883
2026-09-16 15:55:00-04:00,103.29000091552734,104.22000122070312,103.04499816894531,104.08000183105469,3481913
2026-09-17 09:30:00-04:00,113.33000183105469,114.18000030517578,112.81999969482422,113.26000213623047,11893862
2026-09-17 09:35:00-04:00,113.2750015258789,113.94999694824219,112.01010131835938,112.11000061035156,2025330
2026-09-17 09:40:00-04:00,112.11000061035156,113.7667007446289,112.0199966430664,113.62000274658203,1915115
2026-09-17 09:45:00-04:00,113.58999633789062,114.4800033569336,113.33000183105469,114.1500015258789,1715297
2026-09-17 09:50:00-04:00,114.16000366210938,115.4800033569336,114.08309936523438,114.97000122070312,1868542
2026-09-17 09:55:00-04:00,114.95089721679688,115.16000366210938,114.27999877929688,114.9303970336914,1090740
2026-09-17 10:00:00-04:00,114.94000244140625,115.0999984741211,113.87000274658203,114.18099975585938,1368889
2026-09-17 10:05:00-04:00,114.21939849853516,114.4800033569336,113.45999908447266,113.87999725341797,1012786
2026-09-17 10:10:00-04:00,113.86499786376953,114.87999725341797,113.75,114.7699966430664,990232
2026-09-17 10:15:00-04:00,114.7699966430664,115.0999984741211,114.33000183105469,114.56500244140625,830936
2026-09-17 10:20:00-04:00,114.55999755859375,114.61000061035156,114.02999877929688,114.08999633789062,772660
2026-09-17 10:25:00-04:00,114.08999633789062,114.30000305175781,113.76000213623047,113.8499984741211,797959
2026-09-17 10:30:00-04:00,113.87999725341797,114.33999633789062,113.43379974365234,114.20999908447266,833231
2026-09-17 10:35:00-04:00,114.2249984741211,114.33999633789062,113.94000244140625,114.06099700927734,491347
2026-09-17 10:40:00-04:00,114.08999633789062,114.36000061035156,113.87000274658203,114.05999755859375,532836
2026-09-17 10:45:00-04:00,114.05999755859375,114.17400360107422,113.70999908447266,113.92659759521484,464884
2026-09-17 10:50:00-04:00,113.91670227050781,114.02999877929688,113.27999877929688,113.58499908447266,649686
2026-09-17 10:55:00-04:00,113.55999755859375,114.0999984741211,113.45999908447266,113.84500122070312,739249
2026-09-17 11:00:00-04:00,113.84559631347656,114.20680236816406,113.5,114.02999877929688,546363
2026-09-17 11:05:00-04:00,114.02999877929688,114.55729675292969,113.8550033569336,114.3499984741211,1316437
2026-09-17 11:10:00-04:00,114.3499984741211,114.3499984741211,113.8499984741211,114.11000061035156,347003
2026-09-17 11:15:00-04:00,114.08999633789062,114.12999725341797,113.81999969482422,113.86990356445312,334004
2026-09-17 11:20:00-04:00,113.86000061035156,114.05000305175781,113.68000030517578,113.9894027709961,353863
2026-09-17 11:25:00-04:00,114.0,114.20999908447266,113.91999816894531,114.11579895019531,422313
2026-09-17 11:30:00-04:00,114.12000274658203,114.2300033569336,113.87999725341797,113.93000030517578,330962
2026-09-17 11:35:00-04:00,113.94999694824219,114.0999984741211,113.91000366210938,113.9749984741211,275758
2026-09-17 11:40:00-04:00,113.95999908447266,114.33999633789062,113.94999694824219,114.08999633789062,379154
2026-09-17 11:45:00-04:00,114.0999984741211,114.30999755859375,114.05999755859375,114.29000091552734,215905
2026-09-17 11:50:00-04:00,114.29499816894531,114.3499984741211,113.93000030517578,113.98989868164062,256457
2026-09-17 11:55:00-04:00,114.0,114.29000091552734,114.0,114.25,200453
2026-09-17 12:00:00-04:00,114.2699966430664,114.44999694824219,114.19999694824219,114.30999755859375,259409
2026-09-17 12:05:00-04:00,114.33000183105469,114.6050033569336,114.2300033569336,114.5999984741211,298402
2026-09-17 12:10:00-04:00,114.58999633789062,114.81999969482422,114.55000305175781,114.81749725341797,404368
2026-09-17 12:15:00-04:00,114.80000305175781,114.88619995117188,114.61060333251953,114.86499786376953,310853
2026-09-17 12:20:00-04:00,114.86100006103516,114.97000122070312,114.66200256347656,114.9000015258789,259917
2026-09-17 12:25:00-04:00,114.91000366210938,114.94499969482422,114.7300033569336,114.94499969482422,271518
2026-09-17 12:30:00-04:00,114.94999694824219,115.04000091552734,114.62999725341797,114.71499633789062,469096
2026-09-17 12:35:00-04:00,114.7300033569336,114.8499984741211,114.58000183105469,114.7300033569336,191629
2026-09-17 12:40:00-04:00,114.73999786376953,115.04000091552734,114.67579650878906,114.95999908447266,291171
2026-09-17 12:45:00-04:00,114.95999908447266,115.0999984741211,114.86000061035156,115.01000213623047,255417
2026-09-17 12:50:00-04:00,115.00499725341797,115.12999725341797,114.93000030517578,115.04499816894531,173361
2026-09-17 12:55:00-04:00,115.04000091552734,115.08999633789062,114.47000122070312,114.99199676513672,433818
2026-09-17 13:00:00-04:00,114.9800033569336,115.36000061035156,114.97000122070312,115.1500015258789,456594
2026-09-17 13:05:00-04:00,115.1500015258789,115.45999908447266,115.1500015258789,115.30000305175781,271300
2026-09-17 13:10:00-04:00,115.30000305175781,115.33000183105469,114.98999786376953,115.04000091552734,243382
2026-09-17 13:15:00-04:00,115.04000091552734,115.30000305175781,115.0,115.23750305175781,222706
2026-09-17 13:20:00-04:00,115.22599792480469,115.27999877929688,115.06999969482422,115.16999816894531,135515
2026-09-17 13:25:00-04:00,115.18000030517578,115.30000305175781,115.11000061035156,115.1500015258789,177919
2026-09-17 13:30:00-04:00,115.1500015258789,115.15499877929688,114.97000122070312,115.04000091552734,148145
2026-09-17 13:35:00-04:00,115.01000213623047,115.18000030517578,114.87010192871094,114.91000366210938,157850
2026-09-17 13:40:00-04:00,114.91999816894531,115.22000122070312,114.89440155029297,115.19999694824219,291619
2026-09-17 13:45:00-04:00,115.20999908447266,115.28500366210938,115.12999725341797,115.16000366210938,113973
2026-09-17 13:50:00-04:00,115.16629791259766,115.19000244140625,115.04000091552734,115.06999969482422,122168
2026-09-17 13:55:00-04:00,115.08000183105469,115.23999786376953,115.02040100097656,115.20369720458984,112762
2026-09-17 14:00:00-04:00,115.22000122070312,115.26499938964844,115.0510025024414,115.13999938964844,128211
2026-09-17 14:05:00-04:00,115.18000030517578,115.26930236816406,114.97000122070312,115.05000305175781,148375
2026-09-17 14:10:00-04:00,115.02999877929688,115.27999877929688,115.0,115.1906967163086,178870
2026-09-17 14:15:00-04:00,115.19999694824219,115.2750015258789,115.0999984741211,115.20089721679688,168477
2026-09-17 14:20:00-04:00,115.2300033569336,115.24929809570312,114.91580200195312,115.02999877929688,167078
2026-09-17 14:25:00-04:00,115.04000091552734,115.1500015258789,115.0,115.05000305175781,148469
2026-09-17 14:30:00-04:00,115.05000305175781,115.29000091552734,115.04000091552734,115.07990264892578,210387
2026-09-17 14:35:00-04:00,115.08999633789062,115.0999984741211,114.83000183105469,114.8949966430664,362676
2026-09-17 14:40:00-04:00,114.87999725341797,114.9801025390625,114.80000305175781,114.94999694824219,356022
2026-09-17 14:45:00-04:00,114.95999908447266,115.06999969482422,114.87999725341797,114.87999725341797,356074
2026-09-17 14:50:00-04:00,114.88999938964844,114.93000030517578,114.66000366210938,114.75,483728
2026-09-17 14:55:00-04:00,114.75,114.94999694824219,114.7300033569336,114.91999816894531,294895
2026-09-17 15:00:00-04:00,114.91999816894531,115.00990295410156,114.77999877929688,114.8499984741211,509018
2026-09-17 15:05:00-04:00,114.8499984741211,115.12000274658203,114.75499725341797,114.9749984741211,505998
2026-09-17 15:10:00-04:00,114.97000122070312,115.04499816894531,114.84500122070312,114.86250305175781,507581
2026-09-17 15:15:00-04:00,114.87000274658203,115.08000183105469,114.86000061035156,114.9749984741211,481784
2026-09-17 15:20:00-04:00,114.9800033569336,115.08000183105469,114.7699966430664,114.77999877929688,507870
2026-09-17 15:25:00-04:00,114.79000091552734,114.86009979248047,114.58000183105469,114.6500015258789,486565
2026-09-17 15:30:00-04:00,114.66000366210938,115.2300033569336,114.62000274658203,115.0999984741211,1307197
2026-09-17 15:35:00-04:00,115.0999984741211,115.31999969482422,115.08999633789062,115.31999969482422,516843
2026-09-17 15:40:00-04:00,115.30999755859375,115.33999633789062,114.74009704589844,115.02989959716797,778975
2026-09-17 15:45:00-04:00,115.02999877929688,115.08000183105469,114.8499984741211,114.97000122070312,550174
2026-09-17 15:50:00-04:00,114.9800033569336,115.23999786376953,114.73999786376953,114.7699966430664,1042689
2026-09-17 15:55:00-04:00,114.77999877929688,115.19999694824219,114.5999984741211,114.69999694824219,2275465
2026-09-18 09:30:00-04:00,117.02999877929688,118.16539764404297,116.88999938964844,117.48999786376953,9719203
2026-09-18 09:35:00-04:00,117.48999786376953,118.80000305175781,117.37999725341797,118.5999984741211,1244313
2026-09-18 09:40:00-04:00,118.6500015258789,119.44000244140625,117.94999694824219,119.03099822998047,1332229
2026-09-18 09:45:00-04:00,119.06999969482422,119.70880126953125,118.43000030517578,118.66000366210938,1186001
2026-09-18 09:50:00-04:00,118.66999816894531,118.81999969482422,118.16000366210938,118.49500274658203,801196
2026-09-18 09:55:00-04:00,118.47000122070312,118.54000091552734,117.85099792480469,118.43000030517578,629535
2026-09-18 10:00:00-04:00,118.44999694824219,118.64289855957031,117.33999633789062,117.47000122070312,836925
2026-09-18 10:05:00-04:00,117.46499633789062,118.26000213623047,117.08999633789062,118.25,843093
2026-09-18 10:10:00-04:00,118.24400329589844,118.97000122070312,118.18000030517578,118.75,888780
2026-09-18 10:15:00-04:00,118.7750015258789,118.87000274658203,118.23999786376953,118.69000244140625,467477
2026-09-18 10:20:00-04:00,118.70999908447266,119.11000061035156,118.44999694824219,118.94000244140625,568297
2026-09-18 10:25:00-04:00,118.92009735107422,118.94999694824219,118.56999969482422,118.5999984741211,557274
2026-09-18 10:30:00-04:00,118.6500015258789,118.93000030517578,118.47010040283203,118.591796875,307515
2026-09-18 10:35:00-04:00,118.59510040283203,118.8499984741211,118.18000030517578,118.45010375976562,474667
2026-09-18 10:40:00-04:00,118.44999694824219,118.51000213623047,117.77279663085938,117.875,539242
2026-09-18 10:45:00-04:00,117.8550033569336,118.44000244140625,117.75,118.36029815673828,529590
2026-09-18 10:50:00-04:00,118.34480285644531,118.69000244140625,118.26499938964844,118.44000244140625,452367
2026-09-18 10:55:00-04:00,118.47000122070312,118.56500244140625,118.1500015258789,118.37999725341797,232187
2026-09-18 11:00:00-04:00,118.38999938964844,118.52999877929688,117.98500061035156,118.04499816894531,326364
2026-09-18 11:05:00-04:00,118.02999877929688,118.45999908447266,118.02999877929688,118.2699966430664,231311
2026-09-18 11:10:00-04:00,118.27999877929688,118.27999877929688,117.80999755859375,118.125,283676
2026-09-18 11:15:00-04:00,118.0999984741211,118.33000183105469,117.98999786376953,118.26499938964844,202665
2026-09-18 11:20:00-04:00,118.23999786376953,118.45989990234375,118.02999877929688,118.31999969482422,211641
2026-09-18 11:25:00-04:00,118.29000091552734,118.7300033569336,118.27999877929688,118.64659881591797,320391
2026-09-18 11:30:00-04:00,118.62000274658203,118.77999877929688,118.27999877929688,118.54010009765625,323256
2026-09-18 11:35:00-04:00,118.57499694824219,118.66999816894531,118.0999984741211,118.17990112304688,233479
2026-09-18 11:40:00-04:00,118.15540313720703,118.16999816894531,117.8499984741211,118.05999755859375,308091
2026-09-18 11:45:00-04:00,118.06999969482422,118.31999969482422,117.91560363769531,118.26499938964844,239237
2026-09-18 11:50:00-04:00,118.27999877929688,118.44999694824219,117.93000030517578,117.97000122070312,290258
2026-09-18 11:55:00-04:00,117.94090270996094,118.0199966430664,117.68000030517578,117.7699966430664,363207
2026-09-18 12:00:00-04:00,117.7699966430664,117.80000305175781,117.5541000366211,117.59989929199219,249165
2026-09-18 12:05:00-04:00,117.5999984741211,117.87999725341797,117.5250015258789,117.5999984741211,264439
2026-09-18 12:10:00-04:00,117.61000061035156,117.6500015258789,117.36000061035156,117.55500030517578,338239
2026-09-18 12:15:00-04:00,117.58000183105469,117.83999633789062,117.50150299072266,117.80860137939453,198779
2026-09-18 12:20:00-04:00,117.81999969482422,117.91999816894531,117.01000213623047,117.04000091552734,313171
2026-09-18 12:25:00-04:00,117.05500030517578,117.20899963378906,116.68000030517578,117.1500015258789,671061
2026-09-18 12:30:00-04:00,117.19000244140625,117.69999694824219,117.04000091552734,117.58999633789062,321208
2026-09-18 12:35:00-04:00,117.62000274658203,117.69999694824219,117.47000122070312,117.52999877929688,239134
2026-09-18 12:40:00-04:00,117.56999969482422,117.67269897460938,117.3499984741211,117.58000183105469,204337
2026-09-18 12:45:00-04:00,117.57499694824219,117.61499786376953,117.30000305175781,117.43000030517578,163390
2026-09-18 12:50:00-04:00,117.45999908447266,117.70999908447266,117.44000244140625,117.6500015258789,203111
2026-09-18 12:55:00-04:00,117.63999938964844,117.82749938964844,117.51000213623047,117.81749725341797,253779
2026-09-18 13:00:00-04:00,117.81999969482422,118.05000305175781,117.69999694824219,117.87999725341797,310056
2026-09-18 13:05:00-04:00,117.87999725341797,118.15840148925781,117.86000061035156,118.06999969482422,289263
2026-09-18 13:10:00-04:00,118.06999969482422,118.06999969482422,117.87000274658203,118.0199966430664,247279
2026-09-18 13:15:00-04:00,118.0198974609375,118.16000366210938,117.93000030517578,118.08000183105469,167751
2026-09-18 13:20:00-04:00,118.0999984741211,118.13999938964844,118.0,118.0199966430664,128656
2026-09-18 13:25:00-04:00,118.0199966430664,118.1500015258789,117.95999908447266,118.08999633789062,99150
2026-09-18 13:30:00-04:00,118.08000183105469,118.13999938964844,117.96009826660156,118.05999755859375,96624
2026-09-18 13:35:00-04:00,118.08000183105469,118.2300033569336,118.05000305175781,118.06999969482422,125695
2026-09-18 13:40:00-04:00,118.08999633789062,118.20999908447266,117.98999786376953,118.20999908447266,106936
2026-09-18 13:45:00-04:00,118.20999908447266,118.20999908447266,118.05999755859375,118.20999908447266,102310
2026-09-18 13:50:00-04:00,118.19999694824219,118.22000122070312,118.04000091552734,118.05999755859375,148820
2026-09-18 13:55:00-04:00,118.05000305175781,118.19999694824219,118.05000305175781,118.1449966430664,91544
2026-09-18 14:00:00-04:00,118.1500015258789,118.19000244140625,117.97000122070312,118.03500366210938,158476
2026-09-18 14:05:00-04:00,118.05000305175781,118.08999633789062,117.83830261230469,117.88999938964844,168522
2026-09-18 14:10:00-04:00,117.87999725341797,117.9291000366211,117.7301025390625,117.80000305175781,154202
2026-09-18 14:15:00-04:00,117.80000305175781,118.01000213623047,117.79000091552734,117.97000122070312,139318
2026-09-18 14:20:00-04:00,117.97000122070312,118.44210052490234,117.95999908447266,118.17160034179688,297298
2026-09-18 14:25:00-04:00,118.16000366210938,118.21150207519531,117.87999725341797,117.98999786376953,163893
2026-09-18 14:30:00-04:00,118.0,118.01000213623047,117.7750015258789,117.91999816894531,140425
2026-09-18 14:35:00-04:00,117.91999816894531,117.95240020751953,117.69000244140625,117.91000366210938,175182
2026-09-18 14:40:00-04:00,117.93000030517578,118.02629852294922,117.8499984741211,118.01840209960938,153305
2026-09-18 14:45:00-04:00,118.01000213623047,118.31999969482422,117.98999786376953,118.23999786376953,322143
2026-09-18 14:50:00-04:00,118.2300033569336,118.61000061035156,118.19039916992188,118.47000122070312,328549
2026-09-18 14:55:00-04:00,118.4800033569336,118.61990356445312,118.4000015258789,118.51000213623047,185169
2026-09-18 15:00:00-04:00,118.5199966430664,119.0,118.51000213623047,118.93150329589844,417301
2026-09-18 15:05:00-04:00,118.94999694824219,119.0999984741211,118.76000213623047,118.9000015258789,316338
2026-09-18 15:10:00-04:00,118.91000366210938,119.22000122070312,118.7699966430664,118.87010192871094,358110
2026-09-18 15:15:00-04:00,118.87999725341797,119.19999694824219,118.83999633789062,119.18000030517578,233386
2026-09-18 15:20:00-04:00,119.16999816894531,119.30000305175781,119.0199966430664,119.06999969482422,256628
2026-09-18 15:25:00-04:00,119.07499694824219,119.12999725341797,118.91999816894531,119.08999633789062,216686
2026-09-18 15:30:00-04:00,119.08999633789062,119.22000122070312,118.6500015258789,119.20999908447266,977463
2026-09-18 15:35:00-04:00,119.19999694824219,119.66940307617188,119.16000366210938,119.5199966430664,531747
2026-09-18 15:40:00-04:00,119.52950286865234,119.86000061035156,119.51000213623047,119.83999633789062,564658
2026-09-18 15:45:00-04:00,119.83999633789062,119.9000015258789,119.61000061035156,119.83999633789062,615973
2026-09-18 15:50:00-04:00,119.83000183105469,121.70999908447266,119.83000183105469,121.70999908447266,1581105
2026-09-18 15:55:00-04:00,121.70999908447266,123.9000015258789,121.70452880859375,123.7699966430664,3066398
