kind,score,regime,strategy,return_pct,cagr_pct,max_drawdown_pct,profit_factor,win_rate_pct,trades,sharpe,sortino,calmar,worst_trade_pct,top1_contribution_pct,top3_contribution_pct,top5_contribution_pct,contribution_by_mode,config,regime_share
regime,26.265325,"{'enter_spread': 0.005, 'exit_spread': 0.0025, 'slope_threshold': 0.0025, 'range_spread': 0.006, 'range_slope': 0.004, 'range_width': 0.1, 'panic_atr': 0.045, 'persistence': 1}","{'trend_position': 0.4, 'range_position': 0.25, 'panic_position': 0.2, 'trend_boll_std': 1.5, 'trend_stop': 0.1, 'range_rsi': 40, 'range_boll_std': 1.75, 'range_tp': 0.025, 'range_sl': 0.02, 'panic_rsi': 35, 'panic_boll_std': 1.75, 'panic_drop': 0.06, 'panic_tp': 0.015, 'panic_sl': 0.03}",58.0632,26.0137,25.4383,2.2311,13.01,123,0.9044,0.607,1.0226,-16.7374,115.03,148.16,164.81,"{'DOWN_PANIC': -829.8, 'TREND': 58893.03}","{'trend_position': 0.4, 'range_position': 0.25, 'panic_position': 0.2, 'trend_boll_std': 1.5, 'trend_stop': 0.1, 'range_rsi': 40, 'range_boll_std': 1.75, 'range_tp': 0.025, 'range_sl': 0.02, 'panic_rsi': 35, 'panic_boll_std': 1.75, 'panic_drop': 0.06, 'panic_tp': 0.015, 'panic_sl': 0.03}","{'TREND_UP': 0.5096848800231281, 'TREND_DOWN': 0.27869326394911825, 'HIGH_VOL': 0.127782596126048, 'TRANSITION': 0.07950274645851402, 'RANGE': 0.004336513443191674}"
regime,25.872575,"{'enter_spread': 0.005, 'exit_spread': 0.0025, 'slope_threshold': 0.0025, 'range_spread': 0.006, 'range_slope': 0.004, 'range_width': 0.1, 'panic_atr': 0.045, 'persistence': 2}","{'trend_position': 0.4, 'range_position': 0.25, 'panic_position': 0.2, 'trend_boll_std': 1.5, 'trend_stop': 0.1, 'range_rsi': 40, 'range_boll_std': 1.75, 'range_tp': 0.025, 'range_sl': 0.02, 'panic_rsi': 35, 'panic_boll_std': 1.75, 'panic_drop': 0.06, 'panic_tp': 0.015, 'panic_sl': 0.03}",57.6832,25.8606,25.4485,2.2259,12.3,122,0.9003,0.6038,1.0162,-16.7374,115.56,148.84,165.56,"{'DOWN_PANIC': -1112.26, 'TREND': 58795.48}","{'trend_position': 0.4, 'range_position': 0.25, 'panic_position': 0.2, 'trend_boll_std': 1.5, 'trend_stop': 0.1, 'range_rsi': 40, 'range_boll_std': 1.75, 'range_tp': 0.025, 'range_sl': 0.02, 'panic_rsi': 35, 'panic_boll_std': 1.75, 'panic_drop': 0.06, 'panic_tp': 0.015, 'panic_sl': 0.03}","{'TREND_UP': 0.5117085862966175, 'TREND_DOWN': 0.28013876843018215, 'HIGH_VOL': 0.12749349522983522, 'TRANSITION': 0.07718993928881179, 'RANGE': 0.003469210754553339}"
regime,26.265325,"{'enter_spread': 0.005, 'exit_spread': 0.0025, 'slope_threshold': 0.0025, 'range_spread': 0.006, 'range_slope': 0.004, 'range_width': 0.14, 'panic_atr': 0.045, 'persistence': 1}","{'trend_position': 0.4, 'range_position': 0.25, 'panic_position': 0.2, 'trend_boll_std': 1.5, 'trend_stop': 0.1, 'range_rsi': 40, 'range_boll_std': 1.75, 'range_tp': 0.025, 'range_sl': 0.02, 'panic_rsi': 35, 'panic_boll_std': 1.75, 'panic_drop': 0.06, 'panic_tp': 0.015, 'panic_sl': 0.03}",58.0632,26.0137,25.4383,2.2311,13.01,123,0.9044,0.607,1.0226,-16.7374,115.03,148.16,164.81,"{'DOWN_PANIC': -829.8, 'TREND': 58893.03}","{'trend_position': 0.4, 'range_position': 0.25, 'panic_position': 0.2, 'trend_boll_std': 1.5, 'trend_stop': 0.1, 'range_rsi': 40, 'range_boll_std': 1.75, 'range_tp': 0.025, 'range_sl': 0.02, 'panic_rsi': 35, 'panic_boll_std': 1.75, 'panic_drop': 0.06, 'panic_tp': 0.015, 'panic_sl': 0.03}","{'TREND_UP': 0.5096848800231281, 'TREND_DOWN': 0.27869326394911825, 'HIGH_VOL': 0.127782596126048, 'TRANSITION': 0.0783463428736629, 'RANGE': 0.005492917028042787}"
regime,25.872575,"{'enter_spread': 0.005, 'exit_spread': 0.0025, 'slope_threshold': 0.0025, 'range_spread': 0.006, 'range_slope': 0.004, 'range_width': 0.14, 'panic_atr': 0.045, 'persistence': 2}","{'trend_position': 0.4, 'range_position': 0.25, 'panic_position': 0.2, 'trend_boll_std': 1.5, 'trend_stop': 0.1, 'range_rsi': 40, 'range_boll_std': 1.75, 'range_tp': 0.025, 'range_sl': 0.02, 'panic_rsi': 35, 'panic_boll_std': 1.75, 'panic_drop': 0.06, 'panic_tp': 0.015, 'panic_sl': 0.03}",57.6832,25.8606,25.4485,2.2259,12.3,122,0.9003,0.6038,1.0162,-16.7374,115.56,148.84,165.56,"{'DOWN_PANIC': -1112.26, 'TREND': 58795.48}","{'trend_position': 0.4, 'range_position': 0.25, 'panic_position': 0.2, 'trend_boll_std': 1.5, 'trend_stop': 0.1, 'range_rsi': 40, 'range_boll_std': 1.75, 'range_tp': 0.025, 'range_sl': 0.02, 'panic_rsi': 35, 'panic_boll_std': 1.75, 'panic_drop': 0.06, 'panic_tp': 0.015, 'panic_sl': 0.03}","{'TREND_UP': 0.5117085862966175, 'TREND_DOWN': 0.28013876843018215, 'HIGH_VOL': 0.12749349522983522, 'TRANSITION': 0.07603353570396068, 'RANGE': 0.004625614339404453}"
regime,26.265325,"{'enter_spread': 0.005, 'exit_spread': 0.0025, 'slope_threshold': 0.0025, 'range_spread': 0.006, 'range_slope': 0.004, 'range_width': 0.18, 'panic_atr': 0.045, 'persistence': 1}","{'trend_position': 0.4, 'range_position': 0.25, 'panic_position': 0.2, 'trend_boll_std': 1.5, 'trend_stop': 0.1, 'range_rsi': 40, 'range_boll_std': 1.75, 'range_tp': 0.025, 'range_sl': 0.02, 'panic_rsi': 35, 'panic_boll_std': 1.75, 'panic_drop': 0.06, 'panic_tp': 0.015, 'panic_sl': 0.03}",58.0632,26.0137,25.4383,2.2311,13.01,123,0.9044,0.607,1.0226,-16.7374,115.03,148.16,164.81,"{'DOWN_PANIC': -829.8, 'TREND': 58893.03}","{'trend_position': 0.4, 'range_position': 0.25, 'panic_position': 0.2, 'trend_boll_std': 1.5, 'trend_stop': 0.1, 'range_rsi': 40, 'range_boll_std': 1.75, 'range_tp': 0.025, 'range_sl': 0.02, 'panic_rsi': 35, 'panic_boll_std': 1.75, 'panic_drop': 0.06, 'panic_tp': 0.015, 'panic_sl': 0.03}","{'TREND_UP': 0.5093957791269152, 'TREND_DOWN': 0.27869326394911825, 'HIGH_VOL': 0.127782596126048, 'TRANSITION': 0.07805724197745013, 'RANGE': 0.006071118820468344}"
regime,25.872575,"{'enter_spread': 0.005, 'exit_spread': 0.0025, 'slope_threshold': 0.0025, 'range_spread': 0.006, 'range_slope': 0.004, 'range_width': 0.18, 'panic_atr': 0.045, 'persistence': 2}","{'trend_position': 0.4, 'range_position': 0.25, 'panic_position': 0.2, 'trend_boll_std': 1.5, 'trend_stop': 0.1, 'range_rsi': 40, 'range_boll_std': 1.75, 'range_tp': 0.025, 'range_sl': 0.02, 'panic_rsi': 35, 'panic_boll_std': 1.75, 'panic_drop': 0.06, 'panic_tp': 0.015, 'panic_sl': 0.03}",57.6832,25.8606,25.4485,2.2259,12.3,122,0.9003,0.6038,1.0162,-16.7374,115.56,148.84,165.56,"{'DOWN_PANIC': -1112.26, 'TREND': 58795.48}","{'trend_position': 0.4, 'range_position': 0.25, 'panic_position': 0.2, 'trend_boll_std': 1.5, 'trend_stop': 0.1, 'range_rsi': 40, 'range_boll_std': 1.75, 'range_tp': 0.025, 'range_sl': 0.02, 'panic_rsi': 35, 'panic_boll_std': 1.75, 'panic_drop': 0.06, 'panic_tp': 0.015, 'panic_sl': 0.03}","{'TREND_UP': 0.5117085862966175, 'TREND_DOWN': 0.28013876843018215, 'HIGH_VOL': 0.12749349522983522, 'TRANSITION': 0.07603353570396068, 'RANGE': 0.004625614339404453}"
regime,25.872575,"{'enter_spread': 0.0075, 'exit_spread': 0.0025, 'slope_threshold': 0.0025, 'range_spread': 0.006, 'range_slope': 0.004, 'range_width': 0.1, 'panic_atr': 0.045, 'persistence': 1}","{'trend_position': 0.4, 'range_position': 0.25, 'panic_position': 0.2, 'trend_boll_std': 1.5, 'trend_stop': 0.1, 'range_rsi': 40, 'range_boll_std': 1.75, 'range_tp': 0.025, 'range_sl': 0.02, 'panic_rsi': 35, 'panic_boll_std': 1.75, 'panic_drop': 0.06, 'panic_tp': 0.015, 'panic_sl': 0.03}",57.6832,25.8606,25.4485,2.2259,12.3,122,0.9003,0.6038,1.0162,-16.7374,115.56,148.84,165.56,"{'DOWN_PANIC': -1112.26, 'TREND': 58795.48}","{'trend_position': 0.4, 'range_position': 0.25, 'panic_position': 0.2, 'trend_boll_std': 1.5, 'trend_stop': 0.1, 'range_rsi': 40, 'range_boll_std': 1.75, 'range_tp': 0.025, 'range_sl': 0.02, 'panic_rsi': 35, 'panic_boll_std': 1.75, 'panic_drop': 0.06, 'panic_tp': 0.015, 'panic_sl': 0.03}","{'TREND_UP': 0.49956634865568084, 'TREND_DOWN': 0.2726221451286499, 'HIGH_VOL': 0.127782596126048, 'TRANSITION': 0.0956923966464296, 'RANGE': 0.004336513443191674}"
regime,26.045250000000003,"{'enter_spread': 0.0075, 'exit_spread': 0.0025, 'slope_threshold': 0.0025, 'range_spread': 0.006, 'range_slope': 0.004, 'range_width': 0.1, 'panic_atr': 0.045, 'persistence': 2}","{'trend_position': 0.4, 'range_position': 0.25, 'panic_position': 0.2, 'trend_boll_std': 1.5, 'trend_stop': 0.1, 'range_rsi': 40, 'range_boll_std': 1.75, 'range_tp': 0.025, 'range_sl': 0.02, 'panic_rsi': 35, 'panic_boll_std': 1.75, 'panic_drop': 0.06, 'panic_tp': 0.015, 'panic_sl': 0.03}",57.8325,25.9208,25.4298,2.2315,12.4,121,0.9023,0.6042,1.0193,-16.7374,115.26,148.51,165.2,"{'DOWN_PANIC': -970.04, 'TREND': 58802.55}","{'trend_position': 0.4, 'range_position': 0.25, 'panic_position': 0.2, 'trend_boll_std': 1.5, 'trend_stop': 0.1, 'range_rsi': 40, 'range_boll_std': 1.75, 'range_tp': 0.025, 'range_sl': 0.02, 'panic_rsi': 35, 'panic_boll_std': 1.75, 'panic_drop': 0.06, 'panic_tp': 0.015, 'panic_sl': 0.03}","{'TREND_UP': 0.5001445504481064, 'TREND_DOWN': 0.27348944781728823, 'HIGH_VOL': 0.12749349522983522, 'TRANSITION': 0.09540329575021683, 'RANGE': 0.003469210754553339}"
regime,25.872575,"{'enter_spread': 0.0075, 'exit_spread': 0.0025, 'slope_threshold': 0.0025, 'range_spread': 0.006, 'range_slope': 0.004, 'range_width': 0.14, 'panic_atr': 0.045, 'persistence': 1}","{'trend_position': 0.4, 'range_position': 0.25, 'panic_position': 0.2, 'trend_boll_std': 1.5, 'trend_stop': 0.1, 'range_rsi': 40, 'range_boll_std': 1.75, 'range_tp': 0.025, 'range_sl': 0.02, 'panic_rsi': 35, 'panic_boll_std': 1.75, 'panic_drop': 0.06, 'panic_tp': 0.015, 'panic_sl': 0.03}",57.6832,25.8606,25.4485,2.2259,12.3,122,0.9003,0.6038,1.0162,-16.7374,115.56,148.84,165.56,"{'DOWN_PANIC': -1112.26, 'TREND': 58795.48}","{'trend_position': 0.4, 'range_position': 0.25, 'panic_position': 0.2, 'trend_boll_std': 1.5, 'trend_stop': 0.1, 'range_rsi': 40, 'range_boll_std': 1.75, 'range_tp': 0.025, 'range_sl': 0.02, 'panic_rsi': 35, 'panic_boll_std': 1.75, 'panic_drop': 0.06, 'panic_tp': 0.015, 'panic_sl': 0.03}","{'TREND_UP': 0.49956634865568084, 'TREND_DOWN': 0.2726221451286499, 'HIGH_VOL': 0.127782596126048, 'TRANSITION': 0.09453599306157849, 'RANGE': 0.005492917028042787}"
regime,26.045250000000003,"{'enter_spread': 0.0075, 'exit_spread': 0.0025, 'slope_threshold': 0.0025, 'range_spread': 0.006, 'range_slope': 0.004, 'range_width': 0.14, 'panic_atr': 0.045, 'persistence': 2}","{'trend_position': 0.4, 'range_position': 0.25, 'panic_position': 0.2, 'trend_boll_std': 1.5, 'trend_stop': 0.1, 'range_rsi': 40, 'range_boll_std': 1.75, 'range_tp': 0.025, 'range_sl': 0.02, 'panic_rsi': 35, 'panic_boll_std': 1.75, 'panic_drop': 0.06, 'panic_tp': 0.015, 'panic_sl': 0.03}",57.8325,25.9208,25.4298,2.2315,12.4,121,0.9023,0.6042,1.0193,-16.7374,115.26,148.51,165.2,"{'DOWN_PANIC': -970.04, 'TREND': 58802.55}","{'trend_position': 0.4, 'range_position': 0.25, 'panic_position': 0.2, 'trend_boll_std': 1.5, 'trend_stop': 0.1, 'range_rsi': 40, 'range_boll_std': 1.75, 'range_tp': 0.025, 'range_sl': 0.02, 'panic_rsi': 35, 'panic_boll_std': 1.75, 'panic_drop': 0.06, 'panic_tp': 0.015, 'panic_sl': 0.03}","{'TREND_UP': 0.5001445504481064, 'TREND_DOWN': 0.27348944781728823, 'HIGH_VOL': 0.12749349522983522, 'TRANSITION': 0.0942468921653657, 'RANGE': 0.004625614339404453}"
regime,25.872575,"{'enter_spread': 0.0075, 'exit_spread': 0.0025, 'slope_threshold': 0.0025, 'range_spread': 0.006, 'range_slope': 0.004, 'range_width': 0.18, 'panic_atr': 0.045, 'persistence': 1}","{'trend_position': 0.4, 'range_position': 0.25, 'panic_position': 0.2, 'trend_boll_std': 1.5, 'trend_stop': 0.1, 'range_rsi': 40, 'range_boll_std': 1.75, 'range_tp': 0.025, 'range_sl': 0.02, 'panic_rsi': 35, 'panic_boll_std': 1.75, 'panic_drop': 0.06, 'panic_tp': 0.015, 'panic_sl': 0.03}",57.6832,25.8606,25.4485,2.2259,12.3,122,0.9003,0.6038,1.0162,-16.7374,115.56,148.84,165.56,"{'DOWN_PANIC': -1112.26, 'TREND': 58795.48}","{'trend_position': 0.4, 'range_position': 0.25, 'panic_position': 0.2, 'trend_boll_std': 1.5, 'trend_stop': 0.1, 'range_rsi': 40, 'range_boll_std': 1.75, 'range_tp': 0.025, 'range_sl': 0.02, 'panic_rsi': 35, 'panic_boll_std': 1.75, 'panic_drop': 0.06, 'panic_tp': 0.015, 'panic_sl': 0.03}","{'TREND_UP': 0.4992772477594681, 'TREND_DOWN': 0.2726221451286499, 'HIGH_VOL': 0.127782596126048, 'TRANSITION': 0.0942468921653657, 'RANGE': 0.006071118820468344}"
regime,26.045250000000003,"{'enter_spread': 0.0075, 'exit_spread': 0.0025, 'slope_threshold': 0.0025, 'range_spread': 0.006, 'range_slope': 0.004, 'range_width': 0.18, 'panic_atr': 0.045, 'persistence': 2}","{'trend_position': 0.4, 'range_position': 0.25, 'panic_position': 0.2, 'trend_boll_std': 1.5, 'trend_stop': 0.1, 'range_rsi': 40, 'range_boll_std': 1.75, 'range_tp': 0.025, 'range_sl': 0.02, 'panic_rsi': 35, 'panic_boll_std': 1.75, 'panic_drop': 0.06, 'panic_tp': 0.015, 'panic_sl': 0.03}",57.8325,25.9208,25.4298,2.2315,12.4,121,0.9023,0.6042,1.0193,-16.7374,115.26,148.51,165.2,"{'DOWN_PANIC': -970.04, 'TREND': 58802.55}","{'trend_position': 0.4, 'range_position': 0.25, 'panic_position': 0.2, 'trend_boll_std': 1.5, 'trend_stop': 0.1, 'range_rsi': 40, 'range_boll_std': 1.75, 'range_tp': 0.025, 'range_sl': 0.02, 'panic_rsi': 35, 'panic_boll_std': 1.75, 'panic_drop': 0.06, 'panic_tp': 0.015, 'panic_sl': 0.03}","{'TREND_UP': 0.5001445504481064, 'TREND_DOWN': 0.27348944781728823, 'HIGH_VOL': 0.12749349522983522, 'TRANSITION': 0.0942468921653657, 'RANGE': 0.004625614339404453}"
regime,26.045250000000003,"{'enter_spread': 0.01, 'exit_spread': 0.0025, 'slope_threshold': 0.0025, 'range_spread': 0.006, 'range_slope': 0.004, 'range_width': 0.1, 'panic_atr': 0.045, 'persistence': 1}","{'trend_position': 0.4, 'range_position': 0.25, 'panic_position': 0.2, 'trend_boll_std': 1.5, 'trend_stop': 0.1, 'range_rsi': 40, 'range_boll_std': 1.75, 'range_tp': 0.025, 'range_sl': 0.02, 'panic_rsi': 35, 'panic_boll_std': 1.75, 'panic_drop': 0.06, 'panic_tp': 0.015, 'panic_sl': 0.03}",57.8325,25.9208,25.4298,2.2315,12.4,121,0.9023,0.6042,1.0193,-16.7374,115.26,148.51,165.2,"{'DOWN_PANIC': -970.04, 'TREND': 58802.55}","{'trend_position': 0.4, 'range_position': 0.25, 'panic_position': 0.2, 'trend_boll_std': 1.5, 'trend_stop': 0.1, 'range_rsi': 40, 'range_boll_std': 1.75, 'range_tp': 0.025, 'range_sl': 0.02, 'panic_rsi': 35, 'panic_boll_std': 1.75, 'panic_drop': 0.06, 'panic_tp': 0.015, 'panic_sl': 0.03}","{'TREND_UP': 0.4877132119109569, 'TREND_DOWN': 0.265972824515756, 'HIGH_VOL': 0.127782596126048, 'TRANSITION': 0.11419485400404741, 'RANGE': 0.004336513443191674}"
regime,26.045250000000003,"{'enter_spread': 0.01, 'exit_spread': 0.0025, 'slope_threshold': 0.0025, 'range_spread': 0.006, 'range_slope': 0.004, 'range_width': 0.1, 'panic_atr': 0.045, 'persistence': 2}","{'trend_position': 0.4, 'range_position': 0.25, 'panic_position': 0.2, 'trend_boll_std': 1.5, 'trend_stop': 0.1, 'range_rsi': 40, 'range_boll_std': 1.75, 'range_tp': 0.025, 'range_sl': 0.02, 'panic_rsi': 35, 'panic_boll_std': 1.75, 'panic_drop': 0.06, 'panic_tp': 0.015, 'panic_sl': 0.03}",57.8325,25.9208,25.4298,2.2315,12.4,121,0.9023,0.6042,1.0193,-16.7374,115.26,148.51,165.2,"{'DOWN_PANIC': -970.04, 'TREND': 58802.55}","{'trend_position': 0.4, 'range_position': 0.25, 'panic_position': 0.2, 'trend_boll_std': 1.5, 'trend_stop': 0.1, 'range_rsi': 40, 'range_boll_std': 1.75, 'range_tp': 0.025, 'range_sl': 0.02, 'panic_rsi': 35, 'panic_boll_std': 1.75, 'panic_drop': 0.06, 'panic_tp': 0.015, 'panic_sl': 0.03}","{'TREND_UP': 0.48829141370338247, 'TREND_DOWN': 0.26655102630818156, 'HIGH_VOL': 0.12720439433362243, 'TRANSITION': 0.11448395490026018, 'RANGE': 0.003469210754553339}"
regime,26.045250000000003,"{'enter_spread': 0.01, 'exit_spread': 0.0025, 'slope_threshold': 0.0025, 'range_spread': 0.006, 'range_slope': 0.004, 'range_width': 0.14, 'panic_atr': 0.045, 'persistence': 1}","{'trend_position': 0.4, 'range_position': 0.25, 'panic_position': 0.2, 'trend_boll_std': 1.5, 'trend_stop': 0.1, 'range_rsi': 40, 'range_boll_std': 1.75, 'range_tp': 0.025, 'range_sl': 0.02, 'panic_rsi': 35, 'panic_boll_std': 1.75, 'panic_drop': 0.06, 'panic_tp': 0.015, 'panic_sl': 0.03}",57.8325,25.9208,25.4298,2.2315,12.4,121,0.9023,0.6042,1.0193,-16.7374,115.26,148.51,165.2,"{'DOWN_PANIC': -970.04, 'TREND': 58802.55}","{'trend_position': 0.4, 'range_position': 0.25, 'panic_position': 0.2, 'trend_boll_std': 1.5, 'trend_stop': 0.1, 'range_rsi': 40, 'range_boll_std': 1.75, 'range_tp': 0.025, 'range_sl': 0.02, 'panic_rsi': 35, 'panic_boll_std': 1.75, 'panic_drop': 0.06, 'panic_tp': 0.015, 'panic_sl': 0.03}","{'TREND_UP': 0.4877132119109569, 'TREND_DOWN': 0.265972824515756, 'HIGH_VOL': 0.127782596126048, 'TRANSITION': 0.1130384504191963, 'RANGE': 0.005492917028042787}"
regime,26.045250000000003,"{'enter_spread': 0.01, 'exit_spread': 0.0025, 'slope_threshold': 0.0025, 'range_spread': 0.006, 'range_slope': 0.004, 'range_width': 0.14, 'panic_atr': 0.045, 'persistence': 2}","{'trend_position': 0.4, 'range_position': 0.25, 'panic_position': 0.2, 'trend_boll_std': 1.5, 'trend_stop': 0.1, 'range_rsi': 40, 'range_boll_std': 1.75, 'range_tp': 0.025, 'range_sl': 0.02, 'panic_rsi': 35, 'panic_boll_std': 1.75, 'panic_drop': 0.06, 'panic_tp': 0.015, 'panic_sl': 0.03}",57.8325,25.9208,25.4298,2.2315,12.4,121,0.9023,0.6042,1.0193,-16.7374,115.26,148.51,165.2,"{'DOWN_PANIC': -970.04, 'TREND': 58802.55}","{'trend_position': 0.4, 'range_position': 0.25, 'panic_position': 0.2, 'trend_boll_std': 1.5, 'trend_stop': 0.1, 'range_rsi': 40, 'range_boll_std': 1.75, 'range_tp': 0.025, 'range_sl': 0.02, 'panic_rsi': 35, 'panic_boll_std': 1.75, 'panic_drop': 0.06, 'panic_tp': 0.015, 'panic_sl': 0.03}","{'TREND_UP': 0.48829141370338247, 'TREND_DOWN': 0.26655102630818156, 'HIGH_VOL': 0.12720439433362243, 'TRANSITION': 0.11332755131540907, 'RANGE': 0.004625614339404453}"
regime,26.045250000000003,"{'enter_spread': 0.01, 'exit_spread': 0.0025, 'slope_threshold': 0.0025, 'range_spread': 0.006, 'range_slope': 0.004, 'range_width': 0.18, 'panic_atr': 0.045, 'persistence': 1}","{'trend_position': 0.4, 'range_position': 0.25, 'panic_position': 0.2, 'trend_boll_std': 1.5, 'trend_stop': 0.1, 'range_rsi': 40, 'range_boll_std': 1.75, 'range_tp': 0.025, 'range_sl': 0.02, 'panic_rsi': 35, 'panic_boll_std': 1.75, 'panic_drop': 0.06, 'panic_tp': 0.015, 'panic_sl': 0.03}",57.8325,25.9208,25.4298,2.2315,12.4,121,0.9023,0.6042,1.0193,-16.7374,115.26,148.51,165.2,"{'DOWN_PANIC': -970.04, 'TREND': 58802.55}","{'trend_position': 0.4, 'range_position': 0.25, 'panic_position': 0.2, 'trend_boll_std': 1.5, 'trend_stop': 0.1, 'range_rsi': 40, 'range_boll_std': 1.75, 'range_tp': 0.025, 'range_sl': 0.02, 'panic_rsi': 35, 'panic_boll_std': 1.75, 'panic_drop': 0.06, 'panic_tp': 0.015, 'panic_sl': 0.03}","{'TREND_UP': 0.48742411101474414, 'TREND_DOWN': 0.265972824515756, 'HIGH_VOL': 0.127782596126048, 'TRANSITION': 0.11274934952298352, 'RANGE': 0.006071118820468344}"
regime,26.045250000000003,"{'enter_spread': 0.01, 'exit_spread': 0.0025, 'slope_threshold': 0.0025, 'range_spread': 0.006, 'range_slope': 0.004, 'range_width': 0.18, 'panic_atr': 0.045, 'persistence': 2}","{'trend_position': 0.4, 'range_position': 0.25, 'panic_position': 0.2, 'trend_boll_std': 1.5, 'trend_stop': 0.1, 'range_rsi': 40, 'range_boll_std': 1.75, 'range_tp': 0.025, 'range_sl': 0.02, 'panic_rsi': 35, 'panic_boll_std': 1.75, 'panic_drop': 0.06, 'panic_tp': 0.015, 'panic_sl': 0.03}",57.8325,25.9208,25.4298,2.2315,12.4,121,0.9023,0.6042,1.0193,-16.7374,115.26,148.51,165.2,"{'DOWN_PANIC': -970.04, 'TREND': 58802.55}","{'trend_position': 0.4, 'range_position': 0.25, 'panic_position': 0.2, 'trend_boll_std': 1.5, 'trend_stop': 0.1, 'range_rsi': 40, 'range_boll_std': 1.75, 'range_tp': 0.025, 'range_sl': 0.02, 'panic_rsi': 35, 'panic_boll_std': 1.75, 'panic_drop': 0.06, 'panic_tp': 0.015, 'panic_sl': 0.03}","{'TREND_UP': 0.48829141370338247, 'TREND_DOWN': 0.26655102630818156, 'HIGH_VOL': 0.12720439433362243, 'TRANSITION': 0.11332755131540907, 'RANGE': 0.004625614339404453}"
strategy,11.434539999999997,"{'enter_spread': 0.005, 'exit_spread': 0.0025, 'slope_threshold': 0.0025, 'range_spread': 0.006, 'range_slope': 0.004, 'range_width': 0.1, 'panic_atr': 0.045, 'persistence': 1}","{'trend_position': 0.25, 'range_position': 0.2, 'panic_position': 0.15, 'trend_boll_std': 1.5, 'trend_stop': 0.1, 'range_rsi': 35, 'range_boll_std': 1.75, 'range_tp': 0.015, 'range_sl': 0.02, 'panic_rsi': 35, 'panic_boll_std': 1.75, 'panic_drop': 0.04, 'panic_tp': 0.015, 'panic_sl': 0.03}",37.3261,17.3737,19.6966,2.2757,13.49,126,0.8623,0.5703,0.8821,-16.7374,112.58,145.01,161.27,"{'DOWN_PANIC': -895.23, 'TREND': 38221.29}","{'trend_position': 0.25, 'range_position': 0.2, 'panic_position': 0.15, 'trend_boll_std': 1.5, 'trend_stop': 0.1, 'range_rsi': 35, 'range_boll_std': 1.75, 'range_tp': 0.015, 'range_sl': 0.02, 'panic_rsi': 35, 'panic_boll_std': 1.75, 'panic_drop': 0.04, 'panic_tp': 0.015, 'panic_sl': 0.03}",
strategy,11.86114,"{'enter_spread': 0.005, 'exit_spread': 0.0025, 'slope_threshold': 0.0025, 'range_spread': 0.006, 'range_slope': 0.004, 'range_width': 0.1, 'panic_atr': 0.045, 'persistence': 1}","{'trend_position': 0.25, 'range_position': 0.2, 'panic_position': 0.15, 'trend_boll_std': 1.5, 'trend_stop': 0.1, 'range_rsi': 35, 'range_boll_std': 1.75, 'range_tp': 0.015, 'range_sl': 0.02, 'panic_rsi': 35, 'panic_boll_std': 1.75, 'panic_drop': 0.06, 'panic_tp': 0.015, 'panic_sl': 0.03}",37.6015,17.4926,19.6826,2.3075,13.01,123,0.8677,0.569,0.8887,-16.7374,111.76,143.97,160.17,"{'DOWN_PANIC': -618.97, 'TREND': 38220.43}","{'trend_position': 0.25, 'range_position': 0.2, 'panic_position': 0.15, 'trend_boll_std': 1.5, 'trend_stop': 0.1, 'range_rsi': 35, 'range_boll_std': 1.75, 'range_tp': 0.015, 'range_sl': 0.02, 'panic_rsi': 35, 'panic_boll_std': 1.75, 'panic_drop': 0.06, 'panic_tp': 0.015, 'panic_sl': 0.03}",
strategy,11.434539999999997,"{'enter_spread': 0.005, 'exit_spread': 0.0025, 'slope_threshold': 0.0025, 'range_spread': 0.006, 'range_slope': 0.004, 'range_width': 0.1, 'panic_atr': 0.045, 'persistence': 1}","{'trend_position': 0.25, 'range_position': 0.2, 'panic_position': 0.15, 'trend_boll_std': 1.5, 'trend_stop': 0.1, 'range_rsi': 35, 'range_boll_std': 1.75, 'range_tp': 0.025, 'range_sl': 0.02, 'panic_rsi': 35, 'panic_boll_std': 1.75, 'panic_drop': 0.04, 'panic_tp': 0.015, 'panic_sl': 0.03}",37.3261,17.3737,19.6966,2.2757,13.49,126,0.8623,0.5703,0.8821,-16.7374,112.58,145.01,161.27,"{'DOWN_PANIC': -895.23, 'TREND': 38221.29}","{'trend_position': 0.25, 'range_position': 0.2, 'panic_position': 0.15, 'trend_boll_std': 1.5, 'trend_stop': 0.1, 'range_rsi': 35, 'range_boll_std': 1.75, 'range_tp': 0.025, 'range_sl': 0.02, 'panic_rsi': 35, 'panic_boll_std': 1.75, 'panic_drop': 0.04, 'panic_tp': 0.015, 'panic_sl': 0.03}",
strategy,11.86114,"{'enter_spread': 0.005, 'exit_spread': 0.0025, 'slope_threshold': 0.0025, 'range_spread': 0.006, 'range_slope': 0.004, 'range_width': 0.1, 'panic_atr': 0.045, 'persistence': 1}","{'trend_position': 0.25, 'range_position': 0.2, 'panic_position': 0.15, 'trend_boll_std': 1.5, 'trend_stop': 0.1, 'range_rsi': 35, 'range_boll_std': 1.75, 'range_tp': 0.025, 'range_sl': 0.02, 'panic_rsi': 35, 'panic_boll_std': 1.75, 'panic_drop': 0.06, 'panic_tp': 0.015, 'panic_sl': 0.03}",37.6015,17.4926,19.6826,2.3075,13.01,123,0.8677,0.569,0.8887,-16.7374,111.76,143.97,160.17,"{'DOWN_PANIC': -618.97, 'TREND': 38220.43}","{'trend_position': 0.25, 'range_position': 0.2, 'panic_position': 0.15, 'trend_boll_std': 1.5, 'trend_stop': 0.1, 'range_rsi': 35, 'range_boll_std': 1.75, 'range_tp': 0.025, 'range_sl': 0.02, 'panic_rsi': 35, 'panic_boll_std': 1.75, 'panic_drop': 0.06, 'panic_tp': 0.015, 'panic_sl': 0.03}",
strategy,11.434539999999997,"{'enter_spread': 0.005, 'exit_spread': 0.0025, 'slope_threshold': 0.0025, 'range_spread': 0.006, 'range_slope': 0.004, 'range_width': 0.1, 'panic_atr': 0.045, 'persistence': 1}","{'trend_position': 0.25, 'range_position': 0.2, 'panic_position': 0.15, 'trend_boll_std': 1.5, 'trend_stop': 0.1, 'range_rsi': 40, 'range_boll_std': 1.75, 'range_tp': 0.015, 'range_sl': 0.02, 'panic_rsi': 35, 'panic_boll_std': 1.75, 'panic_drop': 0.04, 'panic_tp': 0.015, 'panic_sl': 0.03}",37.3261,17.3737,19.6966,2.2757,13.49,126,0.8623,0.5703,0.8821,-16.7374,112.58,145.01,161.27,"{'DOWN_PANIC': -895.23, 'TREND': 38221.29}","{'trend_position': 0.25, 'range_position': 0.2, 'panic_position': 0.15, 'trend_boll_std': 1.5, 'trend_stop': 0.1, 'range_rsi': 40, 'range_boll_std': 1.75, 'range_tp': 0.015, 'range_sl': 0.02, 'panic_rsi': 35, 'panic_boll_std': 1.75, 'panic_drop': 0.04, 'panic_tp': 0.015, 'panic_sl': 0.03}",
strategy,11.86114,"{'enter_spread': 0.005, 'exit_spread': 0.0025, 'slope_threshold': 0.0025, 'range_spread': 0.006, 'range_slope': 0.004, 'range_width': 0.1, 'panic_atr': 0.045, 'persistence': 1}","{'trend_position': 0.25, 'range_position': 0.2, 'panic_position': 0.15, 'trend_boll_std': 1.5, 'trend_stop': 0.1, 'range_rsi': 40, 'range_boll_std': 1.75, 'range_tp': 0.015, 'range_sl': 0.02, 'panic_rsi': 35, 'panic_boll_std': 1.75, 'panic_drop': 0.06, 'panic_tp': 0.015, 'panic_sl': 0.03}",37.6015,17.4926,19.6826,2.3075,13.01,123,0.8677,0.569,0.8887,-16.7374,111.76,143.97,160.17,"{'DOWN_PANIC': -618.97, 'TREND': 38220.43}","{'trend_position': 0.25, 'range_position': 0.2, 'panic_position': 0.15, 'trend_boll_std': 1.5, 'trend_stop': 0.1, 'range_rsi': 40, 'range_boll_std': 1.75, 'range_tp': 0.015, 'range_sl': 0.02, 'panic_rsi': 35, 'panic_boll_std': 1.75, 'panic_drop': 0.06, 'panic_tp': 0.015, 'panic_sl': 0.03}",
strategy,11.434539999999997,"{'enter_spread': 0.005, 'exit_spread': 0.0025, 'slope_threshold': 0.0025, 'range_spread': 0.006, 'range_slope': 0.004, 'range_width': 0.1, 'panic_atr': 0.045, 'persistence': 1}","{'trend_position': 0.25, 'range_position': 0.2, 'panic_position': 0.15, 'trend_boll_std': 1.5, 'trend_stop': 0.1, 'range_rsi': 40, 'range_boll_std': 1.75, 'range_tp': 0.025, 'range_sl': 0.02, 'panic_rsi': 35, 'panic_boll_std': 1.75, 'panic_drop': 0.04, 'panic_tp': 0.015, 'panic_sl': 0.03}",37.3261,17.3737,19.6966,2.2757,13.49,126,0.8623,0.5703,0.8821,-16.7374,112.58,145.01,161.27,"{'DOWN_PANIC': -895.23, 'TREND': 38221.29}","{'trend_position': 0.25, 'range_position': 0.2, 'panic_position': 0.15, 'trend_boll_std': 1.5, 'trend_stop': 0.1, 'range_rsi': 40, 'range_boll_std': 1.75, 'range_tp': 0.025, 'range_sl': 0.02, 'panic_rsi': 35, 'panic_boll_std': 1.75, 'panic_drop': 0.04, 'panic_tp': 0.015, 'panic_sl': 0.03}",
strategy,11.86114,"{'enter_spread': 0.005, 'exit_spread': 0.0025, 'slope_threshold': 0.0025, 'range_spread': 0.006, 'range_slope': 0.004, 'range_width': 0.1, 'panic_atr': 0.045, 'persistence': 1}","{'trend_position': 0.25, 'range_position': 0.2, 'panic_position': 0.15, 'trend_boll_std': 1.5, 'trend_stop': 0.1, 'range_rsi': 40, 'range_boll_std': 1.75, 'range_tp': 0.025, 'range_sl': 0.02, 'panic_rsi': 35, 'panic_boll_std': 1.75, 'panic_drop': 0.06, 'panic_tp': 0.015, 'panic_sl': 0.03}",37.6015,17.4926,19.6826,2.3075,13.01,123,0.8677,0.569,0.8887,-16.7374,111.76,143.97,160.17,"{'DOWN_PANIC': -618.97, 'TREND': 38220.43}","{'trend_position': 0.25, 'range_position': 0.2, 'panic_position': 0.15, 'trend_boll_std': 1.5, 'trend_stop': 0.1, 'range_rsi': 40, 'range_boll_std': 1.75, 'range_tp': 0.025, 'range_sl': 0.02, 'panic_rsi': 35, 'panic_boll_std': 1.75, 'panic_drop': 0.06, 'panic_tp': 0.015, 'panic_sl': 0.03}",
strategy,12.874829999999996,"{'enter_spread': 0.005, 'exit_spread': 0.0025, 'slope_threshold': 0.0025, 'range_spread': 0.006, 'range_slope': 0.004, 'range_width': 0.1, 'panic_atr': 0.045, 'persistence': 1}","{'trend_position': 0.25, 'range_position': 0.2, 'panic_position': 0.15, 'trend_boll_std': 1.5, 'trend_stop': 0.1, 'range_rsi': 45, 'range_boll_std': 1.75, 'range_tp': 0.015, 'range_sl': 0.02, 'panic_rsi': 35, 'panic_boll_std': 1.75, 'panic_drop': 0.04, 'panic_tp': 0.015, 'panic_sl': 0.03}",38.378,17.827,19.6737,2.3099,14.17,127,0.8809,0.5832,0.9061,-16.7374,110.18,141.72,157.54,"{'DOWN_PANIC': -896.09, 'RANGE': 826.53, 'TREND': 38447.57}","{'trend_position': 0.25, 'range_position': 0.2, 'panic_position': 0.15, 'trend_boll_std': 1.5, 'trend_stop': 0.1, 'range_rsi': 45, 'range_boll_std': 1.75, 'range_tp': 0.015, 'range_sl': 0.02, 'panic_rsi': 35, 'panic_boll_std': 1.75, 'panic_drop': 0.04, 'panic_tp': 0.015, 'panic_sl': 0.03}",
strategy,13.409849999999995,"{'enter_spread': 0.005, 'exit_spread': 0.0025, 'slope_threshold': 0.0025, 'range_spread': 0.006, 'range_slope': 0.004, 'range_width': 0.1, 'panic_atr': 0.045, 'persistence': 1}","{'trend_position': 0.25, 'range_position': 0.2, 'panic_position': 0.15, 'trend_boll_std': 1.5, 'trend_stop': 0.1, 'range_rsi': 45, 'range_boll_std': 1.75, 'range_tp': 0.015, 'range_sl': 0.02, 'panic_rsi': 35, 'panic_boll_std': 1.75, 'panic_drop': 0.06, 'panic_tp': 0.015, 'panic_sl': 0.03}",38.788,18.0032,19.6965,2.347,13.71,124,0.8878,0.5826,0.914,-16.7374,109.36,140.59,156.29,"{'DOWN_PANIC': -618.97, 'RANGE': 828.71, 'TREND': 38578.3}","{'trend_position': 0.25, 'range_position': 0.2, 'panic_position': 0.15, 'trend_boll_std': 1.5, 'trend_stop': 0.1, 'range_rsi': 45, 'range_boll_std': 1.75, 'range_tp': 0.015, 'range_sl': 0.02, 'panic_rsi': 35, 'panic_boll_std': 1.75, 'panic_drop': 0.06, 'panic_tp': 0.015, 'panic_sl': 0.03}",
strategy,12.874829999999996,"{'enter_spread': 0.005, 'exit_spread': 0.0025, 'slope_threshold': 0.0025, 'range_spread': 0.006, 'range_slope': 0.004, 'range_width': 0.1, 'panic_atr': 0.045, 'persistence': 1}","{'trend_position': 0.25, 'range_position': 0.2, 'panic_position': 0.15, 'trend_boll_std': 1.5, 'trend_stop': 0.1, 'range_rsi': 45, 'range_boll_std': 1.75, 'range_tp': 0.025, 'range_sl': 0.02, 'panic_rsi': 35, 'panic_boll_std': 1.75, 'panic_drop': 0.04, 'panic_tp': 0.015, 'panic_sl': 0.03}",38.378,17.827,19.6737,2.3099,14.17,127,0.8809,0.5832,0.9061,-16.7374,110.18,141.72,157.54,"{'DOWN_PANIC': -896.09, 'RANGE': 826.53, 'TREND': 38447.57}","{'trend_position': 0.25, 'range_position': 0.2, 'panic_position': 0.15, 'trend_boll_std': 1.5, 'trend_stop': 0.1, 'range_rsi': 45, 'range_boll_std': 1.75, 'range_tp': 0.025, 'range_sl': 0.02, 'panic_rsi': 35, 'panic_boll_std': 1.75, 'panic_drop': 0.04, 'panic_tp': 0.015, 'panic_sl': 0.03}",
strategy,13.409849999999995,"{'enter_spread': 0.005, 'exit_spread': 0.0025, 'slope_threshold': 0.0025, 'range_spread': 0.006, 'range_slope': 0.004, 'range_width': 0.1, 'panic_atr': 0.045, 'persistence': 1}","{'trend_position': 0.25, 'range_position': 0.2, 'panic_position': 0.15, 'trend_boll_std': 1.5, 'trend_stop': 0.1, 'range_rsi': 45, 'range_boll_std': 1.75, 'range_tp': 0.025, 'range_sl': 0.02, 'panic_rsi': 35, 'panic_boll_std': 1.75, 'panic_drop': 0.06, 'panic_tp': 0.015, 'panic_sl': 0.03}",38.788,18.0032,19.6965,2.347,13.71,124,0.8878,0.5826,0.914,-16.7374,109.36,140.59,156.29,"{'DOWN_PANIC': -618.97, 'RANGE': 828.71, 'TREND': 38578.3}","{'trend_position': 0.25, 'range_position': 0.2, 'panic_position': 0.15, 'trend_boll_std': 1.5, 'trend_stop': 0.1, 'range_rsi': 45, 'range_boll_std': 1.75, 'range_tp': 0.025, 'range_sl': 0.02, 'panic_rsi': 35, 'panic_boll_std': 1.75, 'panic_drop': 0.06, 'panic_tp': 0.015, 'panic_sl': 0.03}",
strategy,10.888439999999996,"{'enter_spread': 0.005, 'exit_spread': 0.0025, 'slope_threshold': 0.0025, 'range_spread': 0.006, 'range_slope': 0.004, 'range_width': 0.1, 'panic_atr': 0.045, 'persistence': 1}","{'trend_position': 0.25, 'range_position': 0.2, 'panic_position': 0.2, 'trend_boll_std': 1.5, 'trend_stop': 0.1, 'range_rsi': 35, 'range_boll_std': 1.75, 'range_tp': 0.015, 'range_sl': 0.02, 'panic_rsi': 35, 'panic_boll_std': 1.75, 'panic_drop': 0.04, 'panic_tp': 0.015, 'panic_sl': 0.03}",36.934,17.2044,19.6876,2.2328,13.49,126,0.8551,0.5655,0.8739,-16.7374,113.42,146.22,162.65,"{'DOWN_PANIC': -1199.95, 'TREND': 38133.93}","{'trend_position': 0.25, 'range_position': 0.2, 'panic_position': 0.2, 'trend_boll_std': 1.5, 'trend_stop': 0.1, 'range_rsi': 35, 'range_boll_std': 1.75, 'range_tp': 0.015, 'range_sl': 0.02, 'panic_rsi': 35, 'panic_boll_std': 1.75, 'panic_drop': 0.04, 'panic_tp': 0.015, 'panic_sl': 0.03}",
strategy,11.510359999999995,"{'enter_spread': 0.005, 'exit_spread': 0.0025, 'slope_threshold': 0.0025, 'range_spread': 0.006, 'range_slope': 0.004, 'range_width': 0.1, 'panic_atr': 0.045, 'persistence': 1}","{'trend_position': 0.25, 'range_position': 0.2, 'panic_position': 0.2, 'trend_boll_std': 1.5, 'trend_stop': 0.1, 'range_rsi': 35, 'range_boll_std': 1.75, 'range_tp': 0.015, 'range_sl': 0.02, 'panic_rsi': 35, 'panic_boll_std': 1.75, 'panic_drop': 0.06, 'panic_tp': 0.015, 'panic_sl': 0.03}",37.3936,17.4029,19.7074,2.2749,13.01,123,0.8627,0.5652,0.8831,-16.7374,112.38,144.8,161.11,"{'DOWN_PANIC': -828.54, 'TREND': 38222.15}","{'trend_position': 0.25, 'range_position': 0.2, 'panic_position': 0.2, 'trend_boll_std': 1.5, 'trend_stop': 0.1, 'range_rsi': 35, 'range_boll_std': 1.75, 'range_tp': 0.015, 'range_sl': 0.02, 'panic_rsi': 35, 'panic_boll_std': 1.75, 'panic_drop': 0.06, 'panic_tp': 0.015, 'panic_sl': 0.03}",
strategy,10.888439999999996,"{'enter_spread': 0.005, 'exit_spread': 0.0025, 'slope_threshold': 0.0025, 'range_spread': 0.006, 'range_slope': 0.004, 'range_width': 0.1, 'panic_atr': 0.045, 'persistence': 1}","{'trend_position': 0.25, 'range_position': 0.2, 'panic_position': 0.2, 'trend_boll_std': 1.5, 'trend_stop': 0.1, 'range_rsi': 35, 'range_boll_std': 1.75, 'range_tp': 0.025, 'range_sl': 0.02, 'panic_rsi': 35, 'panic_boll_std': 1.75, 'panic_drop': 0.04, 'panic_tp': 0.015, 'panic_sl': 0.03}",36.934,17.2044,19.6876,2.2328,13.49,126,0.8551,0.5655,0.8739,-16.7374,113.42,146.22,162.65,"{'DOWN_PANIC': -1199.95, 'TREND': 38133.93}","{'trend_position': 0.25, 'range_position': 0.2, 'panic_position': 0.2, 'trend_boll_std': 1.5, 'trend_stop': 0.1, 'range_rsi': 35, 'range_boll_std': 1.75, 'range_tp': 0.025, 'range_sl': 0.02, 'panic_rsi': 35, 'panic_boll_std': 1.75, 'panic_drop': 0.04, 'panic_tp': 0.015, 'panic_sl': 0.03}",
strategy,11.510359999999995,"{'enter_spread': 0.005, 'exit_spread': 0.0025, 'slope_threshold': 0.0025, 'range_spread': 0.006, 'range_slope': 0.004, 'range_width': 0.1, 'panic_atr': 0.045, 'persistence': 1}","{'trend_position': 0.25, 'range_position': 0.2, 'panic_position': 0.2, 'trend_boll_std': 1.5, 'trend_stop': 0.1, 'range_rsi': 35, 'range_boll_std': 1.75, 'range_tp': 0.025, 'range_sl': 0.02, 'panic_rsi': 35, 'panic_boll_std': 1.75, 'panic_drop': 0.06, 'panic_tp': 0.015, 'panic_sl': 0.03}",37.3936,17.4029,19.7074,2.2749,13.01,123,0.8627,0.5652,0.8831,-16.7374,112.38,144.8,161.11,"{'DOWN_PANIC': -828.54, 'TREND': 38222.15}","{'trend_position': 0.25, 'range_position': 0.2, 'panic_position': 0.2, 'trend_boll_std': 1.5, 'trend_stop': 0.1, 'range_rsi': 35, 'range_boll_std': 1.75, 'range_tp': 0.025, 'range_sl': 0.02, 'panic_rsi': 35, 'panic_boll_std': 1.75, 'panic_drop': 0.06, 'panic_tp': 0.015, 'panic_sl': 0.03}",
strategy,10.888439999999996,"{'enter_spread': 0.005, 'exit_spread': 0.0025, 'slope_threshold': 0.0025, 'range_spread': 0.006, 'range_slope': 0.004, 'range_width': 0.1, 'panic_atr': 0.045, 'persistence': 1}","{'trend_position': 0.25, 'range_position': 0.2, 'panic_position': 0.2, 'trend_boll_std': 1.5, 'trend_stop': 0.1, 'range_rsi': 40, 'range_boll_std': 1.75, 'range_tp': 0.015, 'range_sl': 0.02, 'panic_rsi': 35, 'panic_boll_std': 1.75, 'panic_drop': 0.04, 'panic_tp': 0.015, 'panic_sl': 0.03}",36.934,17.2044,19.6876,2.2328,13.49,126,0.8551,0.5655,0.8739,-16.7374,113.42,146.22,162.65,"{'DOWN_PANIC': -1199.95, 'TREND': 38133.93}","{'trend_position': 0.25, 'range_position': 0.2, 'panic_position': 0.2, 'trend_boll_std': 1.5, 'trend_stop': 0.1, 'range_rsi': 40, 'range_boll_std': 1.75, 'range_tp': 0.015, 'range_sl': 0.02, 'panic_rsi': 35, 'panic_boll_std': 1.75, 'panic_drop': 0.04, 'panic_tp': 0.015, 'panic_sl': 0.03}",
strategy,11.510359999999995,"{'enter_spread': 0.005, 'exit_spread': 0.0025, 'slope_threshold': 0.0025, 'range_spread': 0.006, 'range_slope': 0.004, 'range_width': 0.1, 'panic_atr': 0.045, 'persistence': 1}","{'trend_position': 0.25, 'range_position': 0.2, 'panic_position': 0.2, 'trend_boll_std': 1.5, 'trend_stop': 0.1, 'range_rsi': 40, 'range_boll_std': 1.75, 'range_tp': 0.015, 'range_sl': 0.02, 'panic_rsi': 35, 'panic_boll_std': 1.75, 'panic_drop': 0.06, 'panic_tp': 0.015, 'panic_sl': 0.03}",37.3936,17.4029,19.7074,2.2749,13.01,123,0.8627,0.5652,0.8831,-16.7374,112.38,144.8,161.11,"{'DOWN_PANIC': -828.54, 'TREND': 38222.15}","{'trend_position': 0.25, 'range_position': 0.2, 'panic_position': 0.2, 'trend_boll_std': 1.5, 'trend_stop': 0.1, 'range_rsi': 40, 'range_boll_std': 1.75, 'range_tp': 0.015, 'range_sl': 0.02, 'panic_rsi': 35, 'panic_boll_std': 1.75, 'panic_drop': 0.06, 'panic_tp': 0.015, 'panic_sl': 0.03}",
strategy,10.888439999999996,"{'enter_spread': 0.005, 'exit_spread': 0.0025, 'slope_threshold': 0.0025, 'range_spread': 0.006, 'range_slope': 0.004, 'range_width': 0.1, 'panic_atr': 0.045, 'persistence': 1}","{'trend_position': 0.25, 'range_position': 0.2, 'panic_position': 0.2, 'trend_boll_std': 1.5, 'trend_stop': 0.1, 'range_rsi': 40, 'range_boll_std': 1.75, 'range_tp': 0.025, 'range_sl': 0.02, 'panic_rsi': 35, 'panic_boll_std': 1.75, 'panic_drop': 0.04, 'panic_tp': 0.015, 'panic_sl': 0.03}",36.934,17.2044,19.6876,2.2328,13.49,126,0.8551,0.5655,0.8739,-16.7374,113.42,146.22,162.65,"{'DOWN_PANIC': -1199.95, 'TREND': 38133.93}","{'trend_position': 0.25, 'range_position': 0.2, 'panic_position': 0.2, 'trend_boll_std': 1.5, 'trend_stop': 0.1, 'range_rsi': 40, 'range_boll_std': 1.75, 'range_tp': 0.025, 'range_sl': 0.02, 'panic_rsi': 35, 'panic_boll_std': 1.75, 'panic_drop': 0.04, 'panic_tp': 0.015, 'panic_sl': 0.03}",
strategy,11.510359999999995,"{'enter_spread': 0.005, 'exit_spread': 0.0025, 'slope_threshold': 0.0025, 'range_spread': 0.006, 'range_slope': 0.004, 'range_width': 0.1, 'panic_atr': 0.045, 'persistence': 1}","{'trend_position': 0.25, 'range_position': 0.2, 'panic_position': 0.2, 'trend_boll_std': 1.5, 'trend_stop': 0.1, 'range_rsi': 40, 'range_boll_std': 1.75, 'range_tp': 0.025, 'range_sl': 0.02, 'panic_rsi': 35, 'panic_boll_std': 1.75, 'panic_drop': 0.06, 'panic_tp': 0.015, 'panic_sl': 0.03}",37.3936,17.4029,19.7074,2.2749,13.01,123,0.8627,0.5652,0.8831,-16.7374,112.38,144.8,161.11,"{'DOWN_PANIC': -828.54, 'TREND': 38222.15}","{'trend_position': 0.25, 'range_position': 0.2, 'panic_position': 0.2, 'trend_boll_std': 1.5, 'trend_stop': 0.1, 'range_rsi': 40, 'range_boll_std': 1.75, 'range_tp': 0.025, 'range_sl': 0.02, 'panic_rsi': 35, 'panic_boll_std': 1.75, 'panic_drop': 0.06, 'panic_tp': 0.015, 'panic_sl': 0.03}",
strategy,12.399709999999995,"{'enter_spread': 0.005, 'exit_spread': 0.0025, 'slope_threshold': 0.0025, 'range_spread': 0.006, 'range_slope': 0.004, 'range_width': 0.1, 'panic_atr': 0.045, 'persistence': 1}","{'trend_position': 0.25, 'range_position': 0.2, 'panic_position': 0.2, 'trend_boll_std': 1.5, 'trend_stop': 0.1, 'range_rsi': 45, 'range_boll_std': 1.75, 'range_tp': 0.015, 'range_sl': 0.02, 'panic_rsi': 35, 'panic_boll_std': 1.75, 'panic_drop': 0.04, 'panic_tp': 0.015, 'panic_sl': 0.03}",38.0864,17.7015,19.7019,2.2684,14.17,127,0.8743,0.5786,0.8985,-16.7374,111.03,142.83,158.77,"{'DOWN_PANIC': -1201.66, 'RANGE': 824.34, 'TREND': 38463.69}","{'trend_position': 0.25, 'range_position': 0.2, 'panic_position': 0.2, 'trend_boll_std': 1.5, 'trend_stop': 0.1, 'range_rsi': 45, 'range_boll_std': 1.75, 'range_tp': 0.015, 'range_sl': 0.02, 'panic_rsi': 35, 'panic_boll_std': 1.75, 'panic_drop': 0.04, 'panic_tp': 0.015, 'panic_sl': 0.03}",
strategy,12.95036,"{'enter_spread': 0.005, 'exit_spread': 0.0025, 'slope_threshold': 0.0025, 'range_spread': 0.006, 'range_slope': 0.004, 'range_width': 0.1, 'panic_atr': 0.045, 'persistence': 1}","{'trend_position': 0.25, 'range_position': 0.2, 'panic_position': 0.2, 'trend_boll_std': 1.5, 'trend_stop': 0.1, 'range_rsi': 45, 'range_boll_std': 1.75, 'range_tp': 0.015, 'range_sl': 0.02, 'panic_rsi': 35, 'panic_boll_std': 1.75, 'panic_drop': 0.06, 'panic_tp': 0.015, 'panic_sl': 0.03}",38.4461,17.8563,19.6844,2.3091,13.71,124,0.8813,0.578,0.9071,-16.7374,109.99,141.52,157.38,"{'DOWN_PANIC': -828.54, 'RANGE': 826.53, 'TREND': 38448.14}","{'trend_position': 0.25, 'range_position': 0.2, 'panic_position': 0.2, 'trend_boll_std': 1.5, 'trend_stop': 0.1, 'range_rsi': 45, 'range_boll_std': 1.75, 'range_tp': 0.015, 'range_sl': 0.02, 'panic_rsi': 35, 'panic_boll_std': 1.75, 'panic_drop': 0.06, 'panic_tp': 0.015, 'panic_sl': 0.03}",
strategy,12.399709999999995,"{'enter_spread': 0.005, 'exit_spread': 0.0025, 'slope_threshold': 0.0025, 'range_spread': 0.006, 'range_slope': 0.004, 'range_width': 0.1, 'panic_atr': 0.045, 'persistence': 1}","{'trend_position': 0.25, 'range_position': 0.2, 'panic_position': 0.2, 'trend_boll_std': 1.5, 'trend_stop': 0.1, 'range_rsi': 45, 'range_boll_std': 1.75, 'range_tp': 0.025, 'range_sl': 0.02, 'panic_rsi': 35, 'panic_boll_std': 1.75, 'panic_drop': 0.04, 'panic_tp': 0.015, 'panic_sl': 0.03}",38.0864,17.7015,19.7019,2.2684,14.17,127,0.8743,0.5786,0.8985,-16.7374,111.03,142.83,158.77,"{'DOWN_PANIC': -1201.66, 'RANGE': 824.34, 'TREND': 38463.69}","{'trend_position': 0.25, 'range_position': 0.2, 'panic_position': 0.2, 'trend_boll_std': 1.5, 'trend_stop': 0.1, 'range_rsi': 45, 'range_boll_std': 1.75, 'range_tp': 0.025, 'range_sl': 0.02, 'panic_rsi': 35, 'panic_boll_std': 1.75, 'panic_drop': 0.04, 'panic_tp': 0.015, 'panic_sl': 0.03}",
strategy,12.95036,"{'enter_spread': 0.005, 'exit_spread': 0.0025, 'slope_threshold': 0.0025, 'range_spread': 0.006, 'range_slope': 0.004, 'range_width': 0.1, 'panic_atr': 0.045, 'persistence': 1}","{'trend_position': 0.25, 'range_position': 0.2, 'panic_position': 0.2, 'trend_boll_std': 1.5, 'trend_stop': 0.1, 'range_rsi': 45, 'range_boll_std': 1.75, 'range_tp': 0.025, 'range_sl': 0.02, 'panic_rsi': 35, 'panic_boll_std': 1.75, 'panic_drop': 0.06, 'panic_tp': 0.015, 'panic_sl': 0.03}",38.4461,17.8563,19.6844,2.3091,13.71,124,0.8813,0.578,0.9071,-16.7374,109.99,141.52,157.38,"{'DOWN_PANIC': -828.54, 'RANGE': 826.53, 'TREND': 38448.14}","{'trend_position': 0.25, 'range_position': 0.2, 'panic_position': 0.2, 'trend_boll_std': 1.5, 'trend_stop': 0.1, 'range_rsi': 45, 'range_boll_std': 1.75, 'range_tp': 0.025, 'range_sl': 0.02, 'panic_rsi': 35, 'panic_boll_std': 1.75, 'panic_drop': 0.06, 'panic_tp': 0.015, 'panic_sl': 0.03}",
strategy,11.434539999999997,"{'enter_spread': 0.005, 'exit_spread': 0.0025, 'slope_threshold': 0.0025, 'range_spread': 0.006, 'range_slope': 0.004, 'range_width': 0.1, 'panic_atr': 0.045, 'persistence': 1}","{'trend_position': 0.25, 'range_position': 0.25, 'panic_position': 0.15, 'trend_boll_std': 1.5, 'trend_stop': 0.1, 'range_rsi': 35, 'range_boll_std': 1.75, 'range_tp': 0.015, 'range_sl': 0.02, 'panic_rsi': 35, 'panic_boll_std': 1.75, 'panic_drop': 0.04, 'panic_tp': 0.015, 'panic_sl': 0.03}",37.3261,17.3737,19.6966,2.2757,13.49,126,0.8623,0.5703,0.8821,-16.7374,112.58,145.01,161.27,"{'DOWN_PANIC': -895.23, 'TREND': 38221.29}","{'trend_position': 0.25, 'range_position': 0.25, 'panic_position': 0.15, 'trend_boll_std': 1.5, 'trend_stop': 0.1, 'range_rsi': 35, 'range_boll_std': 1.75, 'range_tp': 0.015, 'range_sl': 0.02, 'panic_rsi': 35, 'panic_boll_std': 1.75, 'panic_drop': 0.04, 'panic_tp': 0.015, 'panic_sl': 0.03}",
strategy,11.86114,"{'enter_spread': 0.005, 'exit_spread': 0.0025, 'slope_threshold': 0.0025, 'range_spread': 0.006, 'range_slope': 0.004, 'range_width': 0.1, 'panic_atr': 0.045, 'persistence': 1}","{'trend_position': 0.25, 'range_position': 0.25, 'panic_position': 0.15, 'trend_boll_std': 1.5, 'trend_stop': 0.1, 'range_rsi': 35, 'range_boll_std': 1.75, 'range_tp': 0.015, 'range_sl': 0.02, 'panic_rsi': 35, 'panic_boll_std': 1.75, 'panic_drop': 0.06, 'panic_tp': 0.015, 'panic_sl': 0.03}",37.6015,17.4926,19.6826,2.3075,13.01,123,0.8677,0.569,0.8887,-16.7374,111.76,143.97,160.17,"{'DOWN_PANIC': -618.97, 'TREND': 38220.43}","{'trend_position': 0.25, 'range_position': 0.25, 'panic_position': 0.15, 'trend_boll_std': 1.5, 'trend_stop': 0.1, 'range_rsi': 35, 'range_boll_std': 1.75, 'range_tp': 0.015, 'range_sl': 0.02, 'panic_rsi': 35, 'panic_boll_std': 1.75, 'panic_drop': 0.06, 'panic_tp': 0.015, 'panic_sl': 0.03}",
strategy,11.434539999999997,"{'enter_spread': 0.005, 'exit_spread': 0.0025, 'slope_threshold': 0.0025, 'range_spread': 0.006, 'range_slope': 0.004, 'range_width': 0.1, 'panic_atr': 0.045, 'persistence': 1}","{'trend_position': 0.25, 'range_position': 0.25, 'panic_position': 0.15, 'trend_boll_std': 1.5, 'trend_stop': 0.1, 'range_rsi': 35, 'range_boll_std': 1.75, 'range_tp': 0.025, 'range_sl': 0.02, 'panic_rsi': 35, 'panic_boll_std': 1.75, 'panic_drop': 0.04, 'panic_tp': 0.015, 'panic_sl': 0.03}",37.3261,17.3737,19.6966,2.2757,13.49,126,0.8623,0.5703,0.8821,-16.7374,112.58,145.01,161.27,"{'DOWN_PANIC': -895.23, 'TREND': 38221.29}","{'trend_position': 0.25, 'range_position': 0.25, 'panic_position': 0.15, 'trend_boll_std': 1.5, 'trend_stop': 0.1, 'range_rsi': 35, 'range_boll_std': 1.75, 'range_tp': 0.025, 'range_sl': 0.02, 'panic_rsi': 35, 'panic_boll_std': 1.75, 'panic_drop': 0.04, 'panic_tp': 0.015, 'panic_sl': 0.03}",
strategy,11.86114,"{'enter_spread': 0.005, 'exit_spread': 0.0025, 'slope_threshold': 0.0025, 'range_spread': 0.006, 'range_slope': 0.004, 'range_width': 0.1, 'panic_atr': 0.045, 'persistence': 1}","{'trend_position': 0.25, 'range_position': 0.25, 'panic_position': 0.15, 'trend_boll_std': 1.5, 'trend_stop': 0.1, 'range_rsi': 35, 'range_boll_std': 1.75, 'range_tp': 0.025, 'range_sl': 0.02, 'panic_rsi': 35, 'panic_boll_std': 1.75, 'panic_drop': 0.06, 'panic_tp': 0.015, 'panic_sl': 0.03}",37.6015,17.4926,19.6826,2.3075,13.01,123,0.8677,0.569,0.8887,-16.7374,111.76,143.97,160.17,"{'DOWN_PANIC': -618.97, 'TREND': 38220.43}","{'trend_position': 0.25, 'range_position': 0.25, 'panic_position': 0.15, 'trend_boll_std': 1.5, 'trend_stop': 0.1, 'range_rsi': 35, 'range_boll_std': 1.75, 'range_tp': 0.025, 'range_sl': 0.02, 'panic_rsi': 35, 'panic_boll_std': 1.75, 'panic_drop': 0.06, 'panic_tp': 0.015, 'panic_sl': 0.03}",
strategy,11.434539999999997,"{'enter_spread': 0.005, 'exit_spread': 0.0025, 'slope_threshold': 0.0025, 'range_spread': 0.006, 'range_slope': 0.004, 'range_width': 0.1, 'panic_atr': 0.045, 'persistence': 1}","{'trend_position': 0.25, 'range_position': 0.25, 'panic_position': 0.15, 'trend_boll_std': 1.5, 'trend_stop': 0.1, 'range_rsi': 40, 'range_boll_std': 1.75, 'range_tp': 0.015, 'range_sl': 0.02, 'panic_rsi': 35, 'panic_boll_std': 1.75, 'panic_drop': 0.04, 'panic_tp': 0.015, 'panic_sl': 0.03}",37.3261,17.3737,19.6966,2.2757,13.49,126,0.8623,0.5703,0.8821,-16.7374,112.58,145.01,161.27,"{'DOWN_PANIC': -895.23, 'TREND': 38221.29}","{'trend_position': 0.25, 'range_position': 0.25, 'panic_position': 0.15, 'trend_boll_std': 1.5, 'trend_stop': 0.1, 'range_rsi': 40, 'range_boll_std': 1.75, 'range_tp': 0.015, 'range_sl': 0.02, 'panic_rsi': 35, 'panic_boll_std': 1.75, 'panic_drop': 0.04, 'panic_tp': 0.015, 'panic_sl': 0.03}",
strategy,11.86114,"{'enter_spread': 0.005, 'exit_spread': 0.0025, 'slope_threshold': 0.0025, 'range_spread': 0.006, 'range_slope': 0.004, 'range_width': 0.1, 'panic_atr': 0.045, 'persistence': 1}","{'trend_position': 0.25, 'range_position': 0.25, 'panic_position': 0.15, 'trend_boll_std': 1.5, 'trend_stop': 0.1, 'range_rsi': 40, 'range_boll_std': 1.75, 'range_tp': 0.015, 'range_sl': 0.02, 'panic_rsi': 35, 'panic_boll_std': 1.75, 'panic_drop': 0.06, 'panic_tp': 0.015, 'panic_sl': 0.03}",37.6015,17.4926,19.6826,2.3075,13.01,123,0.8677,0.569,0.8887,-16.7374,111.76,143.97,160.17,"{'DOWN_PANIC': -618.97, 'TREND': 38220.43}","{'trend_position': 0.25, 'range_position': 0.25, 'panic_position': 0.15, 'trend_boll_std': 1.5, 'trend_stop': 0.1, 'range_rsi': 40, 'range_boll_std': 1.75, 'range_tp': 0.015, 'range_sl': 0.02, 'panic_rsi': 35, 'panic_boll_std': 1.75, 'panic_drop': 0.06, 'panic_tp': 0.015, 'panic_sl': 0.03}",
strategy,11.434539999999997,"{'enter_spread': 0.005, 'exit_spread': 0.0025, 'slope_threshold': 0.0025, 'range_spread': 0.006, 'range_slope': 0.004, 'range_width': 0.1, 'panic_atr': 0.045, 'persistence': 1}","{'trend_position': 0.25, 'range_position': 0.25, 'panic_position': 0.15, 'trend_boll_std': 1.5, 'trend_stop': 0.1, 'range_rsi': 40, 'range_boll_std': 1.75, 'range_tp': 0.025, 'range_sl': 0.02, 'panic_rsi': 35, 'panic_boll_std': 1.75, 'panic_drop': 0.04, 'panic_tp': 0.015, 'panic_sl': 0.03}",37.3261,17.3737,19.6966,2.2757,13.49,126,0.8623,0.5703,0.8821,-16.7374,112.58,145.01,161.27,"{'DOWN_PANIC': -895.23, 'TREND': 38221.29}","{'trend_position': 0.25, 'range_position': 0.25, 'panic_position': 0.15, 'trend_boll_std': 1.5, 'trend_stop': 0.1, 'range_rsi': 40, 'range_boll_std': 1.75, 'range_tp': 0.025, 'range_sl': 0.02, 'panic_rsi': 35, 'panic_boll_std': 1.75, 'panic_drop': 0.04, 'panic_tp': 0.015, 'panic_sl': 0.03}",
strategy,11.86114,"{'enter_spread': 0.005, 'exit_spread': 0.0025, 'slope_threshold': 0.0025, 'range_spread': 0.006, 'range_slope': 0.004, 'range_width': 0.1, 'panic_atr': 0.045, 'persistence': 1}","{'trend_position': 0.25, 'range_position': 0.25, 'panic_position': 0.15, 'trend_boll_std': 1.5, 'trend_stop': 0.1, 'range_rsi': 40, 'range_boll_std': 1.75, 'range_tp': 0.025, 'range_sl': 0.02, 'panic_rsi': 35, 'panic_boll_std': 1.75, 'panic_drop': 0.06, 'panic_tp': 0.015, 'panic_sl': 0.03}",37.6015,17.4926,19.6826,2.3075,13.01,123,0.8677,0.569,0.8887,-16.7374,111.76,143.97,160.17,"{'DOWN_PANIC': -618.97, 'TREND': 38220.43}","{'trend_position': 0.25, 'range_position': 0.25, 'panic_position': 0.15, 'trend_boll_std': 1.5, 'trend_stop': 0.1, 'range_rsi': 40, 'range_boll_std': 1.75, 'range_tp': 0.025, 'range_sl': 0.02, 'panic_rsi': 35, 'panic_boll_std': 1.75, 'panic_drop': 0.06, 'panic_tp': 0.015, 'panic_sl': 0.03}",
strategy,13.299689999999998,"{'enter_spread': 0.005, 'exit_spread': 0.0025, 'slope_threshold': 0.0025, 'range_spread': 0.006, 'range_slope': 0.004, 'range_width': 0.1, 'panic_atr': 0.045, 'persistence': 1}","{'trend_position': 0.25, 'range_position': 0.25, 'panic_position': 0.15, 'trend_boll_std': 1.5, 'trend_stop': 0.1, 'range_rsi': 45, 'range_boll_std': 1.75, 'range_tp': 0.015, 'range_sl': 0.02, 'panic_rsi': 35, 'panic_boll_std': 1.75, 'panic_drop': 0.04, 'panic_tp': 0.015, 'panic_sl': 0.03}",38.716,17.9722,19.6861,2.3214,14.17,127,0.8864,0.5869,0.9129,-16.7374,109.56,140.83,156.5,"{'DOWN_PANIC': -896.94, 'RANGE': 1034.25, 'TREND': 38578.74}","{'trend_position': 0.25, 'range_position': 0.25, 'panic_position': 0.15, 'trend_boll_std': 1.5, 'trend_stop': 0.1, 'range_rsi': 45, 'range_boll_std': 1.75, 'range_tp': 0.015, 'range_sl': 0.02, 'panic_rsi': 35, 'panic_boll_std': 1.75, 'panic_drop': 0.04, 'panic_tp': 0.015, 'panic_sl': 0.03}",
strategy,13.718639999999997,"{'enter_spread': 0.005, 'exit_spread': 0.0025, 'slope_threshold': 0.0025, 'range_spread': 0.006, 'range_slope': 0.004, 'range_width': 0.1, 'panic_atr': 0.045, 'persistence': 1}","{'trend_position': 0.25, 'range_position': 0.25, 'panic_position': 0.15, 'trend_boll_std': 1.5, 'trend_stop': 0.1, 'range_rsi': 45, 'range_boll_std': 1.75, 'range_tp': 0.015, 'range_sl': 0.02, 'panic_rsi': 35, 'panic_boll_std': 1.75, 'panic_drop': 0.06, 'panic_tp': 0.015, 'panic_sl': 0.03}",38.9906,18.0901,19.6726,2.3539,13.71,124,0.8919,0.5854,0.9196,-16.7374,108.79,139.86,155.48,"{'DOWN_PANIC': -618.97, 'RANGE': 1034.25, 'TREND': 38575.27}","{'trend_position': 0.25, 'range_position': 0.25, 'panic_position': 0.15, 'trend_boll_std': 1.5, 'trend_stop': 0.1, 'range_rsi': 45, 'range_boll_std': 1.75, 'range_tp': 0.015, 'range_sl': 0.02, 'panic_rsi': 35, 'panic_boll_std': 1.75, 'panic_drop': 0.06, 'panic_tp': 0.015, 'panic_sl': 0.03}",
strategy,13.299689999999998,"{'enter_spread': 0.005, 'exit_spread': 0.0025, 'slope_threshold': 0.0025, 'range_spread': 0.006, 'range_slope': 0.004, 'range_width': 0.1, 'panic_atr': 0.045, 'persistence': 1}","{'trend_position': 0.25, 'range_position': 0.25, 'panic_position': 0.15, 'trend_boll_std': 1.5, 'trend_stop': 0.1, 'range_rsi': 45, 'range_boll_std': 1.75, 'range_tp': 0.025, 'range_sl': 0.02, 'panic_rsi': 35, 'panic_boll_std': 1.75, 'panic_drop': 0.04, 'panic_tp': 0.015, 'panic_sl': 0.03}",38.716,17.9722,19.6861,2.3214,14.17,127,0.8864,0.5869,0.9129,-16.7374,109.56,140.83,156.5,"{'DOWN_PANIC': -896.94, 'RANGE': 1034.25, 'TREND': 38578.74}","{'trend_position': 0.25, 'range_position': 0.25, 'panic_position': 0.15, 'trend_boll_std': 1.5, 'trend_stop': 0.1, 'range_rsi': 45, 'range_boll_std': 1.75, 'range_tp': 0.025, 'range_sl': 0.02, 'panic_rsi': 35, 'panic_boll_std': 1.75, 'panic_drop': 0.04, 'panic_tp': 0.015, 'panic_sl': 0.03}",
strategy,13.718639999999997,"{'enter_spread': 0.005, 'exit_spread': 0.0025, 'slope_threshold': 0.0025, 'range_spread': 0.006, 'range_slope': 0.004, 'range_width': 0.1, 'panic_atr': 0.045, 'persistence': 1}","{'trend_position': 0.25, 'range_position': 0.25, 'panic_position': 0.15, 'trend_boll_std': 1.5, 'trend_stop': 0.1, 'range_rsi': 45, 'range_boll_std': 1.75, 'range_tp': 0.025, 'range_sl': 0.02, 'panic_rsi': 35, 'panic_boll_std': 1.75, 'panic_drop': 0.06, 'panic_tp': 0.015, 'panic_sl': 0.03}",38.9906,18.0901,19.6726,2.3539,13.71,124,0.8919,0.5854,0.9196,-16.7374,108.79,139.86,155.48,"{'DOWN_PANIC': -618.97, 'RANGE': 1034.25, 'TREND': 38575.27}","{'trend_position': 0.25, 'range_position': 0.25, 'panic_position': 0.15, 'trend_boll_std': 1.5, 'trend_stop': 0.1, 'range_rsi': 45, 'range_boll_std': 1.75, 'range_tp': 0.025, 'range_sl': 0.02, 'panic_rsi': 35, 'panic_boll_std': 1.75, 'panic_drop': 0.06, 'panic_tp': 0.015, 'panic_sl': 0.03}",
strategy,10.888439999999996,"{'enter_spread': 0.005, 'exit_spread': 0.0025, 'slope_threshold': 0.0025, 'range_spread': 0.006, 'range_slope': 0.004, 'range_width': 0.1, 'panic_atr': 0.045, 'persistence': 1}","{'trend_position': 0.25, 'range_position': 0.25, 'panic_position': 0.2, 'trend_boll_std': 1.5, 'trend_stop': 0.1, 'range_rsi': 35, 'range_boll_std': 1.75, 'range_tp': 0.015, 'range_sl': 0.02, 'panic_rsi': 35, 'panic_boll_std': 1.75, 'panic_drop': 0.04, 'panic_tp': 0.015, 'panic_sl': 0.03}",36.934,17.2044,19.6876,2.2328,13.49,126,0.8551,0.5655,0.8739,-16.7374,113.42,146.22,162.65,"{'DOWN_PANIC': -1199.95, 'TREND': 38133.93}","{'trend_position': 0.25, 'range_position': 0.25, 'panic_position': 0.2, 'trend_boll_std': 1.5, 'trend_stop': 0.1, 'range_rsi': 35, 'range_boll_std': 1.75, 'range_tp': 0.015, 'range_sl': 0.02, 'panic_rsi': 35, 'panic_boll_std': 1.75, 'panic_drop': 0.04, 'panic_tp': 0.015, 'panic_sl': 0.03}",
strategy,11.510359999999995,"{'enter_spread': 0.005, 'exit_spread': 0.0025, 'slope_threshold': 0.0025, 'range_spread': 0.006, 'range_slope': 0.004, 'range_width': 0.1, 'panic_atr': 0.045, 'persistence': 1}","{'trend_position': 0.25, 'range_position': 0.25, 'panic_position': 0.2, 'trend_boll_std': 1.5, 'trend_stop': 0.1, 'range_rsi': 35, 'range_boll_std': 1.75, 'range_tp': 0.015, 'range_sl': 0.02, 'panic_rsi': 35, 'panic_boll_std': 1.75, 'panic_drop': 0.06, 'panic_tp': 0.015, 'panic_sl': 0.03}",37.3936,17.4029,19.7074,2.2749,13.01,123,0.8627,0.5652,0.8831,-16.7374,112.38,144.8,161.11,"{'DOWN_PANIC': -828.54, 'TREND': 38222.15}","{'trend_position': 0.25, 'range_position': 0.25, 'panic_position': 0.2, 'trend_boll_std': 1.5, 'trend_stop': 0.1, 'range_rsi': 35, 'range_boll_std': 1.75, 'range_tp': 0.015, 'range_sl': 0.02, 'panic_rsi': 35, 'panic_boll_std': 1.75, 'panic_drop': 0.06, 'panic_tp': 0.015, 'panic_sl': 0.03}",
strategy,10.888439999999996,"{'enter_spread': 0.005, 'exit_spread': 0.0025, 'slope_threshold': 0.0025, 'range_spread': 0.006, 'range_slope': 0.004, 'range_width': 0.1, 'panic_atr': 0.045, 'persistence': 1}","{'trend_position': 0.25, 'range_position': 0.25, 'panic_position': 0.2, 'trend_boll_std': 1.5, 'trend_stop': 0.1, 'range_rsi': 35, 'range_boll_std': 1.75, 'range_tp': 0.025, 'range_sl': 0.02, 'panic_rsi': 35, 'panic_boll_std': 1.75, 'panic_drop': 0.04, 'panic_tp': 0.015, 'panic_sl': 0.03}",36.934,17.2044,19.6876,2.2328,13.49,126,0.8551,0.5655,0.8739,-16.7374,113.42,146.22,162.65,"{'DOWN_PANIC': -1199.95, 'TREND': 38133.93}","{'trend_position': 0.25, 'range_position': 0.25, 'panic_position': 0.2, 'trend_boll_std': 1.5, 'trend_stop': 0.1, 'range_rsi': 35, 'range_boll_std': 1.75, 'range_tp': 0.025, 'range_sl': 0.02, 'panic_rsi': 35, 'panic_boll_std': 1.75, 'panic_drop': 0.04, 'panic_tp': 0.015, 'panic_sl': 0.03}",
strategy,11.510359999999995,"{'enter_spread': 0.005, 'exit_spread': 0.0025, 'slope_threshold': 0.0025, 'range_spread': 0.006, 'range_slope': 0.004, 'range_width': 0.1, 'panic_atr': 0.045, 'persistence': 1}","{'trend_position': 0.25, 'range_position': 0.25, 'panic_position': 0.2, 'trend_boll_std': 1.5, 'trend_stop': 0.1, 'range_rsi': 35, 'range_boll_std': 1.75, 'range_tp': 0.025, 'range_sl': 0.02, 'panic_rsi': 35, 'panic_boll_std': 1.75, 'panic_drop': 0.06, 'panic_tp': 0.015, 'panic_sl': 0.03}",37.3936,17.4029,19.7074,2.2749,13.01,123,0.8627,0.5652,0.8831,-16.7374,112.38,144.8,161.11,"{'DOWN_PANIC': -828.54, 'TREND': 38222.15}","{'trend_position': 0.25, 'range_position': 0.25, 'panic_position': 0.2, 'trend_boll_std': 1.5, 'trend_stop': 0.1, 'range_rsi': 35, 'range_boll_std': 1.75, 'range_tp': 0.025, 'range_sl': 0.02, 'panic_rsi': 35, 'panic_boll_std': 1.75, 'panic_drop': 0.06, 'panic_tp': 0.015, 'panic_sl': 0.03}",
strategy,10.888439999999996,"{'enter_spread': 0.005, 'exit_spread': 0.0025, 'slope_threshold': 0.0025, 'range_spread': 0.006, 'range_slope': 0.004, 'range_width': 0.1, 'panic_atr': 0.045, 'persistence': 1}","{'trend_position': 0.25, 'range_position': 0.25, 'panic_position': 0.2, 'trend_boll_std': 1.5, 'trend_stop': 0.1, 'range_rsi': 40, 'range_boll_std': 1.75, 'range_tp': 0.015, 'range_sl': 0.02, 'panic_rsi': 35, 'panic_boll_std': 1.75, 'panic_drop': 0.04, 'panic_tp': 0.015, 'panic_sl': 0.03}",36.934,17.2044,19.6876,2.2328,13.49,126,0.8551,0.5655,0.8739,-16.7374,113.42,146.22,162.65,"{'DOWN_PANIC': -1199.95, 'TREND': 38133.93}","{'trend_position': 0.25, 'range_position': 0.25, 'panic_position': 0.2, 'trend_boll_std': 1.5, 'trend_stop': 0.1, 'range_rsi': 40, 'range_boll_std': 1.75, 'range_tp': 0.015, 'range_sl': 0.02, 'panic_rsi': 35, 'panic_boll_std': 1.75, 'panic_drop': 0.04, 'panic_tp': 0.015, 'panic_sl': 0.03}",
strategy,11.510359999999995,"{'enter_spread': 0.005, 'exit_spread': 0.0025, 'slope_threshold': 0.0025, 'range_spread': 0.006, 'range_slope': 0.004, 'range_width': 0.1, 'panic_atr': 0.045, 'persistence': 1}","{'trend_position': 0.25, 'range_position': 0.25, 'panic_position': 0.2, 'trend_boll_std': 1.5, 'trend_stop': 0.1, 'range_rsi': 40, 'range_boll_std': 1.75, 'range_tp': 0.015, 'range_sl': 0.02, 'panic_rsi': 35, 'panic_boll_std': 1.75, 'panic_drop': 0.06, 'panic_tp': 0.015, 'panic_sl': 0.03}",37.3936,17.4029,19.7074,2.2749,13.01,123,0.8627,0.5652,0.8831,-16.7374,112.38,144.8,161.11,"{'DOWN_PANIC': -828.54, 'TREND': 38222.15}","{'trend_position': 0.25, 'range_position': 0.25, 'panic_position': 0.2, 'trend_boll_std': 1.5, 'trend_stop': 0.1, 'range_rsi': 40, 'range_boll_std': 1.75, 'range_tp': 0.015, 'range_sl': 0.02, 'panic_rsi': 35, 'panic_boll_std': 1.75, 'panic_drop': 0.06, 'panic_tp': 0.015, 'panic_sl': 0.03}",
strategy,10.888439999999996,"{'enter_spread': 0.005, 'exit_spread': 0.0025, 'slope_threshold': 0.0025, 'range_spread': 0.006, 'range_slope': 0.004, 'range_width': 0.1, 'panic_atr': 0.045, 'persistence': 1}","{'trend_position': 0.25, 'range_position': 0.25, 'panic_position': 0.2, 'trend_boll_std': 1.5, 'trend_stop': 0.1, 'range_rsi': 40, 'range_boll_std': 1.75, 'range_tp': 0.025, 'range_sl': 0.02, 'panic_rsi': 35, 'panic_boll_std': 1.75, 'panic_drop': 0.04, 'panic_tp': 0.015, 'panic_sl': 0.03}",36.934,17.2044,19.6876,2.2328,13.49,126,0.8551,0.5655,0.8739,-16.7374,113.42,146.22,162.65,"{'DOWN_PANIC': -1199.95, 'TREND': 38133.93}","{'trend_position': 0.25, 'range_position': 0.25, 'panic_position': 0.2, 'trend_boll_std': 1.5, 'trend_stop': 0.1, 'range_rsi': 40, 'range_boll_std': 1.75, 'range_tp': 0.025, 'range_sl': 0.02, 'panic_rsi': 35, 'panic_boll_std': 1.75, 'panic_drop': 0.04, 'panic_tp': 0.015, 'panic_sl': 0.03}",
strategy,11.510359999999995,"{'enter_spread': 0.005, 'exit_spread': 0.0025, 'slope_threshold': 0.0025, 'range_spread': 0.006, 'range_slope': 0.004, 'range_width': 0.1, 'panic_atr': 0.045, 'persistence': 1}","{'trend_position': 0.25, 'range_position': 0.25, 'panic_position': 0.2, 'trend_boll_std': 1.5, 'trend_stop': 0.1, 'range_rsi': 40, 'range_boll_std': 1.75, 'range_tp': 0.025, 'range_sl': 0.02, 'panic_rsi': 35, 'panic_boll_std': 1.75, 'panic_drop': 0.06, 'panic_tp': 0.015, 'panic_sl': 0.03}",37.3936,17.4029,19.7074,2.2749,13.01,123,0.8627,0.5652,0.8831,-16.7374,112.38,144.8,161.11,"{'DOWN_PANIC': -828.54, 'TREND': 38222.15}","{'trend_position': 0.25, 'range_position': 0.25, 'panic_position': 0.2, 'trend_boll_std': 1.5, 'trend_stop': 0.1, 'range_rsi': 40, 'range_boll_std': 1.75, 'range_tp': 0.025, 'range_sl': 0.02, 'panic_rsi': 35, 'panic_boll_std': 1.75, 'panic_drop': 0.06, 'panic_tp': 0.015, 'panic_sl': 0.03}",
strategy,12.717959999999998,"{'enter_spread': 0.005, 'exit_spread': 0.0025, 'slope_threshold': 0.0025, 'range_spread': 0.006, 'range_slope': 0.004, 'range_width': 0.1, 'panic_atr': 0.045, 'persistence': 1}","{'trend_position': 0.25, 'range_position': 0.25, 'panic_position': 0.2, 'trend_boll_std': 1.5, 'trend_stop': 0.1, 'range_rsi': 45, 'range_boll_std': 1.75, 'range_tp': 0.015, 'range_sl': 0.02, 'panic_rsi': 35, 'panic_boll_std': 1.75, 'panic_drop': 0.04, 'panic_tp': 0.015, 'panic_sl': 0.03}",38.2938,17.7907,19.6774,2.2753,14.17,127,0.8785,0.5815,0.9041,-16.7374,110.43,142.06,157.91,"{'DOWN_PANIC': -1201.66, 'RANGE': 1032.06, 'TREND': 38463.41}","{'trend_position': 0.25, 'range_position': 0.25, 'panic_position': 0.2, 'trend_boll_std': 1.5, 'trend_stop': 0.1, 'range_rsi': 45, 'range_boll_std': 1.75, 'range_tp': 0.015, 'range_sl': 0.02, 'panic_rsi': 35, 'panic_boll_std': 1.75, 'panic_drop': 0.04, 'panic_tp': 0.015, 'panic_sl': 0.03}",
strategy,13.369760000000005,"{'enter_spread': 0.005, 'exit_spread': 0.0025, 'slope_threshold': 0.0025, 'range_spread': 0.006, 'range_slope': 0.004, 'range_width': 0.1, 'panic_atr': 0.045, 'persistence': 1}","{'trend_position': 0.25, 'range_position': 0.25, 'panic_position': 0.2, 'trend_boll_std': 1.5, 'trend_stop': 0.1, 'range_rsi': 45, 'range_boll_std': 1.75, 'range_tp': 0.015, 'range_sl': 0.02, 'panic_rsi': 35, 'panic_boll_std': 1.75, 'panic_drop': 0.06, 'panic_tp': 0.015, 'panic_sl': 0.03}",38.7805,17.9999,19.6974,2.3204,13.71,124,0.8867,0.5816,0.9138,-16.7374,109.38,140.64,156.37,"{'DOWN_PANIC': -828.54, 'RANGE': 1032.06, 'TREND': 38576.99}","{'trend_position': 0.25, 'range_position': 0.25, 'panic_position': 0.2, 'trend_boll_std': 1.5, 'trend_stop': 0.1, 'range_rsi': 45, 'range_boll_std': 1.75, 'range_tp': 0.015, 'range_sl': 0.02, 'panic_rsi': 35, 'panic_boll_std': 1.75, 'panic_drop': 0.06, 'panic_tp': 0.015, 'panic_sl': 0.03}",
strategy,12.717959999999998,"{'enter_spread': 0.005, 'exit_spread': 0.0025, 'slope_threshold': 0.0025, 'range_spread': 0.006, 'range_slope': 0.004, 'range_width': 0.1, 'panic_atr': 0.045, 'persistence': 1}","{'trend_position': 0.25, 'range_position': 0.25, 'panic_position': 0.2, 'trend_boll_std': 1.5, 'trend_stop': 0.1, 'range_rsi': 45, 'range_boll_std': 1.75, 'range_tp': 0.025, 'range_sl': 0.02, 'panic_rsi': 35, 'panic_boll_std': 1.75, 'panic_drop': 0.04, 'panic_tp': 0.015, 'panic_sl': 0.03}",38.2938,17.7907,19.6774,2.2753,14.17,127,0.8785,0.5815,0.9041,-16.7374,110.43,142.06,157.91,"{'DOWN_PANIC': -1201.66, 'RANGE': 1032.06, 'TREND': 38463.41}","{'trend_position': 0.25, 'range_position': 0.25, 'panic_position': 0.2, 'trend_boll_std': 1.5, 'trend_stop': 0.1, 'range_rsi': 45, 'range_boll_std': 1.75, 'range_tp': 0.025, 'range_sl': 0.02, 'panic_rsi': 35, 'panic_boll_std': 1.75, 'panic_drop': 0.04, 'panic_tp': 0.015, 'panic_sl': 0.03}",
strategy,13.369760000000005,"{'enter_spread': 0.005, 'exit_spread': 0.0025, 'slope_threshold': 0.0025, 'range_spread': 0.006, 'range_slope': 0.004, 'range_width': 0.1, 'panic_atr': 0.045, 'persistence': 1}","{'trend_position': 0.25, 'range_position': 0.25, 'panic_position': 0.2, 'trend_boll_std': 1.5, 'trend_stop': 0.1, 'range_rsi': 45, 'range_boll_std': 1.75, 'range_tp': 0.025, 'range_sl': 0.02, 'panic_rsi': 35, 'panic_boll_std': 1.75, 'panic_drop': 0.06, 'panic_tp': 0.015, 'panic_sl': 0.03}",38.7805,17.9999,19.6974,2.3204,13.71,124,0.8867,0.5816,0.9138,-16.7374,109.38,140.64,156.37,"{'DOWN_PANIC': -828.54, 'RANGE': 1032.06, 'TREND': 38576.99}","{'trend_position': 0.25, 'range_position': 0.25, 'panic_position': 0.2, 'trend_boll_std': 1.5, 'trend_stop': 0.1, 'range_rsi': 45, 'range_boll_std': 1.75, 'range_tp': 0.025, 'range_sl': 0.02, 'panic_rsi': 35, 'panic_boll_std': 1.75, 'panic_drop': 0.06, 'panic_tp': 0.015, 'panic_sl': 0.03}",
strategy,20.68826,"{'enter_spread': 0.005, 'exit_spread': 0.0025, 'slope_threshold': 0.0025, 'range_spread': 0.006, 'range_slope': 0.004, 'range_width': 0.1, 'panic_atr': 0.045, 'persistence': 1}","{'trend_position': 0.35, 'range_position': 0.2, 'panic_position': 0.15, 'trend_boll_std': 1.5, 'trend_stop': 0.1, 'range_rsi': 35, 'range_boll_std': 1.75, 'range_tp': 0.015, 'range_sl': 0.02, 'panic_rsi': 35, 'panic_boll_std': 1.75, 'panic_drop': 0.04, 'panic_tp': 0.015, 'panic_sl': 0.03}",51.3106,23.2655,23.7844,2.2505,13.49,126,0.8926,0.6,0.9782,-16.7374,114.25,147.1,163.55,"{'DOWN_PANIC': -918.18, 'TREND': 52228.78}","{'trend_position': 0.35, 'range_position': 0.2, 'panic_position': 0.15, 'trend_boll_std': 1.5, 'trend_stop': 0.1, 'range_rsi': 35, 'range_boll_std': 1.75, 'range_tp': 0.015, 'range_sl': 0.02, 'panic_rsi': 35, 'panic_boll_std': 1.75, 'panic_drop': 0.04, 'panic_tp': 0.015, 'panic_sl': 0.03}",
strategy,21.20547,"{'enter_spread': 0.005, 'exit_spread': 0.0025, 'slope_threshold': 0.0025, 'range_spread': 0.006, 'range_slope': 0.004, 'range_width': 0.1, 'panic_atr': 0.045, 'persistence': 1}","{'trend_position': 0.35, 'range_position': 0.2, 'panic_position': 0.15, 'trend_boll_std': 1.5, 'trend_stop': 0.1, 'range_rsi': 35, 'range_boll_std': 1.75, 'range_tp': 0.015, 'range_sl': 0.02, 'panic_rsi': 35, 'panic_boll_std': 1.75, 'panic_drop': 0.06, 'panic_tp': 0.015, 'panic_sl': 0.03}",51.7265,23.4365,23.7983,2.2761,13.01,123,0.8975,0.5983,0.9848,-16.7374,113.58,146.19,162.57,"{'DOWN_PANIC': -621.15, 'TREND': 52347.64}","{'trend_position': 0.35, 'range_position': 0.2, 'panic_position': 0.15, 'trend_boll_std': 1.5, 'trend_stop': 0.1, 'range_rsi': 35, 'range_boll_std': 1.75, 'range_tp': 0.015, 'range_sl': 0.02, 'panic_rsi': 35, 'panic_boll_std': 1.75, 'panic_drop': 0.06, 'panic_tp': 0.015, 'panic_sl': 0.03}",
strategy,20.68826,"{'enter_spread': 0.005, 'exit_spread': 0.0025, 'slope_threshold': 0.0025, 'range_spread': 0.006, 'range_slope': 0.004, 'range_width': 0.1, 'panic_atr': 0.045, 'persistence': 1}","{'trend_position': 0.35, 'range_position': 0.2, 'panic_position': 0.15, 'trend_boll_std': 1.5, 'trend_stop': 0.1, 'range_rsi': 35, 'range_boll_std': 1.75, 'range_tp': 0.025, 'range_sl': 0.02, 'panic_rsi': 35, 'panic_boll_std': 1.75, 'panic_drop': 0.04, 'panic_tp': 0.015, 'panic_sl': 0.03}",51.3106,23.2655,23.7844,2.2505,13.49,126,0.8926,0.6,0.9782,-16.7374,114.25,147.1,163.55,"{'DOWN_PANIC': -918.18, 'TREND': 52228.78}","{'trend_position': 0.35, 'range_position': 0.2, 'panic_position': 0.15, 'trend_boll_std': 1.5, 'trend_stop': 0.1, 'range_rsi': 35, 'range_boll_std': 1.75, 'range_tp': 0.025, 'range_sl': 0.02, 'panic_rsi': 35, 'panic_boll_std': 1.75, 'panic_drop': 0.04, 'panic_tp': 0.015, 'panic_sl': 0.03}",
strategy,21.20547,"{'enter_spread': 0.005, 'exit_spread': 0.0025, 'slope_threshold': 0.0025, 'range_spread': 0.006, 'range_slope': 0.004, 'range_width': 0.1, 'panic_atr': 0.045, 'persistence': 1}","{'trend_position': 0.35, 'range_position': 0.2, 'panic_position': 0.15, 'trend_boll_std': 1.5, 'trend_stop': 0.1, 'range_rsi': 35, 'range_boll_std': 1.75, 'range_tp': 0.025, 'range_sl': 0.02, 'panic_rsi': 35, 'panic_boll_std': 1.75, 'panic_drop': 0.06, 'panic_tp': 0.015, 'panic_sl': 0.03}",51.7265,23.4365,23.7983,2.2761,13.01,123,0.8975,0.5983,0.9848,-16.7374,113.58,146.19,162.57,"{'DOWN_PANIC': -621.15, 'TREND': 52347.64}","{'trend_position': 0.35, 'range_position': 0.2, 'panic_position': 0.15, 'trend_boll_std': 1.5, 'trend_stop': 0.1, 'range_rsi': 35, 'range_boll_std': 1.75, 'range_tp': 0.025, 'range_sl': 0.02, 'panic_rsi': 35, 'panic_boll_std': 1.75, 'panic_drop': 0.06, 'panic_tp': 0.015, 'panic_sl': 0.03}",
strategy,20.68826,"{'enter_spread': 0.005, 'exit_spread': 0.0025, 'slope_threshold': 0.0025, 'range_spread': 0.006, 'range_slope': 0.004, 'range_width': 0.1, 'panic_atr': 0.045, 'persistence': 1}","{'trend_position': 0.35, 'range_position': 0.2, 'panic_position': 0.15, 'trend_boll_std': 1.5, 'trend_stop': 0.1, 'range_rsi': 40, 'range_boll_std': 1.75, 'range_tp': 0.015, 'range_sl': 0.02, 'panic_rsi': 35, 'panic_boll_std': 1.75, 'panic_drop': 0.04, 'panic_tp': 0.015, 'panic_sl': 0.03}",51.3106,23.2655,23.7844,2.2505,13.49,126,0.8926,0.6,0.9782,-16.7374,114.25,147.1,163.55,"{'DOWN_PANIC': -918.18, 'TREND': 52228.78}","{'trend_position': 0.35, 'range_position': 0.2, 'panic_position': 0.15, 'trend_boll_std': 1.5, 'trend_stop': 0.1, 'range_rsi': 40, 'range_boll_std': 1.75, 'range_tp': 0.015, 'range_sl': 0.02, 'panic_rsi': 35, 'panic_boll_std': 1.75, 'panic_drop': 0.04, 'panic_tp': 0.015, 'panic_sl': 0.03}",
strategy,21.20547,"{'enter_spread': 0.005, 'exit_spread': 0.0025, 'slope_threshold': 0.0025, 'range_spread': 0.006, 'range_slope': 0.004, 'range_width': 0.1, 'panic_atr': 0.045, 'persistence': 1}","{'trend_position': 0.35, 'range_position': 0.2, 'panic_position': 0.15, 'trend_boll_std': 1.5, 'trend_stop': 0.1, 'range_rsi': 40, 'range_boll_std': 1.75, 'range_tp': 0.015, 'range_sl': 0.02, 'panic_rsi': 35, 'panic_boll_std': 1.75, 'panic_drop': 0.06, 'panic_tp': 0.015, 'panic_sl': 0.03}",51.7265,23.4365,23.7983,2.2761,13.01,123,0.8975,0.5983,0.9848,-16.7374,113.58,146.19,162.57,"{'DOWN_PANIC': -621.15, 'TREND': 52347.64}","{'trend_position': 0.35, 'range_position': 0.2, 'panic_position': 0.15, 'trend_boll_std': 1.5, 'trend_stop': 0.1, 'range_rsi': 40, 'range_boll_std': 1.75, 'range_tp': 0.015, 'range_sl': 0.02, 'panic_rsi': 35, 'panic_boll_std': 1.75, 'panic_drop': 0.06, 'panic_tp': 0.015, 'panic_sl': 0.03}",
strategy,20.68826,"{'enter_spread': 0.005, 'exit_spread': 0.0025, 'slope_threshold': 0.0025, 'range_spread': 0.006, 'range_slope': 0.004, 'range_width': 0.1, 'panic_atr': 0.045, 'persistence': 1}","{'trend_position': 0.35, 'range_position': 0.2, 'panic_position': 0.15, 'trend_boll_std': 1.5, 'trend_stop': 0.1, 'range_rsi': 40, 'range_boll_std': 1.75, 'range_tp': 0.025, 'range_sl': 0.02, 'panic_rsi': 35, 'panic_boll_std': 1.75, 'panic_drop': 0.04, 'panic_tp': 0.015, 'panic_sl': 0.03}",51.3106,23.2655,23.7844,2.2505,13.49,126,0.8926,0.6,0.9782,-16.7374,114.25,147.1,163.55,"{'DOWN_PANIC': -918.18, 'TREND': 52228.78}","{'trend_position': 0.35, 'range_position': 0.2, 'panic_position': 0.15, 'trend_boll_std': 1.5, 'trend_stop': 0.1, 'range_rsi': 40, 'range_boll_std': 1.75, 'range_tp': 0.025, 'range_sl': 0.02, 'panic_rsi': 35, 'panic_boll_std': 1.75, 'panic_drop': 0.04, 'panic_tp': 0.015, 'panic_sl': 0.03}",
strategy,21.20547,"{'enter_spread': 0.005, 'exit_spread': 0.0025, 'slope_threshold': 0.0025, 'range_spread': 0.006, 'range_slope': 0.004, 'range_width': 0.1, 'panic_atr': 0.045, 'persistence': 1}","{'trend_position': 0.35, 'range_position': 0.2, 'panic_position': 0.15, 'trend_boll_std': 1.5, 'trend_stop': 0.1, 'range_rsi': 40, 'range_boll_std': 1.75, 'range_tp': 0.025, 'range_sl': 0.02, 'panic_rsi': 35, 'panic_boll_std': 1.75, 'panic_drop': 0.06, 'panic_tp': 0.015, 'panic_sl': 0.03}",51.7265,23.4365,23.7983,2.2761,13.01,123,0.8975,0.5983,0.9848,-16.7374,113.58,146.19,162.57,"{'DOWN_PANIC': -621.15, 'TREND': 52347.64}","{'trend_position': 0.35, 'range_position': 0.2, 'panic_position': 0.15, 'trend_boll_std': 1.5, 'trend_stop': 0.1, 'range_rsi': 40, 'range_boll_std': 1.75, 'range_tp': 0.025, 'range_sl': 0.02, 'panic_rsi': 35, 'panic_boll_std': 1.75, 'panic_drop': 0.06, 'panic_tp': 0.015, 'panic_sl': 0.03}",
strategy,22.252429999999993,"{'enter_spread': 0.005, 'exit_spread': 0.0025, 'slope_threshold': 0.0025, 'range_spread': 0.006, 'range_slope': 0.004, 'range_width': 0.1, 'panic_atr': 0.045, 'persistence': 1}","{'trend_position': 0.35, 'range_position': 0.2, 'panic_position': 0.15, 'trend_boll_std': 1.5, 'trend_stop': 0.1, 'range_rsi': 45, 'range_boll_std': 1.75, 'range_tp': 0.015, 'range_sl': 0.02, 'panic_rsi': 35, 'panic_boll_std': 1.75, 'panic_drop': 0.04, 'panic_tp': 0.015, 'panic_sl': 0.03}",52.5958,23.7931,23.7937,2.2797,14.17,127,0.9077,0.6105,1.0,-16.7374,112.46,144.5,160.56,"{'DOWN_PANIC': -919.9, 'RANGE': 828.71, 'TREND': 52686.96}","{'trend_position': 0.35, 'range_position': 0.2, 'panic_position': 0.15, 'trend_boll_std': 1.5, 'trend_stop': 0.1, 'range_rsi': 45, 'range_boll_std': 1.75, 'range_tp': 0.015, 'range_sl': 0.02, 'panic_rsi': 35, 'panic_boll_std': 1.75, 'panic_drop': 0.04, 'panic_tp': 0.015, 'panic_sl': 0.03}",
strategy,22.651899999999998,"{'enter_spread': 0.005, 'exit_spread': 0.0025, 'slope_threshold': 0.0025, 'range_spread': 0.006, 'range_slope': 0.004, 'range_width': 0.1, 'panic_atr': 0.045, 'persistence': 1}","{'trend_position': 0.35, 'range_position': 0.2, 'panic_position': 0.15, 'trend_boll_std': 1.5, 'trend_stop': 0.1, 'range_rsi': 45, 'range_boll_std': 1.75, 'range_tp': 0.015, 'range_sl': 0.02, 'panic_rsi': 35, 'panic_boll_std': 1.75, 'panic_drop': 0.06, 'panic_tp': 0.015, 'panic_sl': 0.03}",52.8815,23.9101,23.78,2.3024,13.71,124,0.9116,0.6081,1.0055,-16.7374,111.85,143.74,159.77,"{'DOWN_PANIC': -621.15, 'RANGE': 828.71, 'TREND': 52673.95}","{'trend_position': 0.35, 'range_position': 0.2, 'panic_position': 0.15, 'trend_boll_std': 1.5, 'trend_stop': 0.1, 'range_rsi': 45, 'range_boll_std': 1.75, 'range_tp': 0.015, 'range_sl': 0.02, 'panic_rsi': 35, 'panic_boll_std': 1.75, 'panic_drop': 0.06, 'panic_tp': 0.015, 'panic_sl': 0.03}",
strategy,22.252429999999993,"{'enter_spread': 0.005, 'exit_spread': 0.0025, 'slope_threshold': 0.0025, 'range_spread': 0.006, 'range_slope': 0.004, 'range_width': 0.1, 'panic_atr': 0.045, 'persistence': 1}","{'trend_position': 0.35, 'range_position': 0.2, 'panic_position': 0.15, 'trend_boll_std': 1.5, 'trend_stop': 0.1, 'range_rsi': 45, 'range_boll_std': 1.75, 'range_tp': 0.025, 'range_sl': 0.02, 'panic_rsi': 35, 'panic_boll_std': 1.75, 'panic_drop': 0.04, 'panic_tp': 0.015, 'panic_sl': 0.03}",52.5958,23.7931,23.7937,2.2797,14.17,127,0.9077,0.6105,1.0,-16.7374,112.46,144.5,160.56,"{'DOWN_PANIC': -919.9, 'RANGE': 828.71, 'TREND': 52686.96}","{'trend_position': 0.35, 'range_position': 0.2, 'panic_position': 0.15, 'trend_boll_std': 1.5, 'trend_stop': 0.1, 'range_rsi': 45, 'range_boll_std': 1.75, 'range_tp': 0.025, 'range_sl': 0.02, 'panic_rsi': 35, 'panic_boll_std': 1.75, 'panic_drop': 0.04, 'panic_tp': 0.015, 'panic_sl': 0.03}",
strategy,22.651899999999998,"{'enter_spread': 0.005, 'exit_spread': 0.0025, 'slope_threshold': 0.0025, 'range_spread': 0.006, 'range_slope': 0.004, 'range_width': 0.1, 'panic_atr': 0.045, 'persistence': 1}","{'trend_position': 0.35, 'range_position': 0.2, 'panic_position': 0.15, 'trend_boll_std': 1.5, 'trend_stop': 0.1, 'range_rsi': 45, 'range_boll_std': 1.75, 'range_tp': 0.025, 'range_sl': 0.02, 'panic_rsi': 35, 'panic_boll_std': 1.75, 'panic_drop': 0.06, 'panic_tp': 0.015, 'panic_sl': 0.03}",52.8815,23.9101,23.78,2.3024,13.71,124,0.9116,0.6081,1.0055,-16.7374,111.85,143.74,159.77,"{'DOWN_PANIC': -621.15, 'RANGE': 828.71, 'TREND': 52673.95}","{'trend_position': 0.35, 'range_position': 0.2, 'panic_position': 0.15, 'trend_boll_std': 1.5, 'trend_stop': 0.1, 'range_rsi': 45, 'range_boll_std': 1.75, 'range_tp': 0.025, 'range_sl': 0.02, 'panic_rsi': 35, 'panic_boll_std': 1.75, 'panic_drop': 0.06, 'panic_tp': 0.015, 'panic_sl': 0.03}",
strategy,20.168709999999994,"{'enter_spread': 0.005, 'exit_spread': 0.0025, 'slope_threshold': 0.0025, 'range_spread': 0.006, 'range_slope': 0.004, 'range_width': 0.1, 'panic_atr': 0.045, 'persistence': 1}","{'trend_position': 0.35, 'range_position': 0.2, 'panic_position': 0.2, 'trend_boll_std': 1.5, 'trend_stop': 0.1, 'range_rsi': 35, 'range_boll_std': 1.75, 'range_tp': 0.015, 'range_sl': 0.02, 'panic_rsi': 35, 'panic_boll_std': 1.75, 'panic_drop': 0.04, 'panic_tp': 0.015, 'panic_sl': 0.03}",50.9135,23.102,23.7859,2.2197,13.49,126,0.8875,0.5966,0.9712,-16.7374,114.88,148.0,164.59,"{'DOWN_PANIC': -1231.29, 'TREND': 52144.75}","{'trend_position': 0.35, 'range_position': 0.2, 'panic_position': 0.2, 'trend_boll_std': 1.5, 'trend_stop': 0.1, 'range_rsi': 35, 'range_boll_std': 1.75, 'range_tp': 0.015, 'range_sl': 0.02, 'panic_rsi': 35, 'panic_boll_std': 1.75, 'panic_drop': 0.04, 'panic_tp': 0.015, 'panic_sl': 0.03}",
strategy,20.78146999999999,"{'enter_spread': 0.005, 'exit_spread': 0.0025, 'slope_threshold': 0.0025, 'range_spread': 0.006, 'range_slope': 0.004, 'range_width': 0.1, 'panic_atr': 0.045, 'persistence': 1}","{'trend_position': 0.35, 'range_position': 0.2, 'panic_position': 0.2, 'trend_boll_std': 1.5, 'trend_stop': 0.1, 'range_rsi': 35, 'range_boll_std': 1.75, 'range_tp': 0.015, 'range_sl': 0.02, 'panic_rsi': 35, 'panic_boll_std': 1.75, 'panic_drop': 0.06, 'panic_tp': 0.015, 'panic_sl': 0.03}",51.3963,23.3007,23.7953,2.25,13.01,123,0.8932,0.5952,0.9792,-16.7374,114.06,146.9,163.42,"{'DOWN_PANIC': -832.51, 'TREND': 52228.83}","{'trend_position': 0.35, 'range_position': 0.2, 'panic_position': 0.2, 'trend_boll_std': 1.5, 'trend_stop': 0.1, 'range_rsi': 35, 'range_boll_std': 1.75, 'range_tp': 0.015, 'range_sl': 0.02, 'panic_rsi': 35, 'panic_boll_std': 1.75, 'panic_drop': 0.06, 'panic_tp': 0.015, 'panic_sl': 0.03}",
strategy,20.168709999999994,"{'enter_spread': 0.005, 'exit_spread': 0.0025, 'slope_threshold': 0.0025, 'range_spread': 0.006, 'range_slope': 0.004, 'range_width': 0.1, 'panic_atr': 0.045, 'persistence': 1}","{'trend_position': 0.35, 'range_position': 0.2, 'panic_position': 0.2, 'trend_boll_std': 1.5, 'trend_stop': 0.1, 'range_rsi': 35, 'range_boll_std': 1.75, 'range_tp': 0.025, 'range_sl': 0.02, 'panic_rsi': 35, 'panic_boll_std': 1.75, 'panic_drop': 0.04, 'panic_tp': 0.015, 'panic_sl': 0.03}",50.9135,23.102,23.7859,2.2197,13.49,126,0.8875,0.5966,0.9712,-16.7374,114.88,148.0,164.59,"{'DOWN_PANIC': -1231.29, 'TREND': 52144.75}","{'trend_position': 0.35, 'range_position': 0.2, 'panic_position': 0.2, 'trend_boll_std': 1.5, 'trend_stop': 0.1, 'range_rsi': 35, 'range_boll_std': 1.75, 'range_tp': 0.025, 'range_sl': 0.02, 'panic_rsi': 35, 'panic_boll_std': 1.75, 'panic_drop': 0.04, 'panic_tp': 0.015, 'panic_sl': 0.03}",
strategy,20.78146999999999,"{'enter_spread': 0.005, 'exit_spread': 0.0025, 'slope_threshold': 0.0025, 'range_spread': 0.006, 'range_slope': 0.004, 'range_width': 0.1, 'panic_atr': 0.045, 'persistence': 1}","{'trend_position': 0.35, 'range_position': 0.2, 'panic_position': 0.2, 'trend_boll_std': 1.5, 'trend_stop': 0.1, 'range_rsi': 35, 'range_boll_std': 1.75, 'range_tp': 0.025, 'range_sl': 0.02, 'panic_rsi': 35, 'panic_boll_std': 1.75, 'panic_drop': 0.06, 'panic_tp': 0.015, 'panic_sl': 0.03}",51.3963,23.3007,23.7953,2.25,13.01,123,0.8932,0.5952,0.9792,-16.7374,114.06,146.9,163.42,"{'DOWN_PANIC': -832.51, 'TREND': 52228.83}","{'trend_position': 0.35, 'range_position': 0.2, 'panic_position': 0.2, 'trend_boll_std': 1.5, 'trend_stop': 0.1, 'range_rsi': 35, 'range_boll_std': 1.75, 'range_tp': 0.025, 'range_sl': 0.02, 'panic_rsi': 35, 'panic_boll_std': 1.75, 'panic_drop': 0.06, 'panic_tp': 0.015, 'panic_sl': 0.03}",
strategy,20.168709999999994,"{'enter_spread': 0.005, 'exit_spread': 0.0025, 'slope_threshold': 0.0025, 'range_spread': 0.006, 'range_slope': 0.004, 'range_width': 0.1, 'panic_atr': 0.045, 'persistence': 1}","{'trend_position': 0.35, 'range_position': 0.2, 'panic_position': 0.2, 'trend_boll_std': 1.5, 'trend_stop': 0.1, 'range_rsi': 40, 'range_boll_std': 1.75, 'range_tp': 0.015, 'range_sl': 0.02, 'panic_rsi': 35, 'panic_boll_std': 1.75, 'panic_drop': 0.04, 'panic_tp': 0.015, 'panic_sl': 0.03}",50.9135,23.102,23.7859,2.2197,13.49,126,0.8875,0.5966,0.9712,-16.7374,114.88,148.0,164.59,"{'DOWN_PANIC': -1231.29, 'TREND': 52144.75}","{'trend_position': 0.35, 'range_position': 0.2, 'panic_position': 0.2, 'trend_boll_std': 1.5, 'trend_stop': 0.1, 'range_rsi': 40, 'range_boll_std': 1.75, 'range_tp': 0.015, 'range_sl': 0.02, 'panic_rsi': 35, 'panic_boll_std': 1.75, 'panic_drop': 0.04, 'panic_tp': 0.015, 'panic_sl': 0.03}",
strategy,20.78146999999999,"{'enter_spread': 0.005, 'exit_spread': 0.0025, 'slope_threshold': 0.0025, 'range_spread': 0.006, 'range_slope': 0.004, 'range_width': 0.1, 'panic_atr': 0.045, 'persistence': 1}","{'trend_position': 0.35, 'range_position': 0.2, 'panic_position': 0.2, 'trend_boll_std': 1.5, 'trend_stop': 0.1, 'range_rsi': 40, 'range_boll_std': 1.75, 'range_tp': 0.015, 'range_sl': 0.02, 'panic_rsi': 35, 'panic_boll_std': 1.75, 'panic_drop': 0.06, 'panic_tp': 0.015, 'panic_sl': 0.03}",51.3963,23.3007,23.7953,2.25,13.01,123,0.8932,0.5952,0.9792,-16.7374,114.06,146.9,163.42,"{'DOWN_PANIC': -832.51, 'TREND': 52228.83}","{'trend_position': 0.35, 'range_position': 0.2, 'panic_position': 0.2, 'trend_boll_std': 1.5, 'trend_stop': 0.1, 'range_rsi': 40, 'range_boll_std': 1.75, 'range_tp': 0.015, 'range_sl': 0.02, 'panic_rsi': 35, 'panic_boll_std': 1.75, 'panic_drop': 0.06, 'panic_tp': 0.015, 'panic_sl': 0.03}",
strategy,20.168709999999994,"{'enter_spread': 0.005, 'exit_spread': 0.0025, 'slope_threshold': 0.0025, 'range_spread': 0.006, 'range_slope': 0.004, 'range_width': 0.1, 'panic_atr': 0.045, 'persistence': 1}","{'trend_position': 0.35, 'range_position': 0.2, 'panic_position': 0.2, 'trend_boll_std': 1.5, 'trend_stop': 0.1, 'range_rsi': 40, 'range_boll_std': 1.75, 'range_tp': 0.025, 'range_sl': 0.02, 'panic_rsi': 35, 'panic_boll_std': 1.75, 'panic_drop': 0.04, 'panic_tp': 0.015, 'panic_sl': 0.03}",50.9135,23.102,23.7859,2.2197,13.49,126,0.8875,0.5966,0.9712,-16.7374,114.88,148.0,164.59,"{'DOWN_PANIC': -1231.29, 'TREND': 52144.75}","{'trend_position': 0.35, 'range_position': 0.2, 'panic_position': 0.2, 'trend_boll_std': 1.5, 'trend_stop': 0.1, 'range_rsi': 40, 'range_boll_std': 1.75, 'range_tp': 0.025, 'range_sl': 0.02, 'panic_rsi': 35, 'panic_boll_std': 1.75, 'panic_drop': 0.04, 'panic_tp': 0.015, 'panic_sl': 0.03}",
strategy,20.78146999999999,"{'enter_spread': 0.005, 'exit_spread': 0.0025, 'slope_threshold': 0.0025, 'range_spread': 0.006, 'range_slope': 0.004, 'range_width': 0.1, 'panic_atr': 0.045, 'persistence': 1}","{'trend_position': 0.35, 'range_position': 0.2, 'panic_position': 0.2, 'trend_boll_std': 1.5, 'trend_stop': 0.1, 'range_rsi': 40, 'range_boll_std': 1.75, 'range_tp': 0.025, 'range_sl': 0.02, 'panic_rsi': 35, 'panic_boll_std': 1.75, 'panic_drop': 0.06, 'panic_tp': 0.015, 'panic_sl': 0.03}",51.3963,23.3007,23.7953,2.25,13.01,123,0.8932,0.5952,0.9792,-16.7374,114.06,146.9,163.42,"{'DOWN_PANIC': -832.51, 'TREND': 52228.83}","{'trend_position': 0.35, 'range_position': 0.2, 'panic_position': 0.2, 'trend_boll_std': 1.5, 'trend_stop': 0.1, 'range_rsi': 40, 'range_boll_std': 1.75, 'range_tp': 0.025, 'range_sl': 0.02, 'panic_rsi': 35, 'panic_boll_std': 1.75, 'panic_drop': 0.06, 'panic_tp': 0.015, 'panic_sl': 0.03}",
strategy,21.732949999999995,"{'enter_spread': 0.005, 'exit_spread': 0.0025, 'slope_threshold': 0.0025, 'range_spread': 0.006, 'range_slope': 0.004, 'range_width': 0.1, 'panic_atr': 0.045, 'persistence': 1}","{'trend_position': 0.35, 'range_position': 0.2, 'panic_position': 0.2, 'trend_boll_std': 1.5, 'trend_stop': 0.1, 'range_rsi': 45, 'range_boll_std': 1.75, 'range_tp': 0.015, 'range_sl': 0.02, 'panic_rsi': 35, 'panic_boll_std': 1.75, 'panic_drop': 0.04, 'panic_tp': 0.015, 'panic_sl': 0.03}",52.1966,23.6295,23.7955,2.2484,14.17,127,0.9026,0.6072,0.993,-16.7374,113.07,145.37,161.55,"{'DOWN_PANIC': -1233.0, 'RANGE': 826.53, 'TREND': 52603.07}","{'trend_position': 0.35, 'range_position': 0.2, 'panic_position': 0.2, 'trend_boll_std': 1.5, 'trend_stop': 0.1, 'range_rsi': 45, 'range_boll_std': 1.75, 'range_tp': 0.015, 'range_sl': 0.02, 'panic_rsi': 35, 'panic_boll_std': 1.75, 'panic_drop': 0.04, 'panic_tp': 0.015, 'panic_sl': 0.03}",
strategy,22.263569999999994,"{'enter_spread': 0.005, 'exit_spread': 0.0025, 'slope_threshold': 0.0025, 'range_spread': 0.006, 'range_slope': 0.004, 'range_width': 0.1, 'panic_atr': 0.045, 'persistence': 1}","{'trend_position': 0.35, 'range_position': 0.2, 'panic_position': 0.2, 'trend_boll_std': 1.5, 'trend_stop': 0.1, 'range_rsi': 45, 'range_boll_std': 1.75, 'range_tp': 0.015, 'range_sl': 0.02, 'panic_rsi': 35, 'panic_boll_std': 1.75, 'panic_drop': 0.06, 'panic_tp': 0.015, 'panic_sl': 0.03}",52.5771,23.7855,23.7773,2.2775,13.71,124,0.9077,0.6054,1.0003,-16.7374,112.25,144.36,160.5,"{'DOWN_PANIC': -832.51, 'RANGE': 826.53, 'TREND': 52583.11}","{'trend_position': 0.35, 'range_position': 0.2, 'panic_position': 0.2, 'trend_boll_std': 1.5, 'trend_stop': 0.1, 'range_rsi': 45, 'range_boll_std': 1.75, 'range_tp': 0.015, 'range_sl': 0.02, 'panic_rsi': 35, 'panic_boll_std': 1.75, 'panic_drop': 0.06, 'panic_tp': 0.015, 'panic_sl': 0.03}",
strategy,21.732949999999995,"{'enter_spread': 0.005, 'exit_spread': 0.0025, 'slope_threshold': 0.0025, 'range_spread': 0.006, 'range_slope': 0.004, 'range_width': 0.1, 'panic_atr': 0.045, 'persistence': 1}","{'trend_position': 0.35, 'range_position': 0.2, 'panic_position': 0.2, 'trend_boll_std': 1.5, 'trend_stop': 0.1, 'range_rsi': 45, 'range_boll_std': 1.75, 'range_tp': 0.025, 'range_sl': 0.02, 'panic_rsi': 35, 'panic_boll_std': 1.75, 'panic_drop': 0.04, 'panic_tp': 0.015, 'panic_sl': 0.03}",52.1966,23.6295,23.7955,2.2484,14.17,127,0.9026,0.6072,0.993,-16.7374,113.07,145.37,161.55,"{'DOWN_PANIC': -1233.0, 'RANGE': 826.53, 'TREND': 52603.07}","{'trend_position': 0.35, 'range_position': 0.2, 'panic_position': 0.2, 'trend_boll_std': 1.5, 'trend_stop': 0.1, 'range_rsi': 45, 'range_boll_std': 1.75, 'range_tp': 0.025, 'range_sl': 0.02, 'panic_rsi': 35, 'panic_boll_std': 1.75, 'panic_drop': 0.04, 'panic_tp': 0.015, 'panic_sl': 0.03}",
strategy,22.263569999999994,"{'enter_spread': 0.005, 'exit_spread': 0.0025, 'slope_threshold': 0.0025, 'range_spread': 0.006, 'range_slope': 0.004, 'range_width': 0.1, 'panic_atr': 0.045, 'persistence': 1}","{'trend_position': 0.35, 'range_position': 0.2, 'panic_position': 0.2, 'trend_boll_std': 1.5, 'trend_stop': 0.1, 'range_rsi': 45, 'range_boll_std': 1.75, 'range_tp': 0.025, 'range_sl': 0.02, 'panic_rsi': 35, 'panic_boll_std': 1.75, 'panic_drop': 0.06, 'panic_tp': 0.015, 'panic_sl': 0.03}",52.5771,23.7855,23.7773,2.2775,13.71,124,0.9077,0.6054,1.0003,-16.7374,112.25,144.36,160.5,"{'DOWN_PANIC': -832.51, 'RANGE': 826.53, 'TREND': 52583.11}","{'trend_position': 0.35, 'range_position': 0.2, 'panic_position': 0.2, 'trend_boll_std': 1.5, 'trend_stop': 0.1, 'range_rsi': 45, 'range_boll_std': 1.75, 'range_tp': 0.025, 'range_sl': 0.02, 'panic_rsi': 35, 'panic_boll_std': 1.75, 'panic_drop': 0.06, 'panic_tp': 0.015, 'panic_sl': 0.03}",
strategy,20.68826,"{'enter_spread': 0.005, 'exit_spread': 0.0025, 'slope_threshold': 0.0025, 'range_spread': 0.006, 'range_slope': 0.004, 'range_width': 0.1, 'panic_atr': 0.045, 'persistence': 1}","{'trend_position': 0.35, 'range_position': 0.25, 'panic_position': 0.15, 'trend_boll_std': 1.5, 'trend_stop': 0.1, 'range_rsi': 35, 'range_boll_std': 1.75, 'range_tp': 0.015, 'range_sl': 0.02, 'panic_rsi': 35, 'panic_boll_std': 1.75, 'panic_drop': 0.04, 'panic_tp': 0.015, 'panic_sl': 0.03}",51.3106,23.2655,23.7844,2.2505,13.49,126,0.8926,0.6,0.9782,-16.7374,114.25,147.1,163.55,"{'DOWN_PANIC': -918.18, 'TREND': 52228.78}","{'trend_position': 0.35, 'range_position': 0.25, 'panic_position': 0.15, 'trend_boll_std': 1.5, 'trend_stop': 0.1, 'range_rsi': 35, 'range_boll_std': 1.75, 'range_tp': 0.015, 'range_sl': 0.02, 'panic_rsi': 35, 'panic_boll_std': 1.75, 'panic_drop': 0.04, 'panic_tp': 0.015, 'panic_sl': 0.03}",
strategy,21.20547,"{'enter_spread': 0.005, 'exit_spread': 0.0025, 'slope_threshold': 0.0025, 'range_spread': 0.006, 'range_slope': 0.004, 'range_width': 0.1, 'panic_atr': 0.045, 'persistence': 1}","{'trend_position': 0.35, 'range_position': 0.25, 'panic_position': 0.15, 'trend_boll_std': 1.5, 'trend_stop': 0.1, 'range_rsi': 35, 'range_boll_std': 1.75, 'range_tp': 0.015, 'range_sl': 0.02, 'panic_rsi': 35, 'panic_boll_std': 1.75, 'panic_drop': 0.06, 'panic_tp': 0.015, 'panic_sl': 0.03}",51.7265,23.4365,23.7983,2.2761,13.01,123,0.8975,0.5983,0.9848,-16.7374,113.58,146.19,162.57,"{'DOWN_PANIC': -621.15, 'TREND': 52347.64}","{'trend_position': 0.35, 'range_position': 0.25, 'panic_position': 0.15, 'trend_boll_std': 1.5, 'trend_stop': 0.1, 'range_rsi': 35, 'range_boll_std': 1.75, 'range_tp': 0.015, 'range_sl': 0.02, 'panic_rsi': 35, 'panic_boll_std': 1.75, 'panic_drop': 0.06, 'panic_tp': 0.015, 'panic_sl': 0.03}",
strategy,20.68826,"{'enter_spread': 0.005, 'exit_spread': 0.0025, 'slope_threshold': 0.0025, 'range_spread': 0.006, 'range_slope': 0.004, 'range_width': 0.1, 'panic_atr': 0.045, 'persistence': 1}","{'trend_position': 0.35, 'range_position': 0.25, 'panic_position': 0.15, 'trend_boll_std': 1.5, 'trend_stop': 0.1, 'range_rsi': 35, 'range_boll_std': 1.75, 'range_tp': 0.025, 'range_sl': 0.02, 'panic_rsi': 35, 'panic_boll_std': 1.75, 'panic_drop': 0.04, 'panic_tp': 0.015, 'panic_sl': 0.03}",51.3106,23.2655,23.7844,2.2505,13.49,126,0.8926,0.6,0.9782,-16.7374,114.25,147.1,163.55,"{'DOWN_PANIC': -918.18, 'TREND': 52228.78}","{'trend_position': 0.35, 'range_position': 0.25, 'panic_position': 0.15, 'trend_boll_std': 1.5, 'trend_stop': 0.1, 'range_rsi': 35, 'range_boll_std': 1.75, 'range_tp': 0.025, 'range_sl': 0.02, 'panic_rsi': 35, 'panic_boll_std': 1.75, 'panic_drop': 0.04, 'panic_tp': 0.015, 'panic_sl': 0.03}",
strategy,21.20547,"{'enter_spread': 0.005, 'exit_spread': 0.0025, 'slope_threshold': 0.0025, 'range_spread': 0.006, 'range_slope': 0.004, 'range_width': 0.1, 'panic_atr': 0.045, 'persistence': 1}","{'trend_position': 0.35, 'range_position': 0.25, 'panic_position': 0.15, 'trend_boll_std': 1.5, 'trend_stop': 0.1, 'range_rsi': 35, 'range_boll_std': 1.75, 'range_tp': 0.025, 'range_sl': 0.02, 'panic_rsi': 35, 'panic_boll_std': 1.75, 'panic_drop': 0.06, 'panic_tp': 0.015, 'panic_sl': 0.03}",51.7265,23.4365,23.7983,2.2761,13.01,123,0.8975,0.5983,0.9848,-16.7374,113.58,146.19,162.57,"{'DOWN_PANIC': -621.15, 'TREND': 52347.64}","{'trend_position': 0.35, 'range_position': 0.25, 'panic_position': 0.15, 'trend_boll_std': 1.5, 'trend_stop': 0.1, 'range_rsi': 35, 'range_boll_std': 1.75, 'range_tp': 0.025, 'range_sl': 0.02, 'panic_rsi': 35, 'panic_boll_std': 1.75, 'panic_drop': 0.06, 'panic_tp': 0.015, 'panic_sl': 0.03}",
strategy,20.68826,"{'enter_spread': 0.005, 'exit_spread': 0.0025, 'slope_threshold': 0.0025, 'range_spread': 0.006, 'range_slope': 0.004, 'range_width': 0.1, 'panic_atr': 0.045, 'persistence': 1}","{'trend_position': 0.35, 'range_position': 0.25, 'panic_position': 0.15, 'trend_boll_std': 1.5, 'trend_stop': 0.1, 'range_rsi': 40, 'range_boll_std': 1.75, 'range_tp': 0.015, 'range_sl': 0.02, 'panic_rsi': 35, 'panic_boll_std': 1.75, 'panic_drop': 0.04, 'panic_tp': 0.015, 'panic_sl': 0.03}",51.3106,23.2655,23.7844,2.2505,13.49,126,0.8926,0.6,0.9782,-16.7374,114.25,147.1,163.55,"{'DOWN_PANIC': -918.18, 'TREND': 52228.78}","{'trend_position': 0.35, 'range_position': 0.25, 'panic_position': 0.15, 'trend_boll_std': 1.5, 'trend_stop': 0.1, 'range_rsi': 40, 'range_boll_std': 1.75, 'range_tp': 0.015, 'range_sl': 0.02, 'panic_rsi': 35, 'panic_boll_std': 1.75, 'panic_drop': 0.04, 'panic_tp': 0.015, 'panic_sl': 0.03}",
strategy,21.20547,"{'enter_spread': 0.005, 'exit_spread': 0.0025, 'slope_threshold': 0.0025, 'range_spread': 0.006, 'range_slope': 0.004, 'range_width': 0.1, 'panic_atr': 0.045, 'persistence': 1}","{'trend_position': 0.35, 'range_position': 0.25, 'panic_position': 0.15, 'trend_boll_std': 1.5, 'trend_stop': 0.1, 'range_rsi': 40, 'range_boll_std': 1.75, 'range_tp': 0.015, 'range_sl': 0.02, 'panic_rsi': 35, 'panic_boll_std': 1.75, 'panic_drop': 0.06, 'panic_tp': 0.015, 'panic_sl': 0.03}",51.7265,23.4365,23.7983,2.2761,13.01,123,0.8975,0.5983,0.9848,-16.7374,113.58,146.19,162.57,"{'DOWN_PANIC': -621.15, 'TREND': 52347.64}","{'trend_position': 0.35, 'range_position': 0.25, 'panic_position': 0.15, 'trend_boll_std': 1.5, 'trend_stop': 0.1, 'range_rsi': 40, 'range_boll_std': 1.75, 'range_tp': 0.015, 'range_sl': 0.02, 'panic_rsi': 35, 'panic_boll_std': 1.75, 'panic_drop': 0.06, 'panic_tp': 0.015, 'panic_sl': 0.03}",
strategy,20.68826,"{'enter_spread': 0.005, 'exit_spread': 0.0025, 'slope_threshold': 0.0025, 'range_spread': 0.006, 'range_slope': 0.004, 'range_width': 0.1, 'panic_atr': 0.045, 'persistence': 1}","{'trend_position': 0.35, 'range_position': 0.25, 'panic_position': 0.15, 'trend_boll_std': 1.5, 'trend_stop': 0.1, 'range_rsi': 40, 'range_boll_std': 1.75, 'range_tp': 0.025, 'range_sl': 0.02, 'panic_rsi': 35, 'panic_boll_std': 1.75, 'panic_drop': 0.04, 'panic_tp': 0.015, 'panic_sl': 0.03}",51.3106,23.2655,23.7844,2.2505,13.49,126,0.8926,0.6,0.9782,-16.7374,114.25,147.1,163.55,"{'DOWN_PANIC': -918.18, 'TREND': 52228.78}","{'trend_position': 0.35, 'range_position': 0.25, 'panic_position': 0.15, 'trend_boll_std': 1.5, 'trend_stop': 0.1, 'range_rsi': 40, 'range_boll_std': 1.75, 'range_tp': 0.025, 'range_sl': 0.02, 'panic_rsi': 35, 'panic_boll_std': 1.75, 'panic_drop': 0.04, 'panic_tp': 0.015, 'panic_sl': 0.03}",
strategy,21.20547,"{'enter_spread': 0.005, 'exit_spread': 0.0025, 'slope_threshold': 0.0025, 'range_spread': 0.006, 'range_slope': 0.004, 'range_width': 0.1, 'panic_atr': 0.045, 'persistence': 1}","{'trend_position': 0.35, 'range_position': 0.25, 'panic_position': 0.15, 'trend_boll_std': 1.5, 'trend_stop': 0.1, 'range_rsi': 40, 'range_boll_std': 1.75, 'range_tp': 0.025, 'range_sl': 0.02, 'panic_rsi': 35, 'panic_boll_std': 1.75, 'panic_drop': 0.06, 'panic_tp': 0.015, 'panic_sl': 0.03}",51.7265,23.4365,23.7983,2.2761,13.01,123,0.8975,0.5983,0.9848,-16.7374,113.58,146.19,162.57,"{'DOWN_PANIC': -621.15, 'TREND': 52347.64}","{'trend_position': 0.35, 'range_position': 0.25, 'panic_position': 0.15, 'trend_boll_std': 1.5, 'trend_stop': 0.1, 'range_rsi': 40, 'range_boll_std': 1.75, 'range_tp': 0.025, 'range_sl': 0.02, 'panic_rsi': 35, 'panic_boll_std': 1.75, 'panic_drop': 0.06, 'panic_tp': 0.015, 'panic_sl': 0.03}",
strategy,22.65981,"{'enter_spread': 0.005, 'exit_spread': 0.0025, 'slope_threshold': 0.0025, 'range_spread': 0.006, 'range_slope': 0.004, 'range_width': 0.1, 'panic_atr': 0.045, 'persistence': 1}","{'trend_position': 0.35, 'range_position': 0.25, 'panic_position': 0.15, 'trend_boll_std': 1.5, 'trend_stop': 0.1, 'range_rsi': 45, 'range_boll_std': 1.75, 'range_tp': 0.015, 'range_sl': 0.02, 'panic_rsi': 35, 'panic_boll_std': 1.75, 'panic_drop': 0.04, 'panic_tp': 0.015, 'panic_sl': 0.03}",52.9315,23.9306,23.7959,2.2878,14.17,127,0.9117,0.6133,1.0057,-16.7374,111.99,143.84,159.79,"{'DOWN_PANIC': -920.75, 'RANGE': 1034.25, 'TREND': 52817.98}","{'trend_position': 0.35, 'range_position': 0.25, 'panic_position': 0.15, 'trend_boll_std': 1.5, 'trend_stop': 0.1, 'range_rsi': 45, 'range_boll_std': 1.75, 'range_tp': 0.015, 'range_sl': 0.02, 'panic_rsi': 35, 'panic_boll_std': 1.75, 'panic_drop': 0.04, 'panic_tp': 0.015, 'panic_sl': 0.03}",
strategy,23.059869999999997,"{'enter_spread': 0.005, 'exit_spread': 0.0025, 'slope_threshold': 0.0025, 'range_spread': 0.006, 'range_slope': 0.004, 'range_width': 0.1, 'panic_atr': 0.045, 'persistence': 1}","{'trend_position': 0.35, 'range_position': 0.25, 'panic_position': 0.15, 'trend_boll_std': 1.5, 'trend_stop': 0.1, 'range_rsi': 45, 'range_boll_std': 1.75, 'range_tp': 0.015, 'range_sl': 0.02, 'panic_rsi': 35, 'panic_boll_std': 1.75, 'panic_drop': 0.06, 'panic_tp': 0.015, 'panic_sl': 0.03}",53.2178,24.0477,23.7823,2.3106,13.71,124,0.9156,0.6109,1.0112,-16.7374,111.39,143.08,159.01,"{'DOWN_PANIC': -621.15, 'RANGE': 1036.44, 'TREND': 52802.52}","{'trend_position': 0.35, 'range_position': 0.25, 'panic_position': 0.15, 'trend_boll_std': 1.5, 'trend_stop': 0.1, 'range_rsi': 45, 'range_boll_std': 1.75, 'range_tp': 0.015, 'range_sl': 0.02, 'panic_rsi': 35, 'panic_boll_std': 1.75, 'panic_drop': 0.06, 'panic_tp': 0.015, 'panic_sl': 0.03}",
strategy,22.65981,"{'enter_spread': 0.005, 'exit_spread': 0.0025, 'slope_threshold': 0.0025, 'range_spread': 0.006, 'range_slope': 0.004, 'range_width': 0.1, 'panic_atr': 0.045, 'persistence': 1}","{'trend_position': 0.35, 'range_position': 0.25, 'panic_position': 0.15, 'trend_boll_std': 1.5, 'trend_stop': 0.1, 'range_rsi': 45, 'range_boll_std': 1.75, 'range_tp': 0.025, 'range_sl': 0.02, 'panic_rsi': 35, 'panic_boll_std': 1.75, 'panic_drop': 0.04, 'panic_tp': 0.015, 'panic_sl': 0.03}",52.9315,23.9306,23.7959,2.2878,14.17,127,0.9117,0.6133,1.0057,-16.7374,111.99,143.84,159.79,"{'DOWN_PANIC': -920.75, 'RANGE': 1034.25, 'TREND': 52817.98}","{'trend_position': 0.35, 'range_position': 0.25, 'panic_position': 0.15, 'trend_boll_std': 1.5, 'trend_stop': 0.1, 'range_rsi': 45, 'range_boll_std': 1.75, 'range_tp': 0.025, 'range_sl': 0.02, 'panic_rsi': 35, 'panic_boll_std': 1.75, 'panic_drop': 0.04, 'panic_tp': 0.015, 'panic_sl': 0.03}",
strategy,23.059869999999997,"{'enter_spread': 0.005, 'exit_spread': 0.0025, 'slope_threshold': 0.0025, 'range_spread': 0.006, 'range_slope': 0.004, 'range_width': 0.1, 'panic_atr': 0.045, 'persistence': 1}","{'trend_position': 0.35, 'range_position': 0.25, 'panic_position': 0.15, 'trend_boll_std': 1.5, 'trend_stop': 0.1, 'range_rsi': 45, 'range_boll_std': 1.75, 'range_tp': 0.025, 'range_sl': 0.02, 'panic_rsi': 35, 'panic_boll_std': 1.75, 'panic_drop': 0.06, 'panic_tp': 0.015, 'panic_sl': 0.03}",53.2178,24.0477,23.7823,2.3106,13.71,124,0.9156,0.6109,1.0112,-16.7374,111.39,143.08,159.01,"{'DOWN_PANIC': -621.15, 'RANGE': 1036.44, 'TREND': 52802.52}","{'trend_position': 0.35, 'range_position': 0.25, 'panic_position': 0.15, 'trend_boll_std': 1.5, 'trend_stop': 0.1, 'range_rsi': 45, 'range_boll_std': 1.75, 'range_tp': 0.025, 'range_sl': 0.02, 'panic_rsi': 35, 'panic_boll_std': 1.75, 'panic_drop': 0.06, 'panic_tp': 0.015, 'panic_sl': 0.03}",
strategy,20.168709999999994,"{'enter_spread': 0.005, 'exit_spread': 0.0025, 'slope_threshold': 0.0025, 'range_spread': 0.006, 'range_slope': 0.004, 'range_width': 0.1, 'panic_atr': 0.045, 'persistence': 1}","{'trend_position': 0.35, 'range_position': 0.25, 'panic_position': 0.2, 'trend_boll_std': 1.5, 'trend_stop': 0.1, 'range_rsi': 35, 'range_boll_std': 1.75, 'range_tp': 0.015, 'range_sl': 0.02, 'panic_rsi': 35, 'panic_boll_std': 1.75, 'panic_drop': 0.04, 'panic_tp': 0.015, 'panic_sl': 0.03}",50.9135,23.102,23.7859,2.2197,13.49,126,0.8875,0.5966,0.9712,-16.7374,114.88,148.0,164.59,"{'DOWN_PANIC': -1231.29, 'TREND': 52144.75}","{'trend_position': 0.35, 'range_position': 0.25, 'panic_position': 0.2, 'trend_boll_std': 1.5, 'trend_stop': 0.1, 'range_rsi': 35, 'range_boll_std': 1.75, 'range_tp': 0.015, 'range_sl': 0.02, 'panic_rsi': 35, 'panic_boll_std': 1.75, 'panic_drop': 0.04, 'panic_tp': 0.015, 'panic_sl': 0.03}",
strategy,20.78146999999999,"{'enter_spread': 0.005, 'exit_spread': 0.0025, 'slope_threshold': 0.0025, 'range_spread': 0.006, 'range_slope': 0.004, 'range_width': 0.1, 'panic_atr': 0.045, 'persistence': 1}","{'trend_position': 0.35, 'range_position': 0.25, 'panic_position': 0.2, 'trend_boll_std': 1.5, 'trend_stop': 0.1, 'range_rsi': 35, 'range_boll_std': 1.75, 'range_tp': 0.015, 'range_sl': 0.02, 'panic_rsi': 35, 'panic_boll_std': 1.75, 'panic_drop': 0.06, 'panic_tp': 0.015, 'panic_sl': 0.03}",51.3963,23.3007,23.7953,2.25,13.01,123,0.8932,0.5952,0.9792,-16.7374,114.06,146.9,163.42,"{'DOWN_PANIC': -832.51, 'TREND': 52228.83}","{'trend_position': 0.35, 'range_position': 0.25, 'panic_position': 0.2, 'trend_boll_std': 1.5, 'trend_stop': 0.1, 'range_rsi': 35, 'range_boll_std': 1.75, 'range_tp': 0.015, 'range_sl': 0.02, 'panic_rsi': 35, 'panic_boll_std': 1.75, 'panic_drop': 0.06, 'panic_tp': 0.015, 'panic_sl': 0.03}",
strategy,20.168709999999994,"{'enter_spread': 0.005, 'exit_spread': 0.0025, 'slope_threshold': 0.0025, 'range_spread': 0.006, 'range_slope': 0.004, 'range_width': 0.1, 'panic_atr': 0.045, 'persistence': 1}","{'trend_position': 0.35, 'range_position': 0.25, 'panic_position': 0.2, 'trend_boll_std': 1.5, 'trend_stop': 0.1, 'range_rsi': 35, 'range_boll_std': 1.75, 'range_tp': 0.025, 'range_sl': 0.02, 'panic_rsi': 35, 'panic_boll_std': 1.75, 'panic_drop': 0.04, 'panic_tp': 0.015, 'panic_sl': 0.03}",50.9135,23.102,23.7859,2.2197,13.49,126,0.8875,0.5966,0.9712,-16.7374,114.88,148.0,164.59,"{'DOWN_PANIC': -1231.29, 'TREND': 52144.75}","{'trend_position': 0.35, 'range_position': 0.25, 'panic_position': 0.2, 'trend_boll_std': 1.5, 'trend_stop': 0.1, 'range_rsi': 35, 'range_boll_std': 1.75, 'range_tp': 0.025, 'range_sl': 0.02, 'panic_rsi': 35, 'panic_boll_std': 1.75, 'panic_drop': 0.04, 'panic_tp': 0.015, 'panic_sl': 0.03}",
strategy,20.78146999999999,"{'enter_spread': 0.005, 'exit_spread': 0.0025, 'slope_threshold': 0.0025, 'range_spread': 0.006, 'range_slope': 0.004, 'range_width': 0.1, 'panic_atr': 0.045, 'persistence': 1}","{'trend_position': 0.35, 'range_position': 0.25, 'panic_position': 0.2, 'trend_boll_std': 1.5, 'trend_stop': 0.1, 'range_rsi': 35, 'range_boll_std': 1.75, 'range_tp': 0.025, 'range_sl': 0.02, 'panic_rsi': 35, 'panic_boll_std': 1.75, 'panic_drop': 0.06, 'panic_tp': 0.015, 'panic_sl': 0.03}",51.3963,23.3007,23.7953,2.25,13.01,123,0.8932,0.5952,0.9792,-16.7374,114.06,146.9,163.42,"{'DOWN_PANIC': -832.51, 'TREND': 52228.83}","{'trend_position': 0.35, 'range_position': 0.25, 'panic_position': 0.2, 'trend_boll_std': 1.5, 'trend_stop': 0.1, 'range_rsi': 35, 'range_boll_std': 1.75, 'range_tp': 0.025, 'range_sl': 0.02, 'panic_rsi': 35, 'panic_boll_std': 1.75, 'panic_drop': 0.06, 'panic_tp': 0.015, 'panic_sl': 0.03}",
strategy,20.168709999999994,"{'enter_spread': 0.005, 'exit_spread': 0.0025, 'slope_threshold': 0.0025, 'range_spread': 0.006, 'range_slope': 0.004, 'range_width': 0.1, 'panic_atr': 0.045, 'persistence': 1}","{'trend_position': 0.35, 'range_position': 0.25, 'panic_position': 0.2, 'trend_boll_std': 1.5, 'trend_stop': 0.1, 'range_rsi': 40, 'range_boll_std': 1.75, 'range_tp': 0.015, 'range_sl': 0.02, 'panic_rsi': 35, 'panic_boll_std': 1.75, 'panic_drop': 0.04, 'panic_tp': 0.015, 'panic_sl': 0.03}",50.9135,23.102,23.7859,2.2197,13.49,126,0.8875,0.5966,0.9712,-16.7374,114.88,148.0,164.59,"{'DOWN_PANIC': -1231.29, 'TREND': 52144.75}","{'trend_position': 0.35, 'range_position': 0.25, 'panic_position': 0.2, 'trend_boll_std': 1.5, 'trend_stop': 0.1, 'range_rsi': 40, 'range_boll_std': 1.75, 'range_tp': 0.015, 'range_sl': 0.02, 'panic_rsi': 35, 'panic_boll_std': 1.75, 'panic_drop': 0.04, 'panic_tp': 0.015, 'panic_sl': 0.03}",
strategy,20.78146999999999,"{'enter_spread': 0.005, 'exit_spread': 0.0025, 'slope_threshold': 0.0025, 'range_spread': 0.006, 'range_slope': 0.004, 'range_width': 0.1, 'panic_atr': 0.045, 'persistence': 1}","{'trend_position': 0.35, 'range_position': 0.25, 'panic_position': 0.2, 'trend_boll_std': 1.5, 'trend_stop': 0.1, 'range_rsi': 40, 'range_boll_std': 1.75, 'range_tp': 0.015, 'range_sl': 0.02, 'panic_rsi': 35, 'panic_boll_std': 1.75, 'panic_drop': 0.06, 'panic_tp': 0.015, 'panic_sl': 0.03}",51.3963,23.3007,23.7953,2.25,13.01,123,0.8932,0.5952,0.9792,-16.7374,114.06,146.9,163.42,"{'DOWN_PANIC': -832.51, 'TREND': 52228.83}","{'trend_position': 0.35, 'range_position': 0.25, 'panic_position': 0.2, 'trend_boll_std': 1.5, 'trend_stop': 0.1, 'range_rsi': 40, 'range_boll_std': 1.75, 'range_tp': 0.015, 'range_sl': 0.02, 'panic_rsi': 35, 'panic_boll_std': 1.75, 'panic_drop': 0.06, 'panic_tp': 0.015, 'panic_sl': 0.03}",
strategy,20.168709999999994,"{'enter_spread': 0.005, 'exit_spread': 0.0025, 'slope_threshold': 0.0025, 'range_spread': 0.006, 'range_slope': 0.004, 'range_width': 0.1, 'panic_atr': 0.045, 'persistence': 1}","{'trend_position': 0.35, 'range_position': 0.25, 'panic_position': 0.2, 'trend_boll_std': 1.5, 'trend_stop': 0.1, 'range_rsi': 40, 'range_boll_std': 1.75, 'range_tp': 0.025, 'range_sl': 0.02, 'panic_rsi': 35, 'panic_boll_std': 1.75, 'panic_drop': 0.04, 'panic_tp': 0.015, 'panic_sl': 0.03}",50.9135,23.102,23.7859,2.2197,13.49,126,0.8875,0.5966,0.9712,-16.7374,114.88,148.0,164.59,"{'DOWN_PANIC': -1231.29, 'TREND': 52144.75}","{'trend_position': 0.35, 'range_position': 0.25, 'panic_position': 0.2, 'trend_boll_std': 1.5, 'trend_stop': 0.1, 'range_rsi': 40, 'range_boll_std': 1.75, 'range_tp': 0.025, 'range_sl': 0.02, 'panic_rsi': 35, 'panic_boll_std': 1.75, 'panic_drop': 0.04, 'panic_tp': 0.015, 'panic_sl': 0.03}",
strategy,20.78146999999999,"{'enter_spread': 0.005, 'exit_spread': 0.0025, 'slope_threshold': 0.0025, 'range_spread': 0.006, 'range_slope': 0.004, 'range_width': 0.1, 'panic_atr': 0.045, 'persistence': 1}","{'trend_position': 0.35, 'range_position': 0.25, 'panic_position': 0.2, 'trend_boll_std': 1.5, 'trend_stop': 0.1, 'range_rsi': 40, 'range_boll_std': 1.75, 'range_tp': 0.025, 'range_sl': 0.02, 'panic_rsi': 35, 'panic_boll_std': 1.75, 'panic_drop': 0.06, 'panic_tp': 0.015, 'panic_sl': 0.03}",51.3963,23.3007,23.7953,2.25,13.01,123,0.8932,0.5952,0.9792,-16.7374,114.06,146.9,163.42,"{'DOWN_PANIC': -832.51, 'TREND': 52228.83}","{'trend_position': 0.35, 'range_position': 0.25, 'panic_position': 0.2, 'trend_boll_std': 1.5, 'trend_stop': 0.1, 'range_rsi': 40, 'range_boll_std': 1.75, 'range_tp': 0.025, 'range_sl': 0.02, 'panic_rsi': 35, 'panic_boll_std': 1.75, 'panic_drop': 0.06, 'panic_tp': 0.015, 'panic_sl': 0.03}",
strategy,22.101599999999998,"{'enter_spread': 0.005, 'exit_spread': 0.0025, 'slope_threshold': 0.0025, 'range_spread': 0.006, 'range_slope': 0.004, 'range_width': 0.1, 'panic_atr': 0.045, 'persistence': 1}","{'trend_position': 0.35, 'range_position': 0.25, 'panic_position': 0.2, 'trend_boll_std': 1.5, 'trend_stop': 0.1, 'range_rsi': 45, 'range_boll_std': 1.75, 'range_tp': 0.015, 'range_sl': 0.02, 'panic_rsi': 35, 'panic_boll_std': 1.75, 'panic_drop': 0.04, 'panic_tp': 0.015, 'panic_sl': 0.03}",52.5026,23.7549,23.798,2.2548,14.17,127,0.906,0.6095,0.9982,-16.7374,112.66,144.78,160.86,"{'DOWN_PANIC': -1233.0, 'RANGE': 1032.06, 'TREND': 52703.52}","{'trend_position': 0.35, 'range_position': 0.25, 'panic_position': 0.2, 'trend_boll_std': 1.5, 'trend_stop': 0.1, 'range_rsi': 45, 'range_boll_std': 1.75, 'range_tp': 0.015, 'range_sl': 0.02, 'panic_rsi': 35, 'panic_boll_std': 1.75, 'panic_drop': 0.04, 'panic_tp': 0.015, 'panic_sl': 0.03}",
strategy,22.635839999999995,"{'enter_spread': 0.005, 'exit_spread': 0.0025, 'slope_threshold': 0.0025, 'range_spread': 0.006, 'range_slope': 0.004, 'range_width': 0.1, 'panic_atr': 0.045, 'persistence': 1}","{'trend_position': 0.35, 'range_position': 0.25, 'panic_position': 0.2, 'trend_boll_std': 1.5, 'trend_stop': 0.1, 'range_rsi': 45, 'range_boll_std': 1.75, 'range_tp': 0.015, 'range_sl': 0.02, 'panic_rsi': 35, 'panic_boll_std': 1.75, 'panic_drop': 0.06, 'panic_tp': 0.015, 'panic_sl': 0.03}",52.8854,23.9118,23.7796,2.284,13.71,124,0.9112,0.6078,1.0056,-16.7374,111.84,143.76,159.81,"{'DOWN_PANIC': -832.51, 'RANGE': 1034.25, 'TREND': 52683.71}","{'trend_position': 0.35, 'range_position': 0.25, 'panic_position': 0.2, 'trend_boll_std': 1.5, 'trend_stop': 0.1, 'range_rsi': 45, 'range_boll_std': 1.75, 'range_tp': 0.015, 'range_sl': 0.02, 'panic_rsi': 35, 'panic_boll_std': 1.75, 'panic_drop': 0.06, 'panic_tp': 0.015, 'panic_sl': 0.03}",
strategy,22.101599999999998,"{'enter_spread': 0.005, 'exit_spread': 0.0025, 'slope_threshold': 0.0025, 'range_spread': 0.006, 'range_slope': 0.004, 'range_width': 0.1, 'panic_atr': 0.045, 'persistence': 1}","{'trend_position': 0.35, 'range_position': 0.25, 'panic_position': 0.2, 'trend_boll_std': 1.5, 'trend_stop': 0.1, 'range_rsi': 45, 'range_boll_std': 1.75, 'range_tp': 0.025, 'range_sl': 0.02, 'panic_rsi': 35, 'panic_boll_std': 1.75, 'panic_drop': 0.04, 'panic_tp': 0.015, 'panic_sl': 0.03}",52.5026,23.7549,23.798,2.2548,14.17,127,0.906,0.6095,0.9982,-16.7374,112.66,144.78,160.86,"{'DOWN_PANIC': -1233.0, 'RANGE': 1032.06, 'TREND': 52703.52}","{'trend_position': 0.35, 'range_position': 0.25, 'panic_position': 0.2, 'trend_boll_std': 1.5, 'trend_stop': 0.1, 'range_rsi': 45, 'range_boll_std': 1.75, 'range_tp': 0.025, 'range_sl': 0.02, 'panic_rsi': 35, 'panic_boll_std': 1.75, 'panic_drop': 0.04, 'panic_tp': 0.015, 'panic_sl': 0.03}",
strategy,22.635839999999995,"{'enter_spread': 0.005, 'exit_spread': 0.0025, 'slope_threshold': 0.0025, 'range_spread': 0.006, 'range_slope': 0.004, 'range_width': 0.1, 'panic_atr': 0.045, 'persistence': 1}","{'trend_position': 0.35, 'range_position': 0.25, 'panic_position': 0.2, 'trend_boll_std': 1.5, 'trend_stop': 0.1, 'range_rsi': 45, 'range_boll_std': 1.75, 'range_tp': 0.025, 'range_sl': 0.02, 'panic_rsi': 35, 'panic_boll_std': 1.75, 'panic_drop': 0.06, 'panic_tp': 0.015, 'panic_sl': 0.03}",52.8854,23.9118,23.7796,2.284,13.71,124,0.9112,0.6078,1.0056,-16.7374,111.84,143.76,159.81,"{'DOWN_PANIC': -832.51, 'RANGE': 1034.25, 'TREND': 52683.71}","{'trend_position': 0.35, 'range_position': 0.25, 'panic_position': 0.2, 'trend_boll_std': 1.5, 'trend_stop': 0.1, 'range_rsi': 45, 'range_boll_std': 1.75, 'range_tp': 0.025, 'range_sl': 0.02, 'panic_rsi': 35, 'panic_boll_std': 1.75, 'panic_drop': 0.06, 'panic_tp': 0.015, 'panic_sl': 0.03}",
strategy,25.39566,"{'enter_spread': 0.005, 'exit_spread': 0.0025, 'slope_threshold': 0.0025, 'range_spread': 0.006, 'range_slope': 0.004, 'range_width': 0.1, 'panic_atr': 0.045, 'persistence': 1}","{'trend_position': 0.4, 'range_position': 0.2, 'panic_position': 0.15, 'trend_boll_std': 1.5, 'trend_stop': 0.1, 'range_rsi': 35, 'range_boll_std': 1.75, 'range_tp': 0.015, 'range_sl': 0.02, 'panic_rsi': 35, 'panic_boll_std': 1.75, 'panic_drop': 0.04, 'panic_tp': 0.015, 'panic_sl': 0.03}",57.9694,25.9759,25.4274,2.2314,13.49,126,0.9038,0.6116,1.0216,-16.7374,115.21,148.35,164.95,"{'DOWN_PANIC': -927.8, 'TREND': 58897.16}","{'trend_position': 0.4, 'range_position': 0.2, 'panic_position': 0.15, 'trend_boll_std': 1.5, 'trend_stop': 0.1, 'range_rsi': 35, 'range_boll_std': 1.75, 'range_tp': 0.015, 'range_sl': 0.02, 'panic_rsi': 35, 'panic_boll_std': 1.75, 'panic_drop': 0.04, 'panic_tp': 0.015, 'panic_sl': 0.03}",
strategy,25.90896999999999,"{'enter_spread': 0.005, 'exit_spread': 0.0025, 'slope_threshold': 0.0025, 'range_spread': 0.006, 'range_slope': 0.004, 'range_width': 0.1, 'panic_atr': 0.045, 'persistence': 1}","{'trend_position': 0.4, 'range_position': 0.2, 'panic_position': 0.15, 'trend_boll_std': 1.5, 'trend_stop': 0.1, 'range_rsi': 35, 'range_boll_std': 1.75, 'range_tp': 0.015, 'range_sl': 0.02, 'panic_rsi': 35, 'panic_boll_std': 1.75, 'panic_drop': 0.06, 'panic_tp': 0.015, 'panic_sl': 0.03}",58.3897,26.1451,25.4383,2.2534,13.01,123,0.9082,0.6096,1.0278,-16.7374,114.61,147.52,164.06,"{'DOWN_PANIC': -620.74, 'TREND': 59010.41}","{'trend_position': 0.4, 'range_position': 0.2, 'panic_position': 0.15, 'trend_boll_std': 1.5, 'trend_stop': 0.1, 'range_rsi': 35, 'range_boll_std': 1.75, 'range_tp': 0.015, 'range_sl': 0.02, 'panic_rsi': 35, 'panic_boll_std': 1.75, 'panic_drop': 0.06, 'panic_tp': 0.015, 'panic_sl': 0.03}",
strategy,25.39566,"{'enter_spread': 0.005, 'exit_spread': 0.0025, 'slope_threshold': 0.0025, 'range_spread': 0.006, 'range_slope': 0.004, 'range_width': 0.1, 'panic_atr': 0.045, 'persistence': 1}","{'trend_position': 0.4, 'range_position': 0.2, 'panic_position': 0.15, 'trend_boll_std': 1.5, 'trend_stop': 0.1, 'range_rsi': 35, 'range_boll_std': 1.75, 'range_tp': 0.025, 'range_sl': 0.02, 'panic_rsi': 35, 'panic_boll_std': 1.75, 'panic_drop': 0.04, 'panic_tp': 0.015, 'panic_sl': 0.03}",57.9694,25.9759,25.4274,2.2314,13.49,126,0.9038,0.6116,1.0216,-16.7374,115.21,148.35,164.95,"{'DOWN_PANIC': -927.8, 'TREND': 58897.16}","{'trend_position': 0.4, 'range_position': 0.2, 'panic_position': 0.15, 'trend_boll_std': 1.5, 'trend_stop': 0.1, 'range_rsi': 35, 'range_boll_std': 1.75, 'range_tp': 0.025, 'range_sl': 0.02, 'panic_rsi': 35, 'panic_boll_std': 1.75, 'panic_drop': 0.04, 'panic_tp': 0.015, 'panic_sl': 0.03}",
strategy,25.90896999999999,"{'enter_spread': 0.005, 'exit_spread': 0.0025, 'slope_threshold': 0.0025, 'range_spread': 0.006, 'range_slope': 0.004, 'range_width': 0.1, 'panic_atr': 0.045, 'persistence': 1}","{'trend_position': 0.4, 'range_position': 0.2, 'panic_position': 0.15, 'trend_boll_std': 1.5, 'trend_stop': 0.1, 'range_rsi': 35, 'range_boll_std': 1.75, 'range_tp': 0.025, 'range_sl': 0.02, 'panic_rsi': 35, 'panic_boll_std': 1.75, 'panic_drop': 0.06, 'panic_tp': 0.015, 'panic_sl': 0.03}",58.3897,26.1451,25.4383,2.2534,13.01,123,0.9082,0.6096,1.0278,-16.7374,114.61,147.52,164.06,"{'DOWN_PANIC': -620.74, 'TREND': 59010.41}","{'trend_position': 0.4, 'range_position': 0.2, 'panic_position': 0.15, 'trend_boll_std': 1.5, 'trend_stop': 0.1, 'range_rsi': 35, 'range_boll_std': 1.75, 'range_tp': 0.025, 'range_sl': 0.02, 'panic_rsi': 35, 'panic_boll_std': 1.75, 'panic_drop': 0.06, 'panic_tp': 0.015, 'panic_sl': 0.03}",
strategy,25.39566,"{'enter_spread': 0.005, 'exit_spread': 0.0025, 'slope_threshold': 0.0025, 'range_spread': 0.006, 'range_slope': 0.004, 'range_width': 0.1, 'panic_atr': 0.045, 'persistence': 1}","{'trend_position': 0.4, 'range_position': 0.2, 'panic_position': 0.15, 'trend_boll_std': 1.5, 'trend_stop': 0.1, 'range_rsi': 40, 'range_boll_std': 1.75, 'range_tp': 0.015, 'range_sl': 0.02, 'panic_rsi': 35, 'panic_boll_std': 1.75, 'panic_drop': 0.04, 'panic_tp': 0.015, 'panic_sl': 0.03}",57.9694,25.9759,25.4274,2.2314,13.49,126,0.9038,0.6116,1.0216,-16.7374,115.21,148.35,164.95,"{'DOWN_PANIC': -927.8, 'TREND': 58897.16}","{'trend_position': 0.4, 'range_position': 0.2, 'panic_position': 0.15, 'trend_boll_std': 1.5, 'trend_stop': 0.1, 'range_rsi': 40, 'range_boll_std': 1.75, 'range_tp': 0.015, 'range_sl': 0.02, 'panic_rsi': 35, 'panic_boll_std': 1.75, 'panic_drop': 0.04, 'panic_tp': 0.015, 'panic_sl': 0.03}",
strategy,25.90896999999999,"{'enter_spread': 0.005, 'exit_spread': 0.0025, 'slope_threshold': 0.0025, 'range_spread': 0.006, 'range_slope': 0.004, 'range_width': 0.1, 'panic_atr': 0.045, 'persistence': 1}","{'trend_position': 0.4, 'range_position': 0.2, 'panic_position': 0.15, 'trend_boll_std': 1.5, 'trend_stop': 0.1, 'range_rsi': 40, 'range_boll_std': 1.75, 'range_tp': 0.015, 'range_sl': 0.02, 'panic_rsi': 35, 'panic_boll_std': 1.75, 'panic_drop': 0.06, 'panic_tp': 0.015, 'panic_sl': 0.03}",58.3897,26.1451,25.4383,2.2534,13.01,123,0.9082,0.6096,1.0278,-16.7374,114.61,147.52,164.06,"{'DOWN_PANIC': -620.74, 'TREND': 59010.41}","{'trend_position': 0.4, 'range_position': 0.2, 'panic_position': 0.15, 'trend_boll_std': 1.5, 'trend_stop': 0.1, 'range_rsi': 40, 'range_boll_std': 1.75, 'range_tp': 0.015, 'range_sl': 0.02, 'panic_rsi': 35, 'panic_boll_std': 1.75, 'panic_drop': 0.06, 'panic_tp': 0.015, 'panic_sl': 0.03}",
strategy,25.39566,"{'enter_spread': 0.005, 'exit_spread': 0.0025, 'slope_threshold': 0.0025, 'range_spread': 0.006, 'range_slope': 0.004, 'range_width': 0.1, 'panic_atr': 0.045, 'persistence': 1}","{'trend_position': 0.4, 'range_position': 0.2, 'panic_position': 0.15, 'trend_boll_std': 1.5, 'trend_stop': 0.1, 'range_rsi': 40, 'range_boll_std': 1.75, 'range_tp': 0.025, 'range_sl': 0.02, 'panic_rsi': 35, 'panic_boll_std': 1.75, 'panic_drop': 0.04, 'panic_tp': 0.015, 'panic_sl': 0.03}",57.9694,25.9759,25.4274,2.2314,13.49,126,0.9038,0.6116,1.0216,-16.7374,115.21,148.35,164.95,"{'DOWN_PANIC': -927.8, 'TREND': 58897.16}","{'trend_position': 0.4, 'range_position': 0.2, 'panic_position': 0.15, 'trend_boll_std': 1.5, 'trend_stop': 0.1, 'range_rsi': 40, 'range_boll_std': 1.75, 'range_tp': 0.025, 'range_sl': 0.02, 'panic_rsi': 35, 'panic_boll_std': 1.75, 'panic_drop': 0.04, 'panic_tp': 0.015, 'panic_sl': 0.03}",
strategy,25.90896999999999,"{'enter_spread': 0.005, 'exit_spread': 0.0025, 'slope_threshold': 0.0025, 'range_spread': 0.006, 'range_slope': 0.004, 'range_width': 0.1, 'panic_atr': 0.045, 'persistence': 1}","{'trend_position': 0.4, 'range_position': 0.2, 'panic_position': 0.15, 'trend_boll_std': 1.5, 'trend_stop': 0.1, 'range_rsi': 40, 'range_boll_std': 1.75, 'range_tp': 0.025, 'range_sl': 0.02, 'panic_rsi': 35, 'panic_boll_std': 1.75, 'panic_drop': 0.06, 'panic_tp': 0.015, 'panic_sl': 0.03}",58.3897,26.1451,25.4383,2.2534,13.01,123,0.9082,0.6096,1.0278,-16.7374,114.61,147.52,164.06,"{'DOWN_PANIC': -620.74, 'TREND': 59010.41}","{'trend_position': 0.4, 'range_position': 0.2, 'panic_position': 0.15, 'trend_boll_std': 1.5, 'trend_stop': 0.1, 'range_rsi': 40, 'range_boll_std': 1.75, 'range_tp': 0.025, 'range_sl': 0.02, 'panic_rsi': 35, 'panic_boll_std': 1.75, 'panic_drop': 0.06, 'panic_tp': 0.015, 'panic_sl': 0.03}",
strategy,27.058049999999998,"{'enter_spread': 0.005, 'exit_spread': 0.0025, 'slope_threshold': 0.0025, 'range_spread': 0.006, 'range_slope': 0.004, 'range_width': 0.1, 'panic_atr': 0.045, 'persistence': 1}","{'trend_position': 0.4, 'range_position': 0.2, 'panic_position': 0.15, 'trend_boll_std': 1.5, 'trend_stop': 0.1, 'range_rsi': 45, 'range_boll_std': 1.75, 'range_tp': 0.015, 'range_sl': 0.02, 'panic_rsi': 35, 'panic_boll_std': 1.75, 'panic_drop': 0.04, 'panic_tp': 0.015, 'panic_sl': 0.03}",59.3838,26.5443,25.4475,2.2595,14.17,127,0.9181,0.6217,1.0431,-16.7374,113.58,145.93,162.13,"{'DOWN_PANIC': -929.52, 'RANGE': 826.53, 'TREND': 59486.79}","{'trend_position': 0.4, 'range_position': 0.2, 'panic_position': 0.15, 'trend_boll_std': 1.5, 'trend_stop': 0.1, 'range_rsi': 45, 'range_boll_std': 1.75, 'range_tp': 0.015, 'range_sl': 0.02, 'panic_rsi': 35, 'panic_boll_std': 1.75, 'panic_drop': 0.04, 'panic_tp': 0.015, 'panic_sl': 0.03}",
strategy,27.452179999999995,"{'enter_spread': 0.005, 'exit_spread': 0.0025, 'slope_threshold': 0.0025, 'range_spread': 0.006, 'range_slope': 0.004, 'range_width': 0.1, 'panic_atr': 0.045, 'persistence': 1}","{'trend_position': 0.4, 'range_position': 0.2, 'panic_position': 0.15, 'trend_boll_std': 1.5, 'trend_stop': 0.1, 'range_rsi': 45, 'range_boll_std': 1.75, 'range_tp': 0.015, 'range_sl': 0.02, 'panic_rsi': 35, 'panic_boll_std': 1.75, 'panic_drop': 0.06, 'panic_tp': 0.015, 'panic_sl': 0.03}",59.6738,26.6606,25.4342,2.279,13.71,124,0.9214,0.619,1.0482,-16.7374,113.03,145.23,161.41,"{'DOWN_PANIC': -620.74, 'RANGE': 828.71, 'TREND': 59465.84}","{'trend_position': 0.4, 'range_position': 0.2, 'panic_position': 0.15, 'trend_boll_std': 1.5, 'trend_stop': 0.1, 'range_rsi': 45, 'range_boll_std': 1.75, 'range_tp': 0.015, 'range_sl': 0.02, 'panic_rsi': 35, 'panic_boll_std': 1.75, 'panic_drop': 0.06, 'panic_tp': 0.015, 'panic_sl': 0.03}",
strategy,27.058049999999998,"{'enter_spread': 0.005, 'exit_spread': 0.0025, 'slope_threshold': 0.0025, 'range_spread': 0.006, 'range_slope': 0.004, 'range_width': 0.1, 'panic_atr': 0.045, 'persistence': 1}","{'trend_position': 0.4, 'range_position': 0.2, 'panic_position': 0.15, 'trend_boll_std': 1.5, 'trend_stop': 0.1, 'range_rsi': 45, 'range_boll_std': 1.75, 'range_tp': 0.025, 'range_sl': 0.02, 'panic_rsi': 35, 'panic_boll_std': 1.75, 'panic_drop': 0.04, 'panic_tp': 0.015, 'panic_sl': 0.03}",59.3838,26.5443,25.4475,2.2595,14.17,127,0.9181,0.6217,1.0431,-16.7374,113.58,145.93,162.13,"{'DOWN_PANIC': -929.52, 'RANGE': 826.53, 'TREND': 59486.79}","{'trend_position': 0.4, 'range_position': 0.2, 'panic_position': 0.15, 'trend_boll_std': 1.5, 'trend_stop': 0.1, 'range_rsi': 45, 'range_boll_std': 1.75, 'range_tp': 0.025, 'range_sl': 0.02, 'panic_rsi': 35, 'panic_boll_std': 1.75, 'panic_drop': 0.04, 'panic_tp': 0.015, 'panic_sl': 0.03}",
strategy,27.452179999999995,"{'enter_spread': 0.005, 'exit_spread': 0.0025, 'slope_threshold': 0.0025, 'range_spread': 0.006, 'range_slope': 0.004, 'range_width': 0.1, 'panic_atr': 0.045, 'persistence': 1}","{'trend_position': 0.4, 'range_position': 0.2, 'panic_position': 0.15, 'trend_boll_std': 1.5, 'trend_stop': 0.1, 'range_rsi': 45, 'range_boll_std': 1.75, 'range_tp': 0.025, 'range_sl': 0.02, 'panic_rsi': 35, 'panic_boll_std': 1.75, 'panic_drop': 0.06, 'panic_tp': 0.015, 'panic_sl': 0.03}",59.6738,26.6606,25.4342,2.279,13.71,124,0.9214,0.619,1.0482,-16.7374,113.03,145.23,161.41,"{'DOWN_PANIC': -620.74, 'RANGE': 828.71, 'TREND': 59465.84}","{'trend_position': 0.4, 'range_position': 0.2, 'panic_position': 0.15, 'trend_boll_std': 1.5, 'trend_stop': 0.1, 'range_rsi': 45, 'range_boll_std': 1.75, 'range_tp': 0.025, 'range_sl': 0.02, 'panic_rsi': 35, 'panic_boll_std': 1.75, 'panic_drop': 0.06, 'panic_tp': 0.015, 'panic_sl': 0.03}",
strategy,24.87267,"{'enter_spread': 0.005, 'exit_spread': 0.0025, 'slope_threshold': 0.0025, 'range_spread': 0.006, 'range_slope': 0.004, 'range_width': 0.1, 'panic_atr': 0.045, 'persistence': 1}","{'trend_position': 0.4, 'range_position': 0.2, 'panic_position': 0.2, 'trend_boll_std': 1.5, 'trend_stop': 0.1, 'range_rsi': 35, 'range_boll_std': 1.75, 'range_tp': 0.015, 'range_sl': 0.02, 'panic_rsi': 35, 'panic_boll_std': 1.75, 'panic_drop': 0.04, 'panic_tp': 0.015, 'panic_sl': 0.03}",57.563,25.8121,25.4333,2.2043,13.49,126,0.8992,0.6086,1.0149,-16.7374,115.8,149.18,165.89,"{'DOWN_PANIC': -1244.51, 'TREND': 58807.49}","{'trend_position': 0.4, 'range_position': 0.2, 'panic_position': 0.2, 'trend_boll_std': 1.5, 'trend_stop': 0.1, 'range_rsi': 35, 'range_boll_std': 1.75, 'range_tp': 0.015, 'range_sl': 0.02, 'panic_rsi': 35, 'panic_boll_std': 1.75, 'panic_drop': 0.04, 'panic_tp': 0.015, 'panic_sl': 0.03}",
strategy,25.496169999999996,"{'enter_spread': 0.005, 'exit_spread': 0.0025, 'slope_threshold': 0.0025, 'range_spread': 0.006, 'range_slope': 0.004, 'range_width': 0.1, 'panic_atr': 0.045, 'persistence': 1}","{'trend_position': 0.4, 'range_position': 0.2, 'panic_position': 0.2, 'trend_boll_std': 1.5, 'trend_stop': 0.1, 'range_rsi': 35, 'range_boll_std': 1.75, 'range_tp': 0.015, 'range_sl': 0.02, 'panic_rsi': 35, 'panic_boll_std': 1.75, 'panic_drop': 0.06, 'panic_tp': 0.015, 'panic_sl': 0.03}",58.0632,26.0137,25.4383,2.2311,13.01,123,0.9044,0.607,1.0226,-16.7374,115.03,148.16,164.81,"{'DOWN_PANIC': -829.8, 'TREND': 58893.03}","{'trend_position': 0.4, 'range_position': 0.2, 'panic_position': 0.2, 'trend_boll_std': 1.5, 'trend_stop': 0.1, 'range_rsi': 35, 'range_boll_std': 1.75, 'range_tp': 0.015, 'range_sl': 0.02, 'panic_rsi': 35, 'panic_boll_std': 1.75, 'panic_drop': 0.06, 'panic_tp': 0.015, 'panic_sl': 0.03}",
strategy,24.87267,"{'enter_spread': 0.005, 'exit_spread': 0.0025, 'slope_threshold': 0.0025, 'range_spread': 0.006, 'range_slope': 0.004, 'range_width': 0.1, 'panic_atr': 0.045, 'persistence': 1}","{'trend_position': 0.4, 'range_position': 0.2, 'panic_position': 0.2, 'trend_boll_std': 1.5, 'trend_stop': 0.1, 'range_rsi': 35, 'range_boll_std': 1.75, 'range_tp': 0.025, 'range_sl': 0.02, 'panic_rsi': 35, 'panic_boll_std': 1.75, 'panic_drop': 0.04, 'panic_tp': 0.015, 'panic_sl': 0.03}",57.563,25.8121,25.4333,2.2043,13.49,126,0.8992,0.6086,1.0149,-16.7374,115.8,149.18,165.89,"{'DOWN_PANIC': -1244.51, 'TREND': 58807.49}","{'trend_position': 0.4, 'range_position': 0.2, 'panic_position': 0.2, 'trend_boll_std': 1.5, 'trend_stop': 0.1, 'range_rsi': 35, 'range_boll_std': 1.75, 'range_tp': 0.025, 'range_sl': 0.02, 'panic_rsi': 35, 'panic_boll_std': 1.75, 'panic_drop': 0.04, 'panic_tp': 0.015, 'panic_sl': 0.03}",
strategy,25.496169999999996,"{'enter_spread': 0.005, 'exit_spread': 0.0025, 'slope_threshold': 0.0025, 'range_spread': 0.006, 'range_slope': 0.004, 'range_width': 0.1, 'panic_atr': 0.045, 'persistence': 1}","{'trend_position': 0.4, 'range_position': 0.2, 'panic_position': 0.2, 'trend_boll_std': 1.5, 'trend_stop': 0.1, 'range_rsi': 35, 'range_boll_std': 1.75, 'range_tp': 0.025, 'range_sl': 0.02, 'panic_rsi': 35, 'panic_boll_std': 1.75, 'panic_drop': 0.06, 'panic_tp': 0.015, 'panic_sl': 0.03}",58.0632,26.0137,25.4383,2.2311,13.01,123,0.9044,0.607,1.0226,-16.7374,115.03,148.16,164.81,"{'DOWN_PANIC': -829.8, 'TREND': 58893.03}","{'trend_position': 0.4, 'range_position': 0.2, 'panic_position': 0.2, 'trend_boll_std': 1.5, 'trend_stop': 0.1, 'range_rsi': 35, 'range_boll_std': 1.75, 'range_tp': 0.025, 'range_sl': 0.02, 'panic_rsi': 35, 'panic_boll_std': 1.75, 'panic_drop': 0.06, 'panic_tp': 0.015, 'panic_sl': 0.03}",
strategy,24.87267,"{'enter_spread': 0.005, 'exit_spread': 0.0025, 'slope_threshold': 0.0025, 'range_spread': 0.006, 'range_slope': 0.004, 'range_width': 0.1, 'panic_atr': 0.045, 'persistence': 1}","{'trend_position': 0.4, 'range_position': 0.2, 'panic_position': 0.2, 'trend_boll_std': 1.5, 'trend_stop': 0.1, 'range_rsi': 40, 'range_boll_std': 1.75, 'range_tp': 0.015, 'range_sl': 0.02, 'panic_rsi': 35, 'panic_boll_std': 1.75, 'panic_drop': 0.04, 'panic_tp': 0.015, 'panic_sl': 0.03}",57.563,25.8121,25.4333,2.2043,13.49,126,0.8992,0.6086,1.0149,-16.7374,115.8,149.18,165.89,"{'DOWN_PANIC': -1244.51, 'TREND': 58807.49}","{'trend_position': 0.4, 'range_position': 0.2, 'panic_position': 0.2, 'trend_boll_std': 1.5, 'trend_stop': 0.1, 'range_rsi': 40, 'range_boll_std': 1.75, 'range_tp': 0.015, 'range_sl': 0.02, 'panic_rsi': 35, 'panic_boll_std': 1.75, 'panic_drop': 0.04, 'panic_tp': 0.015, 'panic_sl': 0.03}",
strategy,25.496169999999996,"{'enter_spread': 0.005, 'exit_spread': 0.0025, 'slope_threshold': 0.0025, 'range_spread': 0.006, 'range_slope': 0.004, 'range_width': 0.1, 'panic_atr': 0.045, 'persistence': 1}","{'trend_position': 0.4, 'range_position': 0.2, 'panic_position': 0.2, 'trend_boll_std': 1.5, 'trend_stop': 0.1, 'range_rsi': 40, 'range_boll_std': 1.75, 'range_tp': 0.015, 'range_sl': 0.02, 'panic_rsi': 35, 'panic_boll_std': 1.75, 'panic_drop': 0.06, 'panic_tp': 0.015, 'panic_sl': 0.03}",58.0632,26.0137,25.4383,2.2311,13.01,123,0.9044,0.607,1.0226,-16.7374,115.03,148.16,164.81,"{'DOWN_PANIC': -829.8, 'TREND': 58893.03}","{'trend_position': 0.4, 'range_position': 0.2, 'panic_position': 0.2, 'trend_boll_std': 1.5, 'trend_stop': 0.1, 'range_rsi': 40, 'range_boll_std': 1.75, 'range_tp': 0.015, 'range_sl': 0.02, 'panic_rsi': 35, 'panic_boll_std': 1.75, 'panic_drop': 0.06, 'panic_tp': 0.015, 'panic_sl': 0.03}",
strategy,24.87267,"{'enter_spread': 0.005, 'exit_spread': 0.0025, 'slope_threshold': 0.0025, 'range_spread': 0.006, 'range_slope': 0.004, 'range_width': 0.1, 'panic_atr': 0.045, 'persistence': 1}","{'trend_position': 0.4, 'range_position': 0.2, 'panic_position': 0.2, 'trend_boll_std': 1.5, 'trend_stop': 0.1, 'range_rsi': 40, 'range_boll_std': 1.75, 'range_tp': 0.025, 'range_sl': 0.02, 'panic_rsi': 35, 'panic_boll_std': 1.75, 'panic_drop': 0.04, 'panic_tp': 0.015, 'panic_sl': 0.03}",57.563,25.8121,25.4333,2.2043,13.49,126,0.8992,0.6086,1.0149,-16.7374,115.8,149.18,165.89,"{'DOWN_PANIC': -1244.51, 'TREND': 58807.49}","{'trend_position': 0.4, 'range_position': 0.2, 'panic_position': 0.2, 'trend_boll_std': 1.5, 'trend_stop': 0.1, 'range_rsi': 40, 'range_boll_std': 1.75, 'range_tp': 0.025, 'range_sl': 0.02, 'panic_rsi': 35, 'panic_boll_std': 1.75, 'panic_drop': 0.04, 'panic_tp': 0.015, 'panic_sl': 0.03}",
strategy,25.496169999999996,"{'enter_spread': 0.005, 'exit_spread': 0.0025, 'slope_threshold': 0.0025, 'range_spread': 0.006, 'range_slope': 0.004, 'range_width': 0.1, 'panic_atr': 0.045, 'persistence': 1}","{'trend_position': 0.4, 'range_position': 0.2, 'panic_position': 0.2, 'trend_boll_std': 1.5, 'trend_stop': 0.1, 'range_rsi': 40, 'range_boll_std': 1.75, 'range_tp': 0.025, 'range_sl': 0.02, 'panic_rsi': 35, 'panic_boll_std': 1.75, 'panic_drop': 0.06, 'panic_tp': 0.015, 'panic_sl': 0.03}",58.0632,26.0137,25.4383,2.2311,13.01,123,0.9044,0.607,1.0226,-16.7374,115.03,148.16,164.81,"{'DOWN_PANIC': -829.8, 'TREND': 58893.03}","{'trend_position': 0.4, 'range_position': 0.2, 'panic_position': 0.2, 'trend_boll_std': 1.5, 'trend_stop': 0.1, 'range_rsi': 40, 'range_boll_std': 1.75, 'range_tp': 0.025, 'range_sl': 0.02, 'panic_rsi': 35, 'panic_boll_std': 1.75, 'panic_drop': 0.06, 'panic_tp': 0.015, 'panic_sl': 0.03}",
strategy,26.412319999999998,"{'enter_spread': 0.005, 'exit_spread': 0.0025, 'slope_threshold': 0.0025, 'range_spread': 0.006, 'range_slope': 0.004, 'range_width': 0.1, 'panic_atr': 0.045, 'persistence': 1}","{'trend_position': 0.4, 'range_position': 0.2, 'panic_position': 0.2, 'trend_boll_std': 1.5, 'trend_stop': 0.1, 'range_rsi': 45, 'range_boll_std': 1.75, 'range_tp': 0.015, 'range_sl': 0.02, 'panic_rsi': 35, 'panic_boll_std': 1.75, 'panic_drop': 0.04, 'panic_tp': 0.015, 'panic_sl': 0.03}",58.84,26.3261,25.4298,2.2291,14.17,127,0.9124,0.618,1.0352,-16.7374,114.18,146.84,163.19,"{'DOWN_PANIC': -1247.08, 'RANGE': 824.34, 'TREND': 59262.78}","{'trend_position': 0.4, 'range_position': 0.2, 'panic_position': 0.2, 'trend_boll_std': 1.5, 'trend_stop': 0.1, 'range_rsi': 45, 'range_boll_std': 1.75, 'range_tp': 0.015, 'range_sl': 0.02, 'panic_rsi': 35, 'panic_boll_std': 1.75, 'panic_drop': 0.04, 'panic_tp': 0.015, 'panic_sl': 0.03}",
strategy,27.039459999999995,"{'enter_spread': 0.005, 'exit_spread': 0.0025, 'slope_threshold': 0.0025, 'range_spread': 0.006, 'range_slope': 0.004, 'range_width': 0.1, 'panic_atr': 0.045, 'persistence': 1}","{'trend_position': 0.4, 'range_position': 0.2, 'panic_position': 0.2, 'trend_boll_std': 1.5, 'trend_stop': 0.1, 'range_rsi': 45, 'range_boll_std': 1.75, 'range_tp': 0.015, 'range_sl': 0.02, 'panic_rsi': 35, 'panic_boll_std': 1.75, 'panic_drop': 0.06, 'panic_tp': 0.015, 'panic_sl': 0.03}",59.345,26.5288,25.4344,2.2563,13.71,124,0.9176,0.6163,1.043,-16.7374,113.43,145.84,162.13,"{'DOWN_PANIC': -829.8, 'RANGE': 826.53, 'TREND': 59348.32}","{'trend_position': 0.4, 'range_position': 0.2, 'panic_position': 0.2, 'trend_boll_std': 1.5, 'trend_stop': 0.1, 'range_rsi': 45, 'range_boll_std': 1.75, 'range_tp': 0.015, 'range_sl': 0.02, 'panic_rsi': 35, 'panic_boll_std': 1.75, 'panic_drop': 0.06, 'panic_tp': 0.015, 'panic_sl': 0.03}",
strategy,26.412319999999998,"{'enter_spread': 0.005, 'exit_spread': 0.0025, 'slope_threshold': 0.0025, 'range_spread': 0.006, 'range_slope': 0.004, 'range_width': 0.1, 'panic_atr': 0.045, 'persistence': 1}","{'trend_position': 0.4, 'range_position': 0.2, 'panic_position': 0.2, 'trend_boll_std': 1.5, 'trend_stop': 0.1, 'range_rsi': 45, 'range_boll_std': 1.75, 'range_tp': 0.025, 'range_sl': 0.02, 'panic_rsi': 35, 'panic_boll_std': 1.75, 'panic_drop': 0.04, 'panic_tp': 0.015, 'panic_sl': 0.03}",58.84,26.3261,25.4298,2.2291,14.17,127,0.9124,0.618,1.0352,-16.7374,114.18,146.84,163.19,"{'DOWN_PANIC': -1247.08, 'RANGE': 824.34, 'TREND': 59262.78}","{'trend_position': 0.4, 'range_position': 0.2, 'panic_position': 0.2, 'trend_boll_std': 1.5, 'trend_stop': 0.1, 'range_rsi': 45, 'range_boll_std': 1.75, 'range_tp': 0.025, 'range_sl': 0.02, 'panic_rsi': 35, 'panic_boll_std': 1.75, 'panic_drop': 0.04, 'panic_tp': 0.015, 'panic_sl': 0.03}",
strategy,27.039459999999995,"{'enter_spread': 0.005, 'exit_spread': 0.0025, 'slope_threshold': 0.0025, 'range_spread': 0.006, 'range_slope': 0.004, 'range_width': 0.1, 'panic_atr': 0.045, 'persistence': 1}","{'trend_position': 0.4, 'range_position': 0.2, 'panic_position': 0.2, 'trend_boll_std': 1.5, 'trend_stop': 0.1, 'range_rsi': 45, 'range_boll_std': 1.75, 'range_tp': 0.025, 'range_sl': 0.02, 'panic_rsi': 35, 'panic_boll_std': 1.75, 'panic_drop': 0.06, 'panic_tp': 0.015, 'panic_sl': 0.03}",59.345,26.5288,25.4344,2.2563,13.71,124,0.9176,0.6163,1.043,-16.7374,113.43,145.84,162.13,"{'DOWN_PANIC': -829.8, 'RANGE': 826.53, 'TREND': 59348.32}","{'trend_position': 0.4, 'range_position': 0.2, 'panic_position': 0.2, 'trend_boll_std': 1.5, 'trend_stop': 0.1, 'range_rsi': 45, 'range_boll_std': 1.75, 'range_tp': 0.025, 'range_sl': 0.02, 'panic_rsi': 35, 'panic_boll_std': 1.75, 'panic_drop': 0.06, 'panic_tp': 0.015, 'panic_sl': 0.03}",
strategy,25.39566,"{'enter_spread': 0.005, 'exit_spread': 0.0025, 'slope_threshold': 0.0025, 'range_spread': 0.006, 'range_slope': 0.004, 'range_width': 0.1, 'panic_atr': 0.045, 'persistence': 1}","{'trend_position': 0.4, 'range_position': 0.25, 'panic_position': 0.15, 'trend_boll_std': 1.5, 'trend_stop': 0.1, 'range_rsi': 35, 'range_boll_std': 1.75, 'range_tp': 0.015, 'range_sl': 0.02, 'panic_rsi': 35, 'panic_boll_std': 1.75, 'panic_drop': 0.04, 'panic_tp': 0.015, 'panic_sl': 0.03}",57.9694,25.9759,25.4274,2.2314,13.49,126,0.9038,0.6116,1.0216,-16.7374,115.21,148.35,164.95,"{'DOWN_PANIC': -927.8, 'TREND': 58897.16}","{'trend_position': 0.4, 'range_position': 0.25, 'panic_position': 0.15, 'trend_boll_std': 1.5, 'trend_stop': 0.1, 'range_rsi': 35, 'range_boll_std': 1.75, 'range_tp': 0.015, 'range_sl': 0.02, 'panic_rsi': 35, 'panic_boll_std': 1.75, 'panic_drop': 0.04, 'panic_tp': 0.015, 'panic_sl': 0.03}",
strategy,25.90896999999999,"{'enter_spread': 0.005, 'exit_spread': 0.0025, 'slope_threshold': 0.0025, 'range_spread': 0.006, 'range_slope': 0.004, 'range_width': 0.1, 'panic_atr': 0.045, 'persistence': 1}","{'trend_position': 0.4, 'range_position': 0.25, 'panic_position': 0.15, 'trend_boll_std': 1.5, 'trend_stop': 0.1, 'range_rsi': 35, 'range_boll_std': 1.75, 'range_tp': 0.015, 'range_sl': 0.02, 'panic_rsi': 35, 'panic_boll_std': 1.75, 'panic_drop': 0.06, 'panic_tp': 0.015, 'panic_sl': 0.03}",58.3897,26.1451,25.4383,2.2534,13.01,123,0.9082,0.6096,1.0278,-16.7374,114.61,147.52,164.06,"{'DOWN_PANIC': -620.74, 'TREND': 59010.41}","{'trend_position': 0.4, 'range_position': 0.25, 'panic_position': 0.15, 'trend_boll_std': 1.5, 'trend_stop': 0.1, 'range_rsi': 35, 'range_boll_std': 1.75, 'range_tp': 0.015, 'range_sl': 0.02, 'panic_rsi': 35, 'panic_boll_std': 1.75, 'panic_drop': 0.06, 'panic_tp': 0.015, 'panic_sl': 0.03}",
strategy,25.39566,"{'enter_spread': 0.005, 'exit_spread': 0.0025, 'slope_threshold': 0.0025, 'range_spread': 0.006, 'range_slope': 0.004, 'range_width': 0.1, 'panic_atr': 0.045, 'persistence': 1}","{'trend_position': 0.4, 'range_position': 0.25, 'panic_position': 0.15, 'trend_boll_std': 1.5, 'trend_stop': 0.1, 'range_rsi': 35, 'range_boll_std': 1.75, 'range_tp': 0.025, 'range_sl': 0.02, 'panic_rsi': 35, 'panic_boll_std': 1.75, 'panic_drop': 0.04, 'panic_tp': 0.015, 'panic_sl': 0.03}",57.9694,25.9759,25.4274,2.2314,13.49,126,0.9038,0.6116,1.0216,-16.7374,115.21,148.35,164.95,"{'DOWN_PANIC': -927.8, 'TREND': 58897.16}","{'trend_position': 0.4, 'range_position': 0.25, 'panic_position': 0.15, 'trend_boll_std': 1.5, 'trend_stop': 0.1, 'range_rsi': 35, 'range_boll_std': 1.75, 'range_tp': 0.025, 'range_sl': 0.02, 'panic_rsi': 35, 'panic_boll_std': 1.75, 'panic_drop': 0.04, 'panic_tp': 0.015, 'panic_sl': 0.03}",
strategy,25.90896999999999,"{'enter_spread': 0.005, 'exit_spread': 0.0025, 'slope_threshold': 0.0025, 'range_spread': 0.006, 'range_slope': 0.004, 'range_width': 0.1, 'panic_atr': 0.045, 'persistence': 1}","{'trend_position': 0.4, 'range_position': 0.25, 'panic_position': 0.15, 'trend_boll_std': 1.5, 'trend_stop': 0.1, 'range_rsi': 35, 'range_boll_std': 1.75, 'range_tp': 0.025, 'range_sl': 0.02, 'panic_rsi': 35, 'panic_boll_std': 1.75, 'panic_drop': 0.06, 'panic_tp': 0.015, 'panic_sl': 0.03}",58.3897,26.1451,25.4383,2.2534,13.01,123,0.9082,0.6096,1.0278,-16.7374,114.61,147.52,164.06,"{'DOWN_PANIC': -620.74, 'TREND': 59010.41}","{'trend_position': 0.4, 'range_position': 0.25, 'panic_position': 0.15, 'trend_boll_std': 1.5, 'trend_stop': 0.1, 'range_rsi': 35, 'range_boll_std': 1.75, 'range_tp': 0.025, 'range_sl': 0.02, 'panic_rsi': 35, 'panic_boll_std': 1.75, 'panic_drop': 0.06, 'panic_tp': 0.015, 'panic_sl': 0.03}",
strategy,25.39566,"{'enter_spread': 0.005, 'exit_spread': 0.0025, 'slope_threshold': 0.0025, 'range_spread': 0.006, 'range_slope': 0.004, 'range_width': 0.1, 'panic_atr': 0.045, 'persistence': 1}","{'trend_position': 0.4, 'range_position': 0.25, 'panic_position': 0.15, 'trend_boll_std': 1.5, 'trend_stop': 0.1, 'range_rsi': 40, 'range_boll_std': 1.75, 'range_tp': 0.015, 'range_sl': 0.02, 'panic_rsi': 35, 'panic_boll_std': 1.75, 'panic_drop': 0.04, 'panic_tp': 0.015, 'panic_sl': 0.03}",57.9694,25.9759,25.4274,2.2314,13.49,126,0.9038,0.6116,1.0216,-16.7374,115.21,148.35,164.95,"{'DOWN_PANIC': -927.8, 'TREND': 58897.16}","{'trend_position': 0.4, 'range_position': 0.25, 'panic_position': 0.15, 'trend_boll_std': 1.5, 'trend_stop': 0.1, 'range_rsi': 40, 'range_boll_std': 1.75, 'range_tp': 0.015, 'range_sl': 0.02, 'panic_rsi': 35, 'panic_boll_std': 1.75, 'panic_drop': 0.04, 'panic_tp': 0.015, 'panic_sl': 0.03}",
strategy,25.90896999999999,"{'enter_spread': 0.005, 'exit_spread': 0.0025, 'slope_threshold': 0.0025, 'range_spread': 0.006, 'range_slope': 0.004, 'range_width': 0.1, 'panic_atr': 0.045, 'persistence': 1}","{'trend_position': 0.4, 'range_position': 0.25, 'panic_position': 0.15, 'trend_boll_std': 1.5, 'trend_stop': 0.1, 'range_rsi': 40, 'range_boll_std': 1.75, 'range_tp': 0.015, 'range_sl': 0.02, 'panic_rsi': 35, 'panic_boll_std': 1.75, 'panic_drop': 0.06, 'panic_tp': 0.015, 'panic_sl': 0.03}",58.3897,26.1451,25.4383,2.2534,13.01,123,0.9082,0.6096,1.0278,-16.7374,114.61,147.52,164.06,"{'DOWN_PANIC': -620.74, 'TREND': 59010.41}","{'trend_position': 0.4, 'range_position': 0.25, 'panic_position': 0.15, 'trend_boll_std': 1.5, 'trend_stop': 0.1, 'range_rsi': 40, 'range_boll_std': 1.75, 'range_tp': 0.015, 'range_sl': 0.02, 'panic_rsi': 35, 'panic_boll_std': 1.75, 'panic_drop': 0.06, 'panic_tp': 0.015, 'panic_sl': 0.03}",
strategy,25.39566,"{'enter_spread': 0.005, 'exit_spread': 0.0025, 'slope_threshold': 0.0025, 'range_spread': 0.006, 'range_slope': 0.004, 'range_width': 0.1, 'panic_atr': 0.045, 'persistence': 1}","{'trend_position': 0.4, 'range_position': 0.25, 'panic_position': 0.15, 'trend_boll_std': 1.5, 'trend_stop': 0.1, 'range_rsi': 40, 'range_boll_std': 1.75, 'range_tp': 0.025, 'range_sl': 0.02, 'panic_rsi': 35, 'panic_boll_std': 1.75, 'panic_drop': 0.04, 'panic_tp': 0.015, 'panic_sl': 0.03}",57.9694,25.9759,25.4274,2.2314,13.49,126,0.9038,0.6116,1.0216,-16.7374,115.21,148.35,164.95,"{'DOWN_PANIC': -927.8, 'TREND': 58897.16}","{'trend_position': 0.4, 'range_position': 0.25, 'panic_position': 0.15, 'trend_boll_std': 1.5, 'trend_stop': 0.1, 'range_rsi': 40, 'range_boll_std': 1.75, 'range_tp': 0.025, 'range_sl': 0.02, 'panic_rsi': 35, 'panic_boll_std': 1.75, 'panic_drop': 0.04, 'panic_tp': 0.015, 'panic_sl': 0.03}",
strategy,25.90896999999999,"{'enter_spread': 0.005, 'exit_spread': 0.0025, 'slope_threshold': 0.0025, 'range_spread': 0.006, 'range_slope': 0.004, 'range_width': 0.1, 'panic_atr': 0.045, 'persistence': 1}","{'trend_position': 0.4, 'range_position': 0.25, 'panic_position': 0.15, 'trend_boll_std': 1.5, 'trend_stop': 0.1, 'range_rsi': 40, 'range_boll_std': 1.75, 'range_tp': 0.025, 'range_sl': 0.02, 'panic_rsi': 35, 'panic_boll_std': 1.75, 'panic_drop': 0.06, 'panic_tp': 0.015, 'panic_sl': 0.03}",58.3897,26.1451,25.4383,2.2534,13.01,123,0.9082,0.6096,1.0278,-16.7374,114.61,147.52,164.06,"{'DOWN_PANIC': -620.74, 'TREND': 59010.41}","{'trend_position': 0.4, 'range_position': 0.25, 'panic_position': 0.15, 'trend_boll_std': 1.5, 'trend_stop': 0.1, 'range_rsi': 40, 'range_boll_std': 1.75, 'range_tp': 0.025, 'range_sl': 0.02, 'panic_rsi': 35, 'panic_boll_std': 1.75, 'panic_drop': 0.06, 'panic_tp': 0.015, 'panic_sl': 0.03}",
strategy,27.425369999999994,"{'enter_spread': 0.005, 'exit_spread': 0.0025, 'slope_threshold': 0.0025, 'range_spread': 0.006, 'range_slope': 0.004, 'range_width': 0.1, 'panic_atr': 0.045, 'persistence': 1}","{'trend_position': 0.4, 'range_position': 0.25, 'panic_position': 0.15, 'trend_boll_std': 1.5, 'trend_stop': 0.1, 'range_rsi': 45, 'range_boll_std': 1.75, 'range_tp': 0.015, 'range_sl': 0.02, 'panic_rsi': 35, 'panic_boll_std': 1.75, 'panic_drop': 0.04, 'panic_tp': 0.015, 'panic_sl': 0.03}",59.6911,26.6675,25.4463,2.2652,14.17,127,0.9211,0.6238,1.048,-16.7374,113.21,145.4,161.51,"{'DOWN_PANIC': -930.38, 'RANGE': 1034.25, 'TREND': 59587.25}","{'trend_position': 0.4, 'range_position': 0.25, 'panic_position': 0.15, 'trend_boll_std': 1.5, 'trend_stop': 0.1, 'range_rsi': 45, 'range_boll_std': 1.75, 'range_tp': 0.015, 'range_sl': 0.02, 'panic_rsi': 35, 'panic_boll_std': 1.75, 'panic_drop': 0.04, 'panic_tp': 0.015, 'panic_sl': 0.03}",
strategy,27.8206,"{'enter_spread': 0.005, 'exit_spread': 0.0025, 'slope_threshold': 0.0025, 'range_spread': 0.006, 'range_slope': 0.004, 'range_width': 0.1, 'panic_atr': 0.045, 'persistence': 1}","{'trend_position': 0.4, 'range_position': 0.25, 'panic_position': 0.15, 'trend_boll_std': 1.5, 'trend_stop': 0.1, 'range_rsi': 45, 'range_boll_std': 1.75, 'range_tp': 0.015, 'range_sl': 0.02, 'panic_rsi': 35, 'panic_boll_std': 1.75, 'panic_drop': 0.06, 'panic_tp': 0.015, 'panic_sl': 0.03}",59.9821,26.784,25.433,2.2848,13.71,124,0.9245,0.6211,1.0531,-16.7374,112.66,144.7,160.8,"{'DOWN_PANIC': -620.74, 'RANGE': 1036.44, 'TREND': 59566.44}","{'trend_position': 0.4, 'range_position': 0.25, 'panic_position': 0.15, 'trend_boll_std': 1.5, 'trend_stop': 0.1, 'range_rsi': 45, 'range_boll_std': 1.75, 'range_tp': 0.015, 'range_sl': 0.02, 'panic_rsi': 35, 'panic_boll_std': 1.75, 'panic_drop': 0.06, 'panic_tp': 0.015, 'panic_sl': 0.03}",
strategy,27.425369999999994,"{'enter_spread': 0.005, 'exit_spread': 0.0025, 'slope_threshold': 0.0025, 'range_spread': 0.006, 'range_slope': 0.004, 'range_width': 0.1, 'panic_atr': 0.045, 'persistence': 1}","{'trend_position': 0.4, 'range_position': 0.25, 'panic_position': 0.15, 'trend_boll_std': 1.5, 'trend_stop': 0.1, 'range_rsi': 45, 'range_boll_std': 1.75, 'range_tp': 0.025, 'range_sl': 0.02, 'panic_rsi': 35, 'panic_boll_std': 1.75, 'panic_drop': 0.04, 'panic_tp': 0.015, 'panic_sl': 0.03}",59.6911,26.6675,25.4463,2.2652,14.17,127,0.9211,0.6238,1.048,-16.7374,113.21,145.4,161.51,"{'DOWN_PANIC': -930.38, 'RANGE': 1034.25, 'TREND': 59587.25}","{'trend_position': 0.4, 'range_position': 0.25, 'panic_position': 0.15, 'trend_boll_std': 1.5, 'trend_stop': 0.1, 'range_rsi': 45, 'range_boll_std': 1.75, 'range_tp': 0.025, 'range_sl': 0.02, 'panic_rsi': 35, 'panic_boll_std': 1.75, 'panic_drop': 0.04, 'panic_tp': 0.015, 'panic_sl': 0.03}",
strategy,27.8206,"{'enter_spread': 0.005, 'exit_spread': 0.0025, 'slope_threshold': 0.0025, 'range_spread': 0.006, 'range_slope': 0.004, 'range_width': 0.1, 'panic_atr': 0.045, 'persistence': 1}","{'trend_position': 0.4, 'range_position': 0.25, 'panic_position': 0.15, 'trend_boll_std': 1.5, 'trend_stop': 0.1, 'range_rsi': 45, 'range_boll_std': 1.75, 'range_tp': 0.025, 'range_sl': 0.02, 'panic_rsi': 35, 'panic_boll_std': 1.75, 'panic_drop': 0.06, 'panic_tp': 0.015, 'panic_sl': 0.03}",59.9821,26.784,25.433,2.2848,13.71,124,0.9245,0.6211,1.0531,-16.7374,112.66,144.7,160.8,"{'DOWN_PANIC': -620.74, 'RANGE': 1036.44, 'TREND': 59566.44}","{'trend_position': 0.4, 'range_position': 0.25, 'panic_position': 0.15, 'trend_boll_std': 1.5, 'trend_stop': 0.1, 'range_rsi': 45, 'range_boll_std': 1.75, 'range_tp': 0.025, 'range_sl': 0.02, 'panic_rsi': 35, 'panic_boll_std': 1.75, 'panic_drop': 0.06, 'panic_tp': 0.015, 'panic_sl': 0.03}",
strategy,24.87267,"{'enter_spread': 0.005, 'exit_spread': 0.0025, 'slope_threshold': 0.0025, 'range_spread': 0.006, 'range_slope': 0.004, 'range_width': 0.1, 'panic_atr': 0.045, 'persistence': 1}","{'trend_position': 0.4, 'range_position': 0.25, 'panic_position': 0.2, 'trend_boll_std': 1.5, 'trend_stop': 0.1, 'range_rsi': 35, 'range_boll_std': 1.75, 'range_tp': 0.015, 'range_sl': 0.02, 'panic_rsi': 35, 'panic_boll_std': 1.75, 'panic_drop': 0.04, 'panic_tp': 0.015, 'panic_sl': 0.03}",57.563,25.8121,25.4333,2.2043,13.49,126,0.8992,0.6086,1.0149,-16.7374,115.8,149.18,165.89,"{'DOWN_PANIC': -1244.51, 'TREND': 58807.49}","{'trend_position': 0.4, 'range_position': 0.25, 'panic_position': 0.2, 'trend_boll_std': 1.5, 'trend_stop': 0.1, 'range_rsi': 35, 'range_boll_std': 1.75, 'range_tp': 0.015, 'range_sl': 0.02, 'panic_rsi': 35, 'panic_boll_std': 1.75, 'panic_drop': 0.04, 'panic_tp': 0.015, 'panic_sl': 0.03}",
strategy,25.496169999999996,"{'enter_spread': 0.005, 'exit_spread': 0.0025, 'slope_threshold': 0.0025, 'range_spread': 0.006, 'range_slope': 0.004, 'range_width': 0.1, 'panic_atr': 0.045, 'persistence': 1}","{'trend_position': 0.4, 'range_position': 0.25, 'panic_position': 0.2, 'trend_boll_std': 1.5, 'trend_stop': 0.1, 'range_rsi': 35, 'range_boll_std': 1.75, 'range_tp': 0.015, 'range_sl': 0.02, 'panic_rsi': 35, 'panic_boll_std': 1.75, 'panic_drop': 0.06, 'panic_tp': 0.015, 'panic_sl': 0.03}",58.0632,26.0137,25.4383,2.2311,13.01,123,0.9044,0.607,1.0226,-16.7374,115.03,148.16,164.81,"{'DOWN_PANIC': -829.8, 'TREND': 58893.03}","{'trend_position': 0.4, 'range_position': 0.25, 'panic_position': 0.2, 'trend_boll_std': 1.5, 'trend_stop': 0.1, 'range_rsi': 35, 'range_boll_std': 1.75, 'range_tp': 0.015, 'range_sl': 0.02, 'panic_rsi': 35, 'panic_boll_std': 1.75, 'panic_drop': 0.06, 'panic_tp': 0.015, 'panic_sl': 0.03}",
strategy,24.87267,"{'enter_spread': 0.005, 'exit_spread': 0.0025, 'slope_threshold': 0.0025, 'range_spread': 0.006, 'range_slope': 0.004, 'range_width': 0.1, 'panic_atr': 0.045, 'persistence': 1}","{'trend_position': 0.4, 'range_position': 0.25, 'panic_position': 0.2, 'trend_boll_std': 1.5, 'trend_stop': 0.1, 'range_rsi': 35, 'range_boll_std': 1.75, 'range_tp': 0.025, 'range_sl': 0.02, 'panic_rsi': 35, 'panic_boll_std': 1.75, 'panic_drop': 0.04, 'panic_tp': 0.015, 'panic_sl': 0.03}",57.563,25.8121,25.4333,2.2043,13.49,126,0.8992,0.6086,1.0149,-16.7374,115.8,149.18,165.89,"{'DOWN_PANIC': -1244.51, 'TREND': 58807.49}","{'trend_position': 0.4, 'range_position': 0.25, 'panic_position': 0.2, 'trend_boll_std': 1.5, 'trend_stop': 0.1, 'range_rsi': 35, 'range_boll_std': 1.75, 'range_tp': 0.025, 'range_sl': 0.02, 'panic_rsi': 35, 'panic_boll_std': 1.75, 'panic_drop': 0.04, 'panic_tp': 0.015, 'panic_sl': 0.03}",
strategy,25.496169999999996,"{'enter_spread': 0.005, 'exit_spread': 0.0025, 'slope_threshold': 0.0025, 'range_spread': 0.006, 'range_slope': 0.004, 'range_width': 0.1, 'panic_atr': 0.045, 'persistence': 1}","{'trend_position': 0.4, 'range_position': 0.25, 'panic_position': 0.2, 'trend_boll_std': 1.5, 'trend_stop': 0.1, 'range_rsi': 35, 'range_boll_std': 1.75, 'range_tp': 0.025, 'range_sl': 0.02, 'panic_rsi': 35, 'panic_boll_std': 1.75, 'panic_drop': 0.06, 'panic_tp': 0.015, 'panic_sl': 0.03}",58.0632,26.0137,25.4383,2.2311,13.01,123,0.9044,0.607,1.0226,-16.7374,115.03,148.16,164.81,"{'DOWN_PANIC': -829.8, 'TREND': 58893.03}","{'trend_position': 0.4, 'range_position': 0.25, 'panic_position': 0.2, 'trend_boll_std': 1.5, 'trend_stop': 0.1, 'range_rsi': 35, 'range_boll_std': 1.75, 'range_tp': 0.025, 'range_sl': 0.02, 'panic_rsi': 35, 'panic_boll_std': 1.75, 'panic_drop': 0.06, 'panic_tp': 0.015, 'panic_sl': 0.03}",
strategy,24.87267,"{'enter_spread': 0.005, 'exit_spread': 0.0025, 'slope_threshold': 0.0025, 'range_spread': 0.006, 'range_slope': 0.004, 'range_width': 0.1, 'panic_atr': 0.045, 'persistence': 1}","{'trend_position': 0.4, 'range_position': 0.25, 'panic_position': 0.2, 'trend_boll_std': 1.5, 'trend_stop': 0.1, 'range_rsi': 40, 'range_boll_std': 1.75, 'range_tp': 0.015, 'range_sl': 0.02, 'panic_rsi': 35, 'panic_boll_std': 1.75, 'panic_drop': 0.04, 'panic_tp': 0.015, 'panic_sl': 0.03}",57.563,25.8121,25.4333,2.2043,13.49,126,0.8992,0.6086,1.0149,-16.7374,115.8,149.18,165.89,"{'DOWN_PANIC': -1244.51, 'TREND': 58807.49}","{'trend_position': 0.4, 'range_position': 0.25, 'panic_position': 0.2, 'trend_boll_std': 1.5, 'trend_stop': 0.1, 'range_rsi': 40, 'range_boll_std': 1.75, 'range_tp': 0.015, 'range_sl': 0.02, 'panic_rsi': 35, 'panic_boll_std': 1.75, 'panic_drop': 0.04, 'panic_tp': 0.015, 'panic_sl': 0.03}",
strategy,25.496169999999996,"{'enter_spread': 0.005, 'exit_spread': 0.0025, 'slope_threshold': 0.0025, 'range_spread': 0.006, 'range_slope': 0.004, 'range_width': 0.1, 'panic_atr': 0.045, 'persistence': 1}","{'trend_position': 0.4, 'range_position': 0.25, 'panic_position': 0.2, 'trend_boll_std': 1.5, 'trend_stop': 0.1, 'range_rsi': 40, 'range_boll_std': 1.75, 'range_tp': 0.015, 'range_sl': 0.02, 'panic_rsi': 35, 'panic_boll_std': 1.75, 'panic_drop': 0.06, 'panic_tp': 0.015, 'panic_sl': 0.03}",58.0632,26.0137,25.4383,2.2311,13.01,123,0.9044,0.607,1.0226,-16.7374,115.03,148.16,164.81,"{'DOWN_PANIC': -829.8, 'TREND': 58893.03}","{'trend_position': 0.4, 'range_position': 0.25, 'panic_position': 0.2, 'trend_boll_std': 1.5, 'trend_stop': 0.1, 'range_rsi': 40, 'range_boll_std': 1.75, 'range_tp': 0.015, 'range_sl': 0.02, 'panic_rsi': 35, 'panic_boll_std': 1.75, 'panic_drop': 0.06, 'panic_tp': 0.015, 'panic_sl': 0.03}",
strategy,24.87267,"{'enter_spread': 0.005, 'exit_spread': 0.0025, 'slope_threshold': 0.0025, 'range_spread': 0.006, 'range_slope': 0.004, 'range_width': 0.1, 'panic_atr': 0.045, 'persistence': 1}","{'trend_position': 0.4, 'range_position': 0.25, 'panic_position': 0.2, 'trend_boll_std': 1.5, 'trend_stop': 0.1, 'range_rsi': 40, 'range_boll_std': 1.75, 'range_tp': 0.025, 'range_sl': 0.02, 'panic_rsi': 35, 'panic_boll_std': 1.75, 'panic_drop': 0.04, 'panic_tp': 0.015, 'panic_sl': 0.03}",57.563,25.8121,25.4333,2.2043,13.49,126,0.8992,0.6086,1.0149,-16.7374,115.8,149.18,165.89,"{'DOWN_PANIC': -1244.51, 'TREND': 58807.49}","{'trend_position': 0.4, 'range_position': 0.25, 'panic_position': 0.2, 'trend_boll_std': 1.5, 'trend_stop': 0.1, 'range_rsi': 40, 'range_boll_std': 1.75, 'range_tp': 0.025, 'range_sl': 0.02, 'panic_rsi': 35, 'panic_boll_std': 1.75, 'panic_drop': 0.04, 'panic_tp': 0.015, 'panic_sl': 0.03}",
strategy,25.496169999999996,"{'enter_spread': 0.005, 'exit_spread': 0.0025, 'slope_threshold': 0.0025, 'range_spread': 0.006, 'range_slope': 0.004, 'range_width': 0.1, 'panic_atr': 0.045, 'persistence': 1}","{'trend_position': 0.4, 'range_position': 0.25, 'panic_position': 0.2, 'trend_boll_std': 1.5, 'trend_stop': 0.1, 'range_rsi': 40, 'range_boll_std': 1.75, 'range_tp': 0.025, 'range_sl': 0.02, 'panic_rsi': 35, 'panic_boll_std': 1.75, 'panic_drop': 0.06, 'panic_tp': 0.015, 'panic_sl': 0.03}",58.0632,26.0137,25.4383,2.2311,13.01,123,0.9044,0.607,1.0226,-16.7374,115.03,148.16,164.81,"{'DOWN_PANIC': -829.8, 'TREND': 58893.03}","{'trend_position': 0.4, 'range_position': 0.25, 'panic_position': 0.2, 'trend_boll_std': 1.5, 'trend_stop': 0.1, 'range_rsi': 40, 'range_boll_std': 1.75, 'range_tp': 0.025, 'range_sl': 0.02, 'panic_rsi': 35, 'panic_boll_std': 1.75, 'panic_drop': 0.06, 'panic_tp': 0.015, 'panic_sl': 0.03}",
strategy,26.781640000000003,"{'enter_spread': 0.005, 'exit_spread': 0.0025, 'slope_threshold': 0.0025, 'range_spread': 0.006, 'range_slope': 0.004, 'range_width': 0.1, 'panic_atr': 0.045, 'persistence': 1}","{'trend_position': 0.4, 'range_position': 0.25, 'panic_position': 0.2, 'trend_boll_std': 1.5, 'trend_stop': 0.1, 'range_rsi': 45, 'range_boll_std': 1.75, 'range_tp': 0.015, 'range_sl': 0.02, 'panic_rsi': 35, 'panic_boll_std': 1.75, 'panic_drop': 0.04, 'panic_tp': 0.015, 'panic_sl': 0.03}",59.1484,26.4499,25.4286,2.2347,14.17,127,0.9155,0.6201,1.0402,-16.7374,113.81,146.3,162.56,"{'DOWN_PANIC': -1247.08, 'RANGE': 1032.06, 'TREND': 59363.38}","{'trend_position': 0.4, 'range_position': 0.25, 'panic_position': 0.2, 'trend_boll_std': 1.5, 'trend_stop': 0.1, 'range_rsi': 45, 'range_boll_std': 1.75, 'range_tp': 0.015, 'range_sl': 0.02, 'panic_rsi': 35, 'panic_boll_std': 1.75, 'panic_drop': 0.04, 'panic_tp': 0.015, 'panic_sl': 0.03}",
strategy,27.444179999999996,"{'enter_spread': 0.005, 'exit_spread': 0.0025, 'slope_threshold': 0.0025, 'range_spread': 0.006, 'range_slope': 0.004, 'range_width': 0.1, 'panic_atr': 0.045, 'persistence': 1}","{'trend_position': 0.4, 'range_position': 0.25, 'panic_position': 0.2, 'trend_boll_std': 1.5, 'trend_stop': 0.1, 'range_rsi': 45, 'range_boll_std': 1.75, 'range_tp': 0.015, 'range_sl': 0.02, 'panic_rsi': 35, 'panic_boll_std': 1.75, 'panic_drop': 0.06, 'panic_tp': 0.015, 'panic_sl': 0.03}",59.6813,26.6636,25.4332,2.2634,13.71,124,0.9212,0.6187,1.0484,-16.7374,113.01,145.24,161.44,"{'DOWN_PANIC': -829.8, 'RANGE': 1034.25, 'TREND': 59476.89}","{'trend_position': 0.4, 'range_position': 0.25, 'panic_position': 0.2, 'trend_boll_std': 1.5, 'trend_stop': 0.1, 'range_rsi': 45, 'range_boll_std': 1.75, 'range_tp': 0.015, 'range_sl': 0.02, 'panic_rsi': 35, 'panic_boll_std': 1.75, 'panic_drop': 0.06, 'panic_tp': 0.015, 'panic_sl': 0.03}",
strategy,26.781640000000003,"{'enter_spread': 0.005, 'exit_spread': 0.0025, 'slope_threshold': 0.0025, 'range_spread': 0.006, 'range_slope': 0.004, 'range_width': 0.1, 'panic_atr': 0.045, 'persistence': 1}","{'trend_position': 0.4, 'range_position': 0.25, 'panic_position': 0.2, 'trend_boll_std': 1.5, 'trend_stop': 0.1, 'range_rsi': 45, 'range_boll_std': 1.75, 'range_tp': 0.025, 'range_sl': 0.02, 'panic_rsi': 35, 'panic_boll_std': 1.75, 'panic_drop': 0.04, 'panic_tp': 0.015, 'panic_sl': 0.03}",59.1484,26.4499,25.4286,2.2347,14.17,127,0.9155,0.6201,1.0402,-16.7374,113.81,146.3,162.56,"{'DOWN_PANIC': -1247.08, 'RANGE': 1032.06, 'TREND': 59363.38}","{'trend_position': 0.4, 'range_position': 0.25, 'panic_position': 0.2, 'trend_boll_std': 1.5, 'trend_stop': 0.1, 'range_rsi': 45, 'range_boll_std': 1.75, 'range_tp': 0.025, 'range_sl': 0.02, 'panic_rsi': 35, 'panic_boll_std': 1.75, 'panic_drop': 0.04, 'panic_tp': 0.015, 'panic_sl': 0.03}",
strategy,27.444179999999996,"{'enter_spread': 0.005, 'exit_spread': 0.0025, 'slope_threshold': 0.0025, 'range_spread': 0.006, 'range_slope': 0.004, 'range_width': 0.1, 'panic_atr': 0.045, 'persistence': 1}","{'trend_position': 0.4, 'range_position': 0.25, 'panic_position': 0.2, 'trend_boll_std': 1.5, 'trend_stop': 0.1, 'range_rsi': 45, 'range_boll_std': 1.75, 'range_tp': 0.025, 'range_sl': 0.02, 'panic_rsi': 35, 'panic_boll_std': 1.75, 'panic_drop': 0.06, 'panic_tp': 0.015, 'panic_sl': 0.03}",59.6813,26.6636,25.4332,2.2634,13.71,124,0.9212,0.6187,1.0484,-16.7374,113.01,145.24,161.44,"{'DOWN_PANIC': -829.8, 'RANGE': 1034.25, 'TREND': 59476.89}","{'trend_position': 0.4, 'range_position': 0.25, 'panic_position': 0.2, 'trend_boll_std': 1.5, 'trend_stop': 0.1, 'range_rsi': 45, 'range_boll_std': 1.75, 'range_tp': 0.025, 'range_sl': 0.02, 'panic_rsi': 35, 'panic_boll_std': 1.75, 'panic_drop': 0.06, 'panic_tp': 0.015, 'panic_sl': 0.03}",
strategy,34.82015,"{'enter_spread': 0.005, 'exit_spread': 0.0025, 'slope_threshold': 0.0025, 'range_spread': 0.006, 'range_slope': 0.004, 'range_width': 0.1, 'panic_atr': 0.045, 'persistence': 1}","{'trend_position': 0.5, 'range_position': 0.2, 'panic_position': 0.15, 'trend_boll_std': 1.5, 'trend_stop': 0.1, 'range_rsi': 35, 'range_boll_std': 1.75, 'range_tp': 0.015, 'range_sl': 0.02, 'panic_rsi': 35, 'panic_boll_std': 1.75, 'panic_drop': 0.04, 'panic_tp': 0.015, 'panic_sl': 0.03}",70.7291,31.0162,28.1745,2.189,13.49,126,0.9216,0.6307,1.1009,-16.7374,117.34,151.06,167.94,"{'DOWN_PANIC': -947.84, 'TREND': 71676.98}","{'trend_position': 0.5, 'range_position': 0.2, 'panic_position': 0.15, 'trend_boll_std': 1.5, 'trend_stop': 0.1, 'range_rsi': 35, 'range_boll_std': 1.75, 'range_tp': 0.015, 'range_sl': 0.02, 'panic_rsi': 35, 'panic_boll_std': 1.75, 'panic_drop': 0.04, 'panic_tp': 0.015, 'panic_sl': 0.03}",
strategy,35.335919999999994,"{'enter_spread': 0.005, 'exit_spread': 0.0025, 'slope_threshold': 0.0025, 'range_spread': 0.006, 'range_slope': 0.004, 'range_width': 0.1, 'panic_atr': 0.045, 'persistence': 1}","{'trend_position': 0.5, 'range_position': 0.2, 'panic_position': 0.15, 'trend_boll_std': 1.5, 'trend_stop': 0.1, 'range_rsi': 35, 'range_boll_std': 1.75, 'range_tp': 0.015, 'range_sl': 0.02, 'panic_rsi': 35, 'panic_boll_std': 1.75, 'panic_drop': 0.06, 'panic_tp': 0.015, 'panic_sl': 0.03}",71.1625,31.184,28.1808,2.2063,13.01,123,0.9251,0.6283,1.1066,-16.7374,116.81,150.34,167.17,"{'DOWN_PANIC': -616.73, 'TREND': 71779.19}","{'trend_position': 0.5, 'range_position': 0.2, 'panic_position': 0.15, 'trend_boll_std': 1.5, 'trend_stop': 0.1, 'range_rsi': 35, 'range_boll_std': 1.75, 'range_tp': 0.015, 'range_sl': 0.02, 'panic_rsi': 35, 'panic_boll_std': 1.75, 'panic_drop': 0.06, 'panic_tp': 0.015, 'panic_sl': 0.03}",
strategy,34.82015,"{'enter_spread': 0.005, 'exit_spread': 0.0025, 'slope_threshold': 0.0025, 'range_spread': 0.006, 'range_slope': 0.004, 'range_width': 0.1, 'panic_atr': 0.045, 'persistence': 1}","{'trend_position': 0.5, 'range_position': 0.2, 'panic_position': 0.15, 'trend_boll_std': 1.5, 'trend_stop': 0.1, 'range_rsi': 35, 'range_boll_std': 1.75, 'range_tp': 0.025, 'range_sl': 0.02, 'panic_rsi': 35, 'panic_boll_std': 1.75, 'panic_drop': 0.04, 'panic_tp': 0.015, 'panic_sl': 0.03}",70.7291,31.0162,28.1745,2.189,13.49,126,0.9216,0.6307,1.1009,-16.7374,117.34,151.06,167.94,"{'DOWN_PANIC': -947.84, 'TREND': 71676.98}","{'trend_position': 0.5, 'range_position': 0.2, 'panic_position': 0.15, 'trend_boll_std': 1.5, 'trend_stop': 0.1, 'range_rsi': 35, 'range_boll_std': 1.75, 'range_tp': 0.025, 'range_sl': 0.02, 'panic_rsi': 35, 'panic_boll_std': 1.75, 'panic_drop': 0.04, 'panic_tp': 0.015, 'panic_sl': 0.03}",
strategy,35.335919999999994,"{'enter_spread': 0.005, 'exit_spread': 0.0025, 'slope_threshold': 0.0025, 'range_spread': 0.006, 'range_slope': 0.004, 'range_width': 0.1, 'panic_atr': 0.045, 'persistence': 1}","{'trend_position': 0.5, 'range_position': 0.2, 'panic_position': 0.15, 'trend_boll_std': 1.5, 'trend_stop': 0.1, 'range_rsi': 35, 'range_boll_std': 1.75, 'range_tp': 0.025, 'range_sl': 0.02, 'panic_rsi': 35, 'panic_boll_std': 1.75, 'panic_drop': 0.06, 'panic_tp': 0.015, 'panic_sl': 0.03}",71.1625,31.184,28.1808,2.2063,13.01,123,0.9251,0.6283,1.1066,-16.7374,116.81,150.34,167.17,"{'DOWN_PANIC': -616.73, 'TREND': 71779.19}","{'trend_position': 0.5, 'range_position': 0.2, 'panic_position': 0.15, 'trend_boll_std': 1.5, 'trend_stop': 0.1, 'range_rsi': 35, 'range_boll_std': 1.75, 'range_tp': 0.025, 'range_sl': 0.02, 'panic_rsi': 35, 'panic_boll_std': 1.75, 'panic_drop': 0.06, 'panic_tp': 0.015, 'panic_sl': 0.03}",
strategy,34.82015,"{'enter_spread': 0.005, 'exit_spread': 0.0025, 'slope_threshold': 0.0025, 'range_spread': 0.006, 'range_slope': 0.004, 'range_width': 0.1, 'panic_atr': 0.045, 'persistence': 1}","{'trend_position': 0.5, 'range_position': 0.2, 'panic_position': 0.15, 'trend_boll_std': 1.5, 'trend_stop': 0.1, 'range_rsi': 40, 'range_boll_std': 1.75, 'range_tp': 0.015, 'range_sl': 0.02, 'panic_rsi': 35, 'panic_boll_std': 1.75, 'panic_drop': 0.04, 'panic_tp': 0.015, 'panic_sl': 0.03}",70.7291,31.0162,28.1745,2.189,13.49,126,0.9216,0.6307,1.1009,-16.7374,117.34,151.06,167.94,"{'DOWN_PANIC': -947.84, 'TREND': 71676.98}","{'trend_position': 0.5, 'range_position': 0.2, 'panic_position': 0.15, 'trend_boll_std': 1.5, 'trend_stop': 0.1, 'range_rsi': 40, 'range_boll_std': 1.75, 'range_tp': 0.015, 'range_sl': 0.02, 'panic_rsi': 35, 'panic_boll_std': 1.75, 'panic_drop': 0.04, 'panic_tp': 0.015, 'panic_sl': 0.03}",
strategy,35.335919999999994,"{'enter_spread': 0.005, 'exit_spread': 0.0025, 'slope_threshold': 0.0025, 'range_spread': 0.006, 'range_slope': 0.004, 'range_width': 0.1, 'panic_atr': 0.045, 'persistence': 1}","{'trend_position': 0.5, 'range_position': 0.2, 'panic_position': 0.15, 'trend_boll_std': 1.5, 'trend_stop': 0.1, 'range_rsi': 40, 'range_boll_std': 1.75, 'range_tp': 0.015, 'range_sl': 0.02, 'panic_rsi': 35, 'panic_boll_std': 1.75, 'panic_drop': 0.06, 'panic_tp': 0.015, 'panic_sl': 0.03}",71.1625,31.184,28.1808,2.2063,13.01,123,0.9251,0.6283,1.1066,-16.7374,116.81,150.34,167.17,"{'DOWN_PANIC': -616.73, 'TREND': 71779.19}","{'trend_position': 0.5, 'range_position': 0.2, 'panic_position': 0.15, 'trend_boll_std': 1.5, 'trend_stop': 0.1, 'range_rsi': 40, 'range_boll_std': 1.75, 'range_tp': 0.015, 'range_sl': 0.02, 'panic_rsi': 35, 'panic_boll_std': 1.75, 'panic_drop': 0.06, 'panic_tp': 0.015, 'panic_sl': 0.03}",
strategy,34.82015,"{'enter_spread': 0.005, 'exit_spread': 0.0025, 'slope_threshold': 0.0025, 'range_spread': 0.006, 'range_slope': 0.004, 'range_width': 0.1, 'panic_atr': 0.045, 'persistence': 1}","{'trend_position': 0.5, 'range_position': 0.2, 'panic_position': 0.15, 'trend_boll_std': 1.5, 'trend_stop': 0.1, 'range_rsi': 40, 'range_boll_std': 1.75, 'range_tp': 0.025, 'range_sl': 0.02, 'panic_rsi': 35, 'panic_boll_std': 1.75, 'panic_drop': 0.04, 'panic_tp': 0.015, 'panic_sl': 0.03}",70.7291,31.0162,28.1745,2.189,13.49,126,0.9216,0.6307,1.1009,-16.7374,117.34,151.06,167.94,"{'DOWN_PANIC': -947.84, 'TREND': 71676.98}","{'trend_position': 0.5, 'range_position': 0.2, 'panic_position': 0.15, 'trend_boll_std': 1.5, 'trend_stop': 0.1, 'range_rsi': 40, 'range_boll_std': 1.75, 'range_tp': 0.025, 'range_sl': 0.02, 'panic_rsi': 35, 'panic_boll_std': 1.75, 'panic_drop': 0.04, 'panic_tp': 0.015, 'panic_sl': 0.03}",
strategy,35.335919999999994,"{'enter_spread': 0.005, 'exit_spread': 0.0025, 'slope_threshold': 0.0025, 'range_spread': 0.006, 'range_slope': 0.004, 'range_width': 0.1, 'panic_atr': 0.045, 'persistence': 1}","{'trend_position': 0.5, 'range_position': 0.2, 'panic_position': 0.15, 'trend_boll_std': 1.5, 'trend_stop': 0.1, 'range_rsi': 40, 'range_boll_std': 1.75, 'range_tp': 0.025, 'range_sl': 0.02, 'panic_rsi': 35, 'panic_boll_std': 1.75, 'panic_drop': 0.06, 'panic_tp': 0.015, 'panic_sl': 0.03}",71.1625,31.184,28.1808,2.2063,13.01,123,0.9251,0.6283,1.1066,-16.7374,116.81,150.34,167.17,"{'DOWN_PANIC': -616.73, 'TREND': 71779.19}","{'trend_position': 0.5, 'range_position': 0.2, 'panic_position': 0.15, 'trend_boll_std': 1.5, 'trend_stop': 0.1, 'range_rsi': 40, 'range_boll_std': 1.75, 'range_tp': 0.025, 'range_sl': 0.02, 'panic_rsi': 35, 'panic_boll_std': 1.75, 'panic_drop': 0.06, 'panic_tp': 0.015, 'panic_sl': 0.03}",
strategy,36.424789999999994,"{'enter_spread': 0.005, 'exit_spread': 0.0025, 'slope_threshold': 0.0025, 'range_spread': 0.006, 'range_slope': 0.004, 'range_width': 0.1, 'panic_atr': 0.045, 'persistence': 1}","{'trend_position': 0.5, 'range_position': 0.2, 'panic_position': 0.15, 'trend_boll_std': 1.5, 'trend_stop': 0.1, 'range_rsi': 45, 'range_boll_std': 1.75, 'range_tp': 0.015, 'range_sl': 0.02, 'panic_rsi': 35, 'panic_boll_std': 1.75, 'panic_drop': 0.04, 'panic_tp': 0.015, 'panic_sl': 0.03}",72.1108,31.5506,28.1711,2.2102,14.17,127,0.9327,0.6387,1.12,-16.7374,116.0,149.08,165.63,"{'DOWN_PANIC': -948.7, 'RANGE': 826.53, 'TREND': 72233.01}","{'trend_position': 0.5, 'range_position': 0.2, 'panic_position': 0.15, 'trend_boll_std': 1.5, 'trend_stop': 0.1, 'range_rsi': 45, 'range_boll_std': 1.75, 'range_tp': 0.015, 'range_sl': 0.02, 'panic_rsi': 35, 'panic_boll_std': 1.75, 'panic_drop': 0.04, 'panic_tp': 0.015, 'panic_sl': 0.03}",
strategy,36.94209,"{'enter_spread': 0.005, 'exit_spread': 0.0025, 'slope_threshold': 0.0025, 'range_spread': 0.006, 'range_slope': 0.004, 'range_width': 0.1, 'panic_atr': 0.045, 'persistence': 1}","{'trend_position': 0.5, 'range_position': 0.2, 'panic_position': 0.15, 'trend_boll_std': 1.5, 'trend_stop': 0.1, 'range_rsi': 45, 'range_boll_std': 1.75, 'range_tp': 0.015, 'range_sl': 0.02, 'panic_rsi': 35, 'panic_boll_std': 1.75, 'panic_drop': 0.06, 'panic_tp': 0.015, 'panic_sl': 0.03}",72.5472,31.7189,28.1771,2.2277,13.71,124,0.9362,0.6363,1.1257,-16.7374,115.49,148.38,164.89,"{'DOWN_PANIC': -616.73, 'RANGE': 826.53, 'TREND': 72337.4}","{'trend_position': 0.5, 'range_position': 0.2, 'panic_position': 0.15, 'trend_boll_std': 1.5, 'trend_stop': 0.1, 'range_rsi': 45, 'range_boll_std': 1.75, 'range_tp': 0.015, 'range_sl': 0.02, 'panic_rsi': 35, 'panic_boll_std': 1.75, 'panic_drop': 0.06, 'panic_tp': 0.015, 'panic_sl': 0.03}",
strategy,36.424789999999994,"{'enter_spread': 0.005, 'exit_spread': 0.0025, 'slope_threshold': 0.0025, 'range_spread': 0.006, 'range_slope': 0.004, 'range_width': 0.1, 'panic_atr': 0.045, 'persistence': 1}","{'trend_position': 0.5, 'range_position': 0.2, 'panic_position': 0.15, 'trend_boll_std': 1.5, 'trend_stop': 0.1, 'range_rsi': 45, 'range_boll_std': 1.75, 'range_tp': 0.025, 'range_sl': 0.02, 'panic_rsi': 35, 'panic_boll_std': 1.75, 'panic_drop': 0.04, 'panic_tp': 0.015, 'panic_sl': 0.03}",72.1108,31.5506,28.1711,2.2102,14.17,127,0.9327,0.6387,1.12,-16.7374,116.0,149.08,165.63,"{'DOWN_PANIC': -948.7, 'RANGE': 826.53, 'TREND': 72233.01}","{'trend_position': 0.5, 'range_position': 0.2, 'panic_position': 0.15, 'trend_boll_std': 1.5, 'trend_stop': 0.1, 'range_rsi': 45, 'range_boll_std': 1.75, 'range_tp': 0.025, 'range_sl': 0.02, 'panic_rsi': 35, 'panic_boll_std': 1.75, 'panic_drop': 0.04, 'panic_tp': 0.015, 'panic_sl': 0.03}",
strategy,36.94209,"{'enter_spread': 0.005, 'exit_spread': 0.0025, 'slope_threshold': 0.0025, 'range_spread': 0.006, 'range_slope': 0.004, 'range_width': 0.1, 'panic_atr': 0.045, 'persistence': 1}","{'trend_position': 0.5, 'range_position': 0.2, 'panic_position': 0.15, 'trend_boll_std': 1.5, 'trend_stop': 0.1, 'range_rsi': 45, 'range_boll_std': 1.75, 'range_tp': 0.025, 'range_sl': 0.02, 'panic_rsi': 35, 'panic_boll_std': 1.75, 'panic_drop': 0.06, 'panic_tp': 0.015, 'panic_sl': 0.03}",72.5472,31.7189,28.1771,2.2277,13.71,124,0.9362,0.6363,1.1257,-16.7374,115.49,148.38,164.89,"{'DOWN_PANIC': -616.73, 'RANGE': 826.53, 'TREND': 72337.4}","{'trend_position': 0.5, 'range_position': 0.2, 'panic_position': 0.15, 'trend_boll_std': 1.5, 'trend_stop': 0.1, 'range_rsi': 45, 'range_boll_std': 1.75, 'range_tp': 0.025, 'range_sl': 0.02, 'panic_rsi': 35, 'panic_boll_std': 1.75, 'panic_drop': 0.06, 'panic_tp': 0.015, 'panic_sl': 0.03}",
strategy,34.30971,"{'enter_spread': 0.005, 'exit_spread': 0.0025, 'slope_threshold': 0.0025, 'range_spread': 0.006, 'range_slope': 0.004, 'range_width': 0.1, 'panic_atr': 0.045, 'persistence': 1}","{'trend_position': 0.5, 'range_position': 0.2, 'panic_position': 0.2, 'trend_boll_std': 1.5, 'trend_stop': 0.1, 'range_rsi': 35, 'range_boll_std': 1.75, 'range_tp': 0.015, 'range_sl': 0.02, 'panic_rsi': 35, 'panic_boll_std': 1.75, 'panic_drop': 0.04, 'panic_tp': 0.015, 'panic_sl': 0.03}",70.3212,30.858,28.1849,2.1679,13.49,126,0.9179,0.6284,1.0948,-16.7374,117.83,151.76,168.74,"{'DOWN_PANIC': -1266.11, 'TREND': 71587.31}","{'trend_position': 0.5, 'range_position': 0.2, 'panic_position': 0.2, 'trend_boll_std': 1.5, 'trend_stop': 0.1, 'range_rsi': 35, 'range_boll_std': 1.75, 'range_tp': 0.015, 'range_sl': 0.02, 'panic_rsi': 35, 'panic_boll_std': 1.75, 'panic_drop': 0.04, 'panic_tp': 0.015, 'panic_sl': 0.03}",
strategy,34.9276,"{'enter_spread': 0.005, 'exit_spread': 0.0025, 'slope_threshold': 0.0025, 'range_spread': 0.006, 'range_slope': 0.004, 'range_width': 0.1, 'panic_atr': 0.045, 'persistence': 1}","{'trend_position': 0.5, 'range_position': 0.2, 'panic_position': 0.2, 'trend_boll_std': 1.5, 'trend_stop': 0.1, 'range_rsi': 35, 'range_boll_std': 1.75, 'range_tp': 0.015, 'range_sl': 0.02, 'panic_rsi': 35, 'panic_boll_std': 1.75, 'panic_drop': 0.06, 'panic_tp': 0.015, 'panic_sl': 0.03}",70.8326,31.0563,28.186,2.1886,13.01,123,0.9221,0.6262,1.1018,-16.7374,117.17,150.89,167.83,"{'DOWN_PANIC': -828.48, 'TREND': 71661.12}","{'trend_position': 0.5, 'range_position': 0.2, 'panic_position': 0.2, 'trend_boll_std': 1.5, 'trend_stop': 0.1, 'range_rsi': 35, 'range_boll_std': 1.75, 'range_tp': 0.015, 'range_sl': 0.02, 'panic_rsi': 35, 'panic_boll_std': 1.75, 'panic_drop': 0.06, 'panic_tp': 0.015, 'panic_sl': 0.03}",
strategy,34.30971,"{'enter_spread': 0.005, 'exit_spread': 0.0025, 'slope_threshold': 0.0025, 'range_spread': 0.006, 'range_slope': 0.004, 'range_width': 0.1, 'panic_atr': 0.045, 'persistence': 1}","{'trend_position': 0.5, 'range_position': 0.2, 'panic_position': 0.2, 'trend_boll_std': 1.5, 'trend_stop': 0.1, 'range_rsi': 35, 'range_boll_std': 1.75, 'range_tp': 0.025, 'range_sl': 0.02, 'panic_rsi': 35, 'panic_boll_std': 1.75, 'panic_drop': 0.04, 'panic_tp': 0.015, 'panic_sl': 0.03}",70.3212,30.858,28.1849,2.1679,13.49,126,0.9179,0.6284,1.0948,-16.7374,117.83,151.76,168.74,"{'DOWN_PANIC': -1266.11, 'TREND': 71587.31}","{'trend_position': 0.5, 'range_position': 0.2, 'panic_position': 0.2, 'trend_boll_std': 1.5, 'trend_stop': 0.1, 'range_rsi': 35, 'range_boll_std': 1.75, 'range_tp': 0.025, 'range_sl': 0.02, 'panic_rsi': 35, 'panic_boll_std': 1.75, 'panic_drop': 0.04, 'panic_tp': 0.015, 'panic_sl': 0.03}",
strategy,34.9276,"{'enter_spread': 0.005, 'exit_spread': 0.0025, 'slope_threshold': 0.0025, 'range_spread': 0.006, 'range_slope': 0.004, 'range_width': 0.1, 'panic_atr': 0.045, 'persistence': 1}","{'trend_position': 0.5, 'range_position': 0.2, 'panic_position': 0.2, 'trend_boll_std': 1.5, 'trend_stop': 0.1, 'range_rsi': 35, 'range_boll_std': 1.75, 'range_tp': 0.025, 'range_sl': 0.02, 'panic_rsi': 35, 'panic_boll_std': 1.75, 'panic_drop': 0.06, 'panic_tp': 0.015, 'panic_sl': 0.03}",70.8326,31.0563,28.186,2.1886,13.01,123,0.9221,0.6262,1.1018,-16.7374,117.17,150.89,167.83,"{'DOWN_PANIC': -828.48, 'TREND': 71661.12}","{'trend_position': 0.5, 'range_position': 0.2, 'panic_position': 0.2, 'trend_boll_std': 1.5, 'trend_stop': 0.1, 'range_rsi': 35, 'range_boll_std': 1.75, 'range_tp': 0.025, 'range_sl': 0.02, 'panic_rsi': 35, 'panic_boll_std': 1.75, 'panic_drop': 0.06, 'panic_tp': 0.015, 'panic_sl': 0.03}",
strategy,34.30971,"{'enter_spread': 0.005, 'exit_spread': 0.0025, 'slope_threshold': 0.0025, 'range_spread': 0.006, 'range_slope': 0.004, 'range_width': 0.1, 'panic_atr': 0.045, 'persistence': 1}","{'trend_position': 0.5, 'range_position': 0.2, 'panic_position': 0.2, 'trend_boll_std': 1.5, 'trend_stop': 0.1, 'range_rsi': 40, 'range_boll_std': 1.75, 'range_tp': 0.015, 'range_sl': 0.02, 'panic_rsi': 35, 'panic_boll_std': 1.75, 'panic_drop': 0.04, 'panic_tp': 0.015, 'panic_sl': 0.03}",70.3212,30.858,28.1849,2.1679,13.49,126,0.9179,0.6284,1.0948,-16.7374,117.83,151.76,168.74,"{'DOWN_PANIC': -1266.11, 'TREND': 71587.31}","{'trend_position': 0.5, 'range_position': 0.2, 'panic_position': 0.2, 'trend_boll_std': 1.5, 'trend_stop': 0.1, 'range_rsi': 40, 'range_boll_std': 1.75, 'range_tp': 0.015, 'range_sl': 0.02, 'panic_rsi': 35, 'panic_boll_std': 1.75, 'panic_drop': 0.04, 'panic_tp': 0.015, 'panic_sl': 0.03}",
strategy,34.9276,"{'enter_spread': 0.005, 'exit_spread': 0.0025, 'slope_threshold': 0.0025, 'range_spread': 0.006, 'range_slope': 0.004, 'range_width': 0.1, 'panic_atr': 0.045, 'persistence': 1}","{'trend_position': 0.5, 'range_position': 0.2, 'panic_position': 0.2, 'trend_boll_std': 1.5, 'trend_stop': 0.1, 'range_rsi': 40, 'range_boll_std': 1.75, 'range_tp': 0.015, 'range_sl': 0.02, 'panic_rsi': 35, 'panic_boll_std': 1.75, 'panic_drop': 0.06, 'panic_tp': 0.015, 'panic_sl': 0.03}",70.8326,31.0563,28.186,2.1886,13.01,123,0.9221,0.6262,1.1018,-16.7374,117.17,150.89,167.83,"{'DOWN_PANIC': -828.48, 'TREND': 71661.12}","{'trend_position': 0.5, 'range_position': 0.2, 'panic_position': 0.2, 'trend_boll_std': 1.5, 'trend_stop': 0.1, 'range_rsi': 40, 'range_boll_std': 1.75, 'range_tp': 0.015, 'range_sl': 0.02, 'panic_rsi': 35, 'panic_boll_std': 1.75, 'panic_drop': 0.06, 'panic_tp': 0.015, 'panic_sl': 0.03}",
strategy,34.30971,"{'enter_spread': 0.005, 'exit_spread': 0.0025, 'slope_threshold': 0.0025, 'range_spread': 0.006, 'range_slope': 0.004, 'range_width': 0.1, 'panic_atr': 0.045, 'persistence': 1}","{'trend_position': 0.5, 'range_position': 0.2, 'panic_position': 0.2, 'trend_boll_std': 1.5, 'trend_stop': 0.1, 'range_rsi': 40, 'range_boll_std': 1.75, 'range_tp': 0.025, 'range_sl': 0.02, 'panic_rsi': 35, 'panic_boll_std': 1.75, 'panic_drop': 0.04, 'panic_tp': 0.015, 'panic_sl': 0.03}",70.3212,30.858,28.1849,2.1679,13.49,126,0.9179,0.6284,1.0948,-16.7374,117.83,151.76,168.74,"{'DOWN_PANIC': -1266.11, 'TREND': 71587.31}","{'trend_position': 0.5, 'range_position': 0.2, 'panic_position': 0.2, 'trend_boll_std': 1.5, 'trend_stop': 0.1, 'range_rsi': 40, 'range_boll_std': 1.75, 'range_tp': 0.025, 'range_sl': 0.02, 'panic_rsi': 35, 'panic_boll_std': 1.75, 'panic_drop': 0.04, 'panic_tp': 0.015, 'panic_sl': 0.03}",
strategy,34.9276,"{'enter_spread': 0.005, 'exit_spread': 0.0025, 'slope_threshold': 0.0025, 'range_spread': 0.006, 'range_slope': 0.004, 'range_width': 0.1, 'panic_atr': 0.045, 'persistence': 1}","{'trend_position': 0.5, 'range_position': 0.2, 'panic_position': 0.2, 'trend_boll_std': 1.5, 'trend_stop': 0.1, 'range_rsi': 40, 'range_boll_std': 1.75, 'range_tp': 0.025, 'range_sl': 0.02, 'panic_rsi': 35, 'panic_boll_std': 1.75, 'panic_drop': 0.06, 'panic_tp': 0.015, 'panic_sl': 0.03}",70.8326,31.0563,28.186,2.1886,13.01,123,0.9221,0.6262,1.1018,-16.7374,117.17,150.89,167.83,"{'DOWN_PANIC': -828.48, 'TREND': 71661.12}","{'trend_position': 0.5, 'range_position': 0.2, 'panic_position': 0.2, 'trend_boll_std': 1.5, 'trend_stop': 0.1, 'range_rsi': 40, 'range_boll_std': 1.75, 'range_tp': 0.025, 'range_sl': 0.02, 'panic_rsi': 35, 'panic_boll_std': 1.75, 'panic_drop': 0.06, 'panic_tp': 0.015, 'panic_sl': 0.03}",
strategy,35.91456,"{'enter_spread': 0.005, 'exit_spread': 0.0025, 'slope_threshold': 0.0025, 'range_spread': 0.006, 'range_slope': 0.004, 'range_width': 0.1, 'panic_atr': 0.045, 'persistence': 1}","{'trend_position': 0.5, 'range_position': 0.2, 'panic_position': 0.2, 'trend_boll_std': 1.5, 'trend_stop': 0.1, 'range_rsi': 45, 'range_boll_std': 1.75, 'range_tp': 0.015, 'range_sl': 0.02, 'panic_rsi': 35, 'panic_boll_std': 1.75, 'panic_drop': 0.04, 'panic_tp': 0.015, 'panic_sl': 0.03}",71.7013,31.3924,28.1814,2.1888,14.17,127,0.929,0.6364,1.1139,-16.7374,116.48,149.76,166.41,"{'DOWN_PANIC': -1268.68, 'RANGE': 824.34, 'TREND': 72145.67}","{'trend_position': 0.5, 'range_position': 0.2, 'panic_position': 0.2, 'trend_boll_std': 1.5, 'trend_stop': 0.1, 'range_rsi': 45, 'range_boll_std': 1.75, 'range_tp': 0.015, 'range_sl': 0.02, 'panic_rsi': 35, 'panic_boll_std': 1.75, 'panic_drop': 0.04, 'panic_tp': 0.015, 'panic_sl': 0.03}",
strategy,36.53335,"{'enter_spread': 0.005, 'exit_spread': 0.0025, 'slope_threshold': 0.0025, 'range_spread': 0.006, 'range_slope': 0.004, 'range_width': 0.1, 'panic_atr': 0.045, 'persistence': 1}","{'trend_position': 0.5, 'range_position': 0.2, 'panic_position': 0.2, 'trend_boll_std': 1.5, 'trend_stop': 0.1, 'range_rsi': 45, 'range_boll_std': 1.75, 'range_tp': 0.015, 'range_sl': 0.02, 'panic_rsi': 35, 'panic_boll_std': 1.75, 'panic_drop': 0.06, 'panic_tp': 0.015, 'panic_sl': 0.03}",72.2153,31.5909,28.1825,2.2098,13.71,124,0.9332,0.6341,1.1209,-16.7374,115.83,148.91,165.52,"{'DOWN_PANIC': -828.48, 'RANGE': 824.34, 'TREND': 72219.48}","{'trend_position': 0.5, 'range_position': 0.2, 'panic_position': 0.2, 'trend_boll_std': 1.5, 'trend_stop': 0.1, 'range_rsi': 45, 'range_boll_std': 1.75, 'range_tp': 0.015, 'range_sl': 0.02, 'panic_rsi': 35, 'panic_boll_std': 1.75, 'panic_drop': 0.06, 'panic_tp': 0.015, 'panic_sl': 0.03}",
strategy,35.91456,"{'enter_spread': 0.005, 'exit_spread': 0.0025, 'slope_threshold': 0.0025, 'range_spread': 0.006, 'range_slope': 0.004, 'range_width': 0.1, 'panic_atr': 0.045, 'persistence': 1}","{'trend_position': 0.5, 'range_position': 0.2, 'panic_position': 0.2, 'trend_boll_std': 1.5, 'trend_stop': 0.1, 'range_rsi': 45, 'range_boll_std': 1.75, 'range_tp': 0.025, 'range_sl': 0.02, 'panic_rsi': 35, 'panic_boll_std': 1.75, 'panic_drop': 0.04, 'panic_tp': 0.015, 'panic_sl': 0.03}",71.7013,31.3924,28.1814,2.1888,14.17,127,0.929,0.6364,1.1139,-16.7374,116.48,149.76,166.41,"{'DOWN_PANIC': -1268.68, 'RANGE': 824.34, 'TREND': 72145.67}","{'trend_position': 0.5, 'range_position': 0.2, 'panic_position': 0.2, 'trend_boll_std': 1.5, 'trend_stop': 0.1, 'range_rsi': 45, 'range_boll_std': 1.75, 'range_tp': 0.025, 'range_sl': 0.02, 'panic_rsi': 35, 'panic_boll_std': 1.75, 'panic_drop': 0.04, 'panic_tp': 0.015, 'panic_sl': 0.03}",
strategy,36.53335,"{'enter_spread': 0.005, 'exit_spread': 0.0025, 'slope_threshold': 0.0025, 'range_spread': 0.006, 'range_slope': 0.004, 'range_width': 0.1, 'panic_atr': 0.045, 'persistence': 1}","{'trend_position': 0.5, 'range_position': 0.2, 'panic_position': 0.2, 'trend_boll_std': 1.5, 'trend_stop': 0.1, 'range_rsi': 45, 'range_boll_std': 1.75, 'range_tp': 0.025, 'range_sl': 0.02, 'panic_rsi': 35, 'panic_boll_std': 1.75, 'panic_drop': 0.06, 'panic_tp': 0.015, 'panic_sl': 0.03}",72.2153,31.5909,28.1825,2.2098,13.71,124,0.9332,0.6341,1.1209,-16.7374,115.83,148.91,165.52,"{'DOWN_PANIC': -828.48, 'RANGE': 824.34, 'TREND': 72219.48}","{'trend_position': 0.5, 'range_position': 0.2, 'panic_position': 0.2, 'trend_boll_std': 1.5, 'trend_stop': 0.1, 'range_rsi': 45, 'range_boll_std': 1.75, 'range_tp': 0.025, 'range_sl': 0.02, 'panic_rsi': 35, 'panic_boll_std': 1.75, 'panic_drop': 0.06, 'panic_tp': 0.015, 'panic_sl': 0.03}",
strategy,34.82015,"{'enter_spread': 0.005, 'exit_spread': 0.0025, 'slope_threshold': 0.0025, 'range_spread': 0.006, 'range_slope': 0.004, 'range_width': 0.1, 'panic_atr': 0.045, 'persistence': 1}","{'trend_position': 0.5, 'range_position': 0.25, 'panic_position': 0.15, 'trend_boll_std': 1.5, 'trend_stop': 0.1, 'range_rsi': 35, 'range_boll_std': 1.75, 'range_tp': 0.015, 'range_sl': 0.02, 'panic_rsi': 35, 'panic_boll_std': 1.75, 'panic_drop': 0.04, 'panic_tp': 0.015, 'panic_sl': 0.03}",70.7291,31.0162,28.1745,2.189,13.49,126,0.9216,0.6307,1.1009,-16.7374,117.34,151.06,167.94,"{'DOWN_PANIC': -947.84, 'TREND': 71676.98}","{'trend_position': 0.5, 'range_position': 0.25, 'panic_position': 0.15, 'trend_boll_std': 1.5, 'trend_stop': 0.1, 'range_rsi': 35, 'range_boll_std': 1.75, 'range_tp': 0.015, 'range_sl': 0.02, 'panic_rsi': 35, 'panic_boll_std': 1.75, 'panic_drop': 0.04, 'panic_tp': 0.015, 'panic_sl': 0.03}",
strategy,35.335919999999994,"{'enter_spread': 0.005, 'exit_spread': 0.0025, 'slope_threshold': 0.0025, 'range_spread': 0.006, 'range_slope': 0.004, 'range_width': 0.1, 'panic_atr': 0.045, 'persistence': 1}","{'trend_position': 0.5, 'range_position': 0.25, 'panic_position': 0.15, 'trend_boll_std': 1.5, 'trend_stop': 0.1, 'range_rsi': 35, 'range_boll_std': 1.75, 'range_tp': 0.015, 'range_sl': 0.02, 'panic_rsi': 35, 'panic_boll_std': 1.75, 'panic_drop': 0.06, 'panic_tp': 0.015, 'panic_sl': 0.03}",71.1625,31.184,28.1808,2.2063,13.01,123,0.9251,0.6283,1.1066,-16.7374,116.81,150.34,167.17,"{'DOWN_PANIC': -616.73, 'TREND': 71779.19}","{'trend_position': 0.5, 'range_position': 0.25, 'panic_position': 0.15, 'trend_boll_std': 1.5, 'trend_stop': 0.1, 'range_rsi': 35, 'range_boll_std': 1.75, 'range_tp': 0.015, 'range_sl': 0.02, 'panic_rsi': 35, 'panic_boll_std': 1.75, 'panic_drop': 0.06, 'panic_tp': 0.015, 'panic_sl': 0.03}",
strategy,34.82015,"{'enter_spread': 0.005, 'exit_spread': 0.0025, 'slope_threshold': 0.0025, 'range_spread': 0.006, 'range_slope': 0.004, 'range_width': 0.1, 'panic_atr': 0.045, 'persistence': 1}","{'trend_position': 0.5, 'range_position': 0.25, 'panic_position': 0.15, 'trend_boll_std': 1.5, 'trend_stop': 0.1, 'range_rsi': 35, 'range_boll_std': 1.75, 'range_tp': 0.025, 'range_sl': 0.02, 'panic_rsi': 35, 'panic_boll_std': 1.75, 'panic_drop': 0.04, 'panic_tp': 0.015, 'panic_sl': 0.03}",70.7291,31.0162,28.1745,2.189,13.49,126,0.9216,0.6307,1.1009,-16.7374,117.34,151.06,167.94,"{'DOWN_PANIC': -947.84, 'TREND': 71676.98}","{'trend_position': 0.5, 'range_position': 0.25, 'panic_position': 0.15, 'trend_boll_std': 1.5, 'trend_stop': 0.1, 'range_rsi': 35, 'range_boll_std': 1.75, 'range_tp': 0.025, 'range_sl': 0.02, 'panic_rsi': 35, 'panic_boll_std': 1.75, 'panic_drop': 0.04, 'panic_tp': 0.015, 'panic_sl': 0.03}",
strategy,35.335919999999994,"{'enter_spread': 0.005, 'exit_spread': 0.0025, 'slope_threshold': 0.0025, 'range_spread': 0.006, 'range_slope': 0.004, 'range_width': 0.1, 'panic_atr': 0.045, 'persistence': 1}","{'trend_position': 0.5, 'range_position': 0.25, 'panic_position': 0.15, 'trend_boll_std': 1.5, 'trend_stop': 0.1, 'range_rsi': 35, 'range_boll_std': 1.75, 'range_tp': 0.025, 'range_sl': 0.02, 'panic_rsi': 35, 'panic_boll_std': 1.75, 'panic_drop': 0.06, 'panic_tp': 0.015, 'panic_sl': 0.03}",71.1625,31.184,28.1808,2.2063,13.01,123,0.9251,0.6283,1.1066,-16.7374,116.81,150.34,167.17,"{'DOWN_PANIC': -616.73, 'TREND': 71779.19}","{'trend_position': 0.5, 'range_position': 0.25, 'panic_position': 0.15, 'trend_boll_std': 1.5, 'trend_stop': 0.1, 'range_rsi': 35, 'range_boll_std': 1.75, 'range_tp': 0.025, 'range_sl': 0.02, 'panic_rsi': 35, 'panic_boll_std': 1.75, 'panic_drop': 0.06, 'panic_tp': 0.015, 'panic_sl': 0.03}",
strategy,34.82015,"{'enter_spread': 0.005, 'exit_spread': 0.0025, 'slope_threshold': 0.0025, 'range_spread': 0.006, 'range_slope': 0.004, 'range_width': 0.1, 'panic_atr': 0.045, 'persistence': 1}","{'trend_position': 0.5, 'range_position': 0.25, 'panic_position': 0.15, 'trend_boll_std': 1.5, 'trend_stop': 0.1, 'range_rsi': 40, 'range_boll_std': 1.75, 'range_tp': 0.015, 'range_sl': 0.02, 'panic_rsi': 35, 'panic_boll_std': 1.75, 'panic_drop': 0.04, 'panic_tp': 0.015, 'panic_sl': 0.03}",70.7291,31.0162,28.1745,2.189,13.49,126,0.9216,0.6307,1.1009,-16.7374,117.34,151.06,167.94,"{'DOWN_PANIC': -947.84, 'TREND': 71676.98}","{'trend_position': 0.5, 'range_position': 0.25, 'panic_position': 0.15, 'trend_boll_std': 1.5, 'trend_stop': 0.1, 'range_rsi': 40, 'range_boll_std': 1.75, 'range_tp': 0.015, 'range_sl': 0.02, 'panic_rsi': 35, 'panic_boll_std': 1.75, 'panic_drop': 0.04, 'panic_tp': 0.015, 'panic_sl': 0.03}",
strategy,35.335919999999994,"{'enter_spread': 0.005, 'exit_spread': 0.0025, 'slope_threshold': 0.0025, 'range_spread': 0.006, 'range_slope': 0.004, 'range_width': 0.1, 'panic_atr': 0.045, 'persistence': 1}","{'trend_position': 0.5, 'range_position': 0.25, 'panic_position': 0.15, 'trend_boll_std': 1.5, 'trend_stop': 0.1, 'range_rsi': 40, 'range_boll_std': 1.75, 'range_tp': 0.015, 'range_sl': 0.02, 'panic_rsi': 35, 'panic_boll_std': 1.75, 'panic_drop': 0.06, 'panic_tp': 0.015, 'panic_sl': 0.03}",71.1625,31.184,28.1808,2.2063,13.01,123,0.9251,0.6283,1.1066,-16.7374,116.81,150.34,167.17,"{'DOWN_PANIC': -616.73, 'TREND': 71779.19}","{'trend_position': 0.5, 'range_position': 0.25, 'panic_position': 0.15, 'trend_boll_std': 1.5, 'trend_stop': 0.1, 'range_rsi': 40, 'range_boll_std': 1.75, 'range_tp': 0.015, 'range_sl': 0.02, 'panic_rsi': 35, 'panic_boll_std': 1.75, 'panic_drop': 0.06, 'panic_tp': 0.015, 'panic_sl': 0.03}",
strategy,34.82015,"{'enter_spread': 0.005, 'exit_spread': 0.0025, 'slope_threshold': 0.0025, 'range_spread': 0.006, 'range_slope': 0.004, 'range_width': 0.1, 'panic_atr': 0.045, 'persistence': 1}","{'trend_position': 0.5, 'range_position': 0.25, 'panic_position': 0.15, 'trend_boll_std': 1.5, 'trend_stop': 0.1, 'range_rsi': 40, 'range_boll_std': 1.75, 'range_tp': 0.025, 'range_sl': 0.02, 'panic_rsi': 35, 'panic_boll_std': 1.75, 'panic_drop': 0.04, 'panic_tp': 0.015, 'panic_sl': 0.03}",70.7291,31.0162,28.1745,2.189,13.49,126,0.9216,0.6307,1.1009,-16.7374,117.34,151.06,167.94,"{'DOWN_PANIC': -947.84, 'TREND': 71676.98}","{'trend_position': 0.5, 'range_position': 0.25, 'panic_position': 0.15, 'trend_boll_std': 1.5, 'trend_stop': 0.1, 'range_rsi': 40, 'range_boll_std': 1.75, 'range_tp': 0.025, 'range_sl': 0.02, 'panic_rsi': 35, 'panic_boll_std': 1.75, 'panic_drop': 0.04, 'panic_tp': 0.015, 'panic_sl': 0.03}",
strategy,35.335919999999994,"{'enter_spread': 0.005, 'exit_spread': 0.0025, 'slope_threshold': 0.0025, 'range_spread': 0.006, 'range_slope': 0.004, 'range_width': 0.1, 'panic_atr': 0.045, 'persistence': 1}","{'trend_position': 0.5, 'range_position': 0.25, 'panic_position': 0.15, 'trend_boll_std': 1.5, 'trend_stop': 0.1, 'range_rsi': 40, 'range_boll_std': 1.75, 'range_tp': 0.025, 'range_sl': 0.02, 'panic_rsi': 35, 'panic_boll_std': 1.75, 'panic_drop': 0.06, 'panic_tp': 0.015, 'panic_sl': 0.03}",71.1625,31.184,28.1808,2.2063,13.01,123,0.9251,0.6283,1.1066,-16.7374,116.81,150.34,167.17,"{'DOWN_PANIC': -616.73, 'TREND': 71779.19}","{'trend_position': 0.5, 'range_position': 0.25, 'panic_position': 0.15, 'trend_boll_std': 1.5, 'trend_stop': 0.1, 'range_rsi': 40, 'range_boll_std': 1.75, 'range_tp': 0.025, 'range_sl': 0.02, 'panic_rsi': 35, 'panic_boll_std': 1.75, 'panic_drop': 0.06, 'panic_tp': 0.015, 'panic_sl': 0.03}",
strategy,36.90624999999999,"{'enter_spread': 0.005, 'exit_spread': 0.0025, 'slope_threshold': 0.0025, 'range_spread': 0.006, 'range_slope': 0.004, 'range_width': 0.1, 'panic_atr': 0.045, 'persistence': 1}","{'trend_position': 0.5, 'range_position': 0.25, 'panic_position': 0.15, 'trend_boll_std': 1.5, 'trend_stop': 0.1, 'range_rsi': 45, 'range_boll_std': 1.75, 'range_tp': 0.015, 'range_sl': 0.02, 'panic_rsi': 35, 'panic_boll_std': 1.75, 'panic_drop': 0.04, 'panic_tp': 0.015, 'panic_sl': 0.03}",72.5474,31.719,28.1845,2.2168,14.17,127,0.9359,0.641,1.1254,-16.7374,115.67,148.55,165.0,"{'DOWN_PANIC': -949.55, 'RANGE': 1032.06, 'TREND': 72464.92}","{'trend_position': 0.5, 'range_position': 0.25, 'panic_position': 0.15, 'trend_boll_std': 1.5, 'trend_stop': 0.1, 'range_rsi': 45, 'range_boll_std': 1.75, 'range_tp': 0.015, 'range_sl': 0.02, 'panic_rsi': 35, 'panic_boll_std': 1.75, 'panic_drop': 0.04, 'panic_tp': 0.015, 'panic_sl': 0.03}",
strategy,37.302049999999994,"{'enter_spread': 0.005, 'exit_spread': 0.0025, 'slope_threshold': 0.0025, 'range_spread': 0.006, 'range_slope': 0.004, 'range_width': 0.1, 'panic_atr': 0.045, 'persistence': 1}","{'trend_position': 0.5, 'range_position': 0.25, 'panic_position': 0.15, 'trend_boll_std': 1.5, 'trend_stop': 0.1, 'range_rsi': 45, 'range_boll_std': 1.75, 'range_tp': 0.015, 'range_sl': 0.02, 'panic_rsi': 35, 'panic_boll_std': 1.75, 'panic_drop': 0.06, 'panic_tp': 0.015, 'panic_sl': 0.03}",72.8526,31.8367,28.1715,2.2321,13.71,124,0.9387,0.638,1.1301,-16.7374,115.18,147.94,164.38,"{'DOWN_PANIC': -616.73, 'RANGE': 1034.25, 'TREND': 72435.12}","{'trend_position': 0.5, 'range_position': 0.25, 'panic_position': 0.15, 'trend_boll_std': 1.5, 'trend_stop': 0.1, 'range_rsi': 45, 'range_boll_std': 1.75, 'range_tp': 0.015, 'range_sl': 0.02, 'panic_rsi': 35, 'panic_boll_std': 1.75, 'panic_drop': 0.06, 'panic_tp': 0.015, 'panic_sl': 0.03}",
strategy,36.90624999999999,"{'enter_spread': 0.005, 'exit_spread': 0.0025, 'slope_threshold': 0.0025, 'range_spread': 0.006, 'range_slope': 0.004, 'range_width': 0.1, 'panic_atr': 0.045, 'persistence': 1}","{'trend_position': 0.5, 'range_position': 0.25, 'panic_position': 0.15, 'trend_boll_std': 1.5, 'trend_stop': 0.1, 'range_rsi': 45, 'range_boll_std': 1.75, 'range_tp': 0.025, 'range_sl': 0.02, 'panic_rsi': 35, 'panic_boll_std': 1.75, 'panic_drop': 0.04, 'panic_tp': 0.015, 'panic_sl': 0.03}",72.5474,31.719,28.1845,2.2168,14.17,127,0.9359,0.641,1.1254,-16.7374,115.67,148.55,165.0,"{'DOWN_PANIC': -949.55, 'RANGE': 1032.06, 'TREND': 72464.92}","{'trend_position': 0.5, 'range_position': 0.25, 'panic_position': 0.15, 'trend_boll_std': 1.5, 'trend_stop': 0.1, 'range_rsi': 45, 'range_boll_std': 1.75, 'range_tp': 0.025, 'range_sl': 0.02, 'panic_rsi': 35, 'panic_boll_std': 1.75, 'panic_drop': 0.04, 'panic_tp': 0.015, 'panic_sl': 0.03}",
strategy,37.302049999999994,"{'enter_spread': 0.005, 'exit_spread': 0.0025, 'slope_threshold': 0.0025, 'range_spread': 0.006, 'range_slope': 0.004, 'range_width': 0.1, 'panic_atr': 0.045, 'persistence': 1}","{'trend_position': 0.5, 'range_position': 0.25, 'panic_position': 0.15, 'trend_boll_std': 1.5, 'trend_stop': 0.1, 'range_rsi': 45, 'range_boll_std': 1.75, 'range_tp': 0.025, 'range_sl': 0.02, 'panic_rsi': 35, 'panic_boll_std': 1.75, 'panic_drop': 0.06, 'panic_tp': 0.015, 'panic_sl': 0.03}",72.8526,31.8367,28.1715,2.2321,13.71,124,0.9387,0.638,1.1301,-16.7374,115.18,147.94,164.38,"{'DOWN_PANIC': -616.73, 'RANGE': 1034.25, 'TREND': 72435.12}","{'trend_position': 0.5, 'range_position': 0.25, 'panic_position': 0.15, 'trend_boll_std': 1.5, 'trend_stop': 0.1, 'range_rsi': 45, 'range_boll_std': 1.75, 'range_tp': 0.025, 'range_sl': 0.02, 'panic_rsi': 35, 'panic_boll_std': 1.75, 'panic_drop': 0.06, 'panic_tp': 0.015, 'panic_sl': 0.03}",
strategy,34.30971,"{'enter_spread': 0.005, 'exit_spread': 0.0025, 'slope_threshold': 0.0025, 'range_spread': 0.006, 'range_slope': 0.004, 'range_width': 0.1, 'panic_atr': 0.045, 'persistence': 1}","{'trend_position': 0.5, 'range_position': 0.25, 'panic_position': 0.2, 'trend_boll_std': 1.5, 'trend_stop': 0.1, 'range_rsi': 35, 'range_boll_std': 1.75, 'range_tp': 0.015, 'range_sl': 0.02, 'panic_rsi': 35, 'panic_boll_std': 1.75, 'panic_drop': 0.04, 'panic_tp': 0.015, 'panic_sl': 0.03}",70.3212,30.858,28.1849,2.1679,13.49,126,0.9179,0.6284,1.0948,-16.7374,117.83,151.76,168.74,"{'DOWN_PANIC': -1266.11, 'TREND': 71587.31}","{'trend_position': 0.5, 'range_position': 0.25, 'panic_position': 0.2, 'trend_boll_std': 1.5, 'trend_stop': 0.1, 'range_rsi': 35, 'range_boll_std': 1.75, 'range_tp': 0.015, 'range_sl': 0.02, 'panic_rsi': 35, 'panic_boll_std': 1.75, 'panic_drop': 0.04, 'panic_tp': 0.015, 'panic_sl': 0.03}",
strategy,34.9276,"{'enter_spread': 0.005, 'exit_spread': 0.0025, 'slope_threshold': 0.0025, 'range_spread': 0.006, 'range_slope': 0.004, 'range_width': 0.1, 'panic_atr': 0.045, 'persistence': 1}","{'trend_position': 0.5, 'range_position': 0.25, 'panic_position': 0.2, 'trend_boll_std': 1.5, 'trend_stop': 0.1, 'range_rsi': 35, 'range_boll_std': 1.75, 'range_tp': 0.015, 'range_sl': 0.02, 'panic_rsi': 35, 'panic_boll_std': 1.75, 'panic_drop': 0.06, 'panic_tp': 0.015, 'panic_sl': 0.03}",70.8326,31.0563,28.186,2.1886,13.01,123,0.9221,0.6262,1.1018,-16.7374,117.17,150.89,167.83,"{'DOWN_PANIC': -828.48, 'TREND': 71661.12}","{'trend_position': 0.5, 'range_position': 0.25, 'panic_position': 0.2, 'trend_boll_std': 1.5, 'trend_stop': 0.1, 'range_rsi': 35, 'range_boll_std': 1.75, 'range_tp': 0.015, 'range_sl': 0.02, 'panic_rsi': 35, 'panic_boll_std': 1.75, 'panic_drop': 0.06, 'panic_tp': 0.015, 'panic_sl': 0.03}",
strategy,34.30971,"{'enter_spread': 0.005, 'exit_spread': 0.0025, 'slope_threshold': 0.0025, 'range_spread': 0.006, 'range_slope': 0.004, 'range_width': 0.1, 'panic_atr': 0.045, 'persistence': 1}","{'trend_position': 0.5, 'range_position': 0.25, 'panic_position': 0.2, 'trend_boll_std': 1.5, 'trend_stop': 0.1, 'range_rsi': 35, 'range_boll_std': 1.75, 'range_tp': 0.025, 'range_sl': 0.02, 'panic_rsi': 35, 'panic_boll_std': 1.75, 'panic_drop': 0.04, 'panic_tp': 0.015, 'panic_sl': 0.03}",70.3212,30.858,28.1849,2.1679,13.49,126,0.9179,0.6284,1.0948,-16.7374,117.83,151.76,168.74,"{'DOWN_PANIC': -1266.11, 'TREND': 71587.31}","{'trend_position': 0.5, 'range_position': 0.25, 'panic_position': 0.2, 'trend_boll_std': 1.5, 'trend_stop': 0.1, 'range_rsi': 35, 'range_boll_std': 1.75, 'range_tp': 0.025, 'range_sl': 0.02, 'panic_rsi': 35, 'panic_boll_std': 1.75, 'panic_drop': 0.04, 'panic_tp': 0.015, 'panic_sl': 0.03}",
strategy,34.9276,"{'enter_spread': 0.005, 'exit_spread': 0.0025, 'slope_threshold': 0.0025, 'range_spread': 0.006, 'range_slope': 0.004, 'range_width': 0.1, 'panic_atr': 0.045, 'persistence': 1}","{'trend_position': 0.5, 'range_position': 0.25, 'panic_position': 0.2, 'trend_boll_std': 1.5, 'trend_stop': 0.1, 'range_rsi': 35, 'range_boll_std': 1.75, 'range_tp': 0.025, 'range_sl': 0.02, 'panic_rsi': 35, 'panic_boll_std': 1.75, 'panic_drop': 0.06, 'panic_tp': 0.015, 'panic_sl': 0.03}",70.8326,31.0563,28.186,2.1886,13.01,123,0.9221,0.6262,1.1018,-16.7374,117.17,150.89,167.83,"{'DOWN_PANIC': -828.48, 'TREND': 71661.12}","{'trend_position': 0.5, 'range_position': 0.25, 'panic_position': 0.2, 'trend_boll_std': 1.5, 'trend_stop': 0.1, 'range_rsi': 35, 'range_boll_std': 1.75, 'range_tp': 0.025, 'range_sl': 0.02, 'panic_rsi': 35, 'panic_boll_std': 1.75, 'panic_drop': 0.06, 'panic_tp': 0.015, 'panic_sl': 0.03}",
strategy,34.30971,"{'enter_spread': 0.005, 'exit_spread': 0.0025, 'slope_threshold': 0.0025, 'range_spread': 0.006, 'range_slope': 0.004, 'range_width': 0.1, 'panic_atr': 0.045, 'persistence': 1}","{'trend_position': 0.5, 'range_position': 0.25, 'panic_position': 0.2, 'trend_boll_std': 1.5, 'trend_stop': 0.1, 'range_rsi': 40, 'range_boll_std': 1.75, 'range_tp': 0.015, 'range_sl': 0.02, 'panic_rsi': 35, 'panic_boll_std': 1.75, 'panic_drop': 0.04, 'panic_tp': 0.015, 'panic_sl': 0.03}",70.3212,30.858,28.1849,2.1679,13.49,126,0.9179,0.6284,1.0948,-16.7374,117.83,151.76,168.74,"{'DOWN_PANIC': -1266.11, 'TREND': 71587.31}","{'trend_position': 0.5, 'range_position': 0.25, 'panic_position': 0.2, 'trend_boll_std': 1.5, 'trend_stop': 0.1, 'range_rsi': 40, 'range_boll_std': 1.75, 'range_tp': 0.015, 'range_sl': 0.02, 'panic_rsi': 35, 'panic_boll_std': 1.75, 'panic_drop': 0.04, 'panic_tp': 0.015, 'panic_sl': 0.03}",
strategy,34.9276,"{'enter_spread': 0.005, 'exit_spread': 0.0025, 'slope_threshold': 0.0025, 'range_spread': 0.006, 'range_slope': 0.004, 'range_width': 0.1, 'panic_atr': 0.045, 'persistence': 1}","{'trend_position': 0.5, 'range_position': 0.25, 'panic_position': 0.2, 'trend_boll_std': 1.5, 'trend_stop': 0.1, 'range_rsi': 40, 'range_boll_std': 1.75, 'range_tp': 0.015, 'range_sl': 0.02, 'panic_rsi': 35, 'panic_boll_std': 1.75, 'panic_drop': 0.06, 'panic_tp': 0.015, 'panic_sl': 0.03}",70.8326,31.0563,28.186,2.1886,13.01,123,0.9221,0.6262,1.1018,-16.7374,117.17,150.89,167.83,"{'DOWN_PANIC': -828.48, 'TREND': 71661.12}","{'trend_position': 0.5, 'range_position': 0.25, 'panic_position': 0.2, 'trend_boll_std': 1.5, 'trend_stop': 0.1, 'range_rsi': 40, 'range_boll_std': 1.75, 'range_tp': 0.015, 'range_sl': 0.02, 'panic_rsi': 35, 'panic_boll_std': 1.75, 'panic_drop': 0.06, 'panic_tp': 0.015, 'panic_sl': 0.03}",
strategy,34.30971,"{'enter_spread': 0.005, 'exit_spread': 0.0025, 'slope_threshold': 0.0025, 'range_spread': 0.006, 'range_slope': 0.004, 'range_width': 0.1, 'panic_atr': 0.045, 'persistence': 1}","{'trend_position': 0.5, 'range_position': 0.25, 'panic_position': 0.2, 'trend_boll_std': 1.5, 'trend_stop': 0.1, 'range_rsi': 40, 'range_boll_std': 1.75, 'range_tp': 0.025, 'range_sl': 0.02, 'panic_rsi': 35, 'panic_boll_std': 1.75, 'panic_drop': 0.04, 'panic_tp': 0.015, 'panic_sl': 0.03}",70.3212,30.858,28.1849,2.1679,13.49,126,0.9179,0.6284,1.0948,-16.7374,117.83,151.76,168.74,"{'DOWN_PANIC': -1266.11, 'TREND': 71587.31}","{'trend_position': 0.5, 'range_position': 0.25, 'panic_position': 0.2, 'trend_boll_std': 1.5, 'trend_stop': 0.1, 'range_rsi': 40, 'range_boll_std': 1.75, 'range_tp': 0.025, 'range_sl': 0.02, 'panic_rsi': 35, 'panic_boll_std': 1.75, 'panic_drop': 0.04, 'panic_tp': 0.015, 'panic_sl': 0.03}",
strategy,34.9276,"{'enter_spread': 0.005, 'exit_spread': 0.0025, 'slope_threshold': 0.0025, 'range_spread': 0.006, 'range_slope': 0.004, 'range_width': 0.1, 'panic_atr': 0.045, 'persistence': 1}","{'trend_position': 0.5, 'range_position': 0.25, 'panic_position': 0.2, 'trend_boll_std': 1.5, 'trend_stop': 0.1, 'range_rsi': 40, 'range_boll_std': 1.75, 'range_tp': 0.025, 'range_sl': 0.02, 'panic_rsi': 35, 'panic_boll_std': 1.75, 'panic_drop': 0.06, 'panic_tp': 0.015, 'panic_sl': 0.03}",70.8326,31.0563,28.186,2.1886,13.01,123,0.9221,0.6262,1.1018,-16.7374,117.17,150.89,167.83,"{'DOWN_PANIC': -828.48, 'TREND': 71661.12}","{'trend_position': 0.5, 'range_position': 0.25, 'panic_position': 0.2, 'trend_boll_std': 1.5, 'trend_stop': 0.1, 'range_rsi': 40, 'range_boll_std': 1.75, 'range_tp': 0.025, 'range_sl': 0.02, 'panic_rsi': 35, 'panic_boll_std': 1.75, 'panic_drop': 0.06, 'panic_tp': 0.015, 'panic_sl': 0.03}",
strategy,36.27623,"{'enter_spread': 0.005, 'exit_spread': 0.0025, 'slope_threshold': 0.0025, 'range_spread': 0.006, 'range_slope': 0.004, 'range_width': 0.1, 'panic_atr': 0.045, 'persistence': 1}","{'trend_position': 0.5, 'range_position': 0.25, 'panic_position': 0.2, 'trend_boll_std': 1.5, 'trend_stop': 0.1, 'range_rsi': 45, 'range_boll_std': 1.75, 'range_tp': 0.015, 'range_sl': 0.02, 'panic_rsi': 35, 'panic_boll_std': 1.75, 'panic_drop': 0.04, 'panic_tp': 0.015, 'panic_sl': 0.03}",72.0072,31.5106,28.1757,2.1933,14.17,127,0.9315,0.6381,1.1184,-16.7374,116.17,149.31,165.88,"{'DOWN_PANIC': -1268.68, 'RANGE': 1029.88, 'TREND': 72245.98}","{'trend_position': 0.5, 'range_position': 0.25, 'panic_position': 0.2, 'trend_boll_std': 1.5, 'trend_stop': 0.1, 'range_rsi': 45, 'range_boll_std': 1.75, 'range_tp': 0.015, 'range_sl': 0.02, 'panic_rsi': 35, 'panic_boll_std': 1.75, 'panic_drop': 0.04, 'panic_tp': 0.015, 'panic_sl': 0.03}",
strategy,36.93133999999999,"{'enter_spread': 0.005, 'exit_spread': 0.0025, 'slope_threshold': 0.0025, 'range_spread': 0.006, 'range_slope': 0.004, 'range_width': 0.1, 'panic_atr': 0.045, 'persistence': 1}","{'trend_position': 0.5, 'range_position': 0.25, 'panic_position': 0.2, 'trend_boll_std': 1.5, 'trend_stop': 0.1, 'range_rsi': 45, 'range_boll_std': 1.75, 'range_tp': 0.015, 'range_sl': 0.02, 'panic_rsi': 35, 'panic_boll_std': 1.75, 'panic_drop': 0.06, 'panic_tp': 0.015, 'panic_sl': 0.03}",72.5513,31.7205,28.1766,2.2153,13.71,124,0.936,0.6361,1.1258,-16.7374,115.48,148.41,164.94,"{'DOWN_PANIC': -828.48, 'RANGE': 1032.06, 'TREND': 72347.76}","{'trend_position': 0.5, 'range_position': 0.25, 'panic_position': 0.2, 'trend_boll_std': 1.5, 'trend_stop': 0.1, 'range_rsi': 45, 'range_boll_std': 1.75, 'range_tp': 0.015, 'range_sl': 0.02, 'panic_rsi': 35, 'panic_boll_std': 1.75, 'panic_drop': 0.06, 'panic_tp': 0.015, 'panic_sl': 0.03}",
strategy,36.27623,"{'enter_spread': 0.005, 'exit_spread': 0.0025, 'slope_threshold': 0.0025, 'range_spread': 0.006, 'range_slope': 0.004, 'range_width': 0.1, 'panic_atr': 0.045, 'persistence': 1}","{'trend_position': 0.5, 'range_position': 0.25, 'panic_position': 0.2, 'trend_boll_std': 1.5, 'trend_stop': 0.1, 'range_rsi': 45, 'range_boll_std': 1.75, 'range_tp': 0.025, 'range_sl': 0.02, 'panic_rsi': 35, 'panic_boll_std': 1.75, 'panic_drop': 0.04, 'panic_tp': 0.015, 'panic_sl': 0.03}",72.0072,31.5106,28.1757,2.1933,14.17,127,0.9315,0.6381,1.1184,-16.7374,116.17,149.31,165.88,"{'DOWN_PANIC': -1268.68, 'RANGE': 1029.88, 'TREND': 72245.98}","{'trend_position': 0.5, 'range_position': 0.25, 'panic_position': 0.2, 'trend_boll_std': 1.5, 'trend_stop': 0.1, 'range_rsi': 45, 'range_boll_std': 1.75, 'range_tp': 0.025, 'range_sl': 0.02, 'panic_rsi': 35, 'panic_boll_std': 1.75, 'panic_drop': 0.04, 'panic_tp': 0.015, 'panic_sl': 0.03}",
strategy,36.93133999999999,"{'enter_spread': 0.005, 'exit_spread': 0.0025, 'slope_threshold': 0.0025, 'range_spread': 0.006, 'range_slope': 0.004, 'range_width': 0.1, 'panic_atr': 0.045, 'persistence': 1}","{'trend_position': 0.5, 'range_position': 0.25, 'panic_position': 0.2, 'trend_boll_std': 1.5, 'trend_stop': 0.1, 'range_rsi': 45, 'range_boll_std': 1.75, 'range_tp': 0.025, 'range_sl': 0.02, 'panic_rsi': 35, 'panic_boll_std': 1.75, 'panic_drop': 0.06, 'panic_tp': 0.015, 'panic_sl': 0.03}",72.5513,31.7205,28.1766,2.2153,13.71,124,0.936,0.6361,1.1258,-16.7374,115.48,148.41,164.94,"{'DOWN_PANIC': -828.48, 'RANGE': 1032.06, 'TREND': 72347.76}","{'trend_position': 0.5, 'range_position': 0.25, 'panic_position': 0.2, 'trend_boll_std': 1.5, 'trend_stop': 0.1, 'range_rsi': 45, 'range_boll_std': 1.75, 'range_tp': 0.025, 'range_sl': 0.02, 'panic_rsi': 35, 'panic_boll_std': 1.75, 'panic_drop': 0.06, 'panic_tp': 0.015, 'panic_sl': 0.03}",
