date,equity,holding
2024-09-25 10:30:00-04:00,100000.0,0
2024-09-25 11:30:00-04:00,100000.0,0
2024-09-25 12:30:00-04:00,100000.0,0
2024-09-25 13:30:00-04:00,100000.0,0
2024-09-25 14:30:00-04:00,100000.0,0
2024-09-25 15:30:00-04:00,100000.0,0
2024-09-26 09:30:00-04:00,100000.0,0
2024-09-26 10:30:00-04:00,100000.0,0
2024-09-26 11:30:00-04:00,100000.0,0
2024-09-26 12:30:00-04:00,100000.0,0
2024-09-26 13:30:00-04:00,100000.0,0
2024-09-26 14:30:00-04:00,100000.0,0
2024-09-26 15:30:00-04:00,100000.0,0
2024-09-27 09:30:00-04:00,100000.0,0
2024-09-27 10:30:00-04:00,100000.0,0
2024-09-27 11:30:00-04:00,100000.0,0
2024-09-27 12:30:00-04:00,100000.0,0
2024-09-27 13:30:00-04:00,100000.0,0
2024-09-27 14:30:00-04:00,100000.0,0
2024-09-27 15:30:00-04:00,100000.0,0
2024-09-30 09:30:00-04:00,100000.0,0
2024-09-30 10:30:00-04:00,100000.0,0
2024-09-30 11:30:00-04:00,100000.0,0
2024-09-30 12:30:00-04:00,100000.0,0
2024-09-30 13:30:00-04:00,100000.0,0
2024-09-30 14:30:00-04:00,100000.0,0
2024-09-30 15:30:00-04:00,100000.0,0
2024-10-01 09:30:00-04:00,100000.0,0
2024-10-01 10:30:00-04:00,100000.0,0
2024-10-01 11:30:00-04:00,100000.0,0
2024-10-01 12:30:00-04:00,100000.0,0
2024-10-01 13:30:00-04:00,100000.0,0
2024-10-01 14:30:00-04:00,100000.0,0
2024-10-01 15:30:00-04:00,100000.0,0
2024-10-02 09:30:00-04:00,100000.0,0
2024-10-02 10:30:00-04:00,100000.0,0
2024-10-02 11:30:00-04:00,100000.0,0
2024-10-02 12:30:00-04:00,100000.0,0
2024-10-02 13:30:00-04:00,100000.0,0
2024-10-02 14:30:00-04:00,100000.0,0
2024-10-02 15:30:00-04:00,100000.0,0
2024-10-03 09:30:00-04:00,100000.0,0
2024-10-03 10:30:00-04:00,100000.0,0
2024-10-03 11:30:00-04:00,100000.0,0
2024-10-03 12:30:00-04:00,100000.0,0
2024-10-03 13:30:00-04:00,100000.0,0
2024-10-03 14:30:00-04:00,100000.0,0
2024-10-03 15:30:00-04:00,100000.0,0
2024-10-04 09:30:00-04:00,100000.0,0
2024-10-04 10:30:00-04:00,100000.0,0
2024-10-04 11:30:00-04:00,100000.0,0
2024-10-04 12:30:00-04:00,100000.0,0
2024-10-04 13:30:00-04:00,100000.0,0
2024-10-04 14:30:00-04:00,100000.0,0
2024-10-04 15:30:00-04:00,100000.0,0
2024-10-07 09:30:00-04:00,100000.0,0
2024-10-07 10:30:00-04:00,100000.0,0
2024-10-07 11:30:00-04:00,100000.0,0
2024-10-07 12:30:00-04:00,100000.0,0
2024-10-07 13:30:00-04:00,100000.0,0
2024-10-07 14:30:00-04:00,100000.0,0
2024-10-07 15:30:00-04:00,100000.0,0
2024-10-08 09:30:00-04:00,100000.0,0
2024-10-08 10:30:00-04:00,100000.0,0
2024-10-08 11:30:00-04:00,100000.0,0
2024-10-08 12:30:00-04:00,100000.0,0
2024-10-08 13:30:00-04:00,100000.0,0
2024-10-08 14:30:00-04:00,100000.0,0
2024-10-08 15:30:00-04:00,100000.0,0
2024-10-09 09:30:00-04:00,100000.0,0
2024-10-09 10:30:00-04:00,100000.0,0
2024-10-09 11:30:00-04:00,100000.0,0
2024-10-09 12:30:00-04:00,100000.0,0
2024-10-09 13:30:00-04:00,100000.0,0
2024-10-09 14:30:00-04:00,100000.0,0
2024-10-09 15:30:00-04:00,100000.0,0
2024-10-10 09:30:00-04:00,100000.0,0
2024-10-10 10:30:00-04:00,100000.0,0
2024-10-10 11:30:00-04:00,100000.0,0
2024-10-10 12:30:00-04:00,100000.0,0
2024-10-10 13:30:00-04:00,100000.0,0
2024-10-10 14:30:00-04:00,100000.0,0
2024-10-10 15:30:00-04:00,100000.0,0
2024-10-11 09:30:00-04:00,100000.0,0
2024-10-11 10:30:00-04:00,100000.0,0
2024-10-11 11:30:00-04:00,100000.0,0
2024-10-11 12:30:00-04:00,100000.0,0
2024-10-11 13:30:00-04:00,100000.0,0
2024-10-11 14:30:00-04:00,100000.0,0
2024-10-11 15:30:00-04:00,100000.0,0
2024-10-14 09:30:00-04:00,100000.0,0
2024-10-14 10:30:00-04:00,100000.0,0
2024-10-14 11:30:00-04:00,100000.0,0
2024-10-14 12:30:00-04:00,100000.0,0
2024-10-14 13:30:00-04:00,100000.0,0
2024-10-14 14:30:00-04:00,100000.0,0
2024-10-14 15:30:00-04:00,100000.0,0
2024-10-15 09:30:00-04:00,100000.0,0
2024-10-15 10:30:00-04:00,100000.0,0
2024-10-15 11:30:00-04:00,100000.0,0
2024-10-15 12:30:00-04:00,100000.0,0
2024-10-15 13:30:00-04:00,100000.0,0
2024-10-15 14:30:00-04:00,100000.0,0
2024-10-15 15:30:00-04:00,100000.0,0
2024-10-16 09:30:00-04:00,100000.0,0
2024-10-16 10:30:00-04:00,100000.0,0
2024-10-16 11:30:00-04:00,100000.0,0
2024-10-16 12:30:00-04:00,100000.0,0
2024-10-16 13:30:00-04:00,100000.0,0
2024-10-16 14:30:00-04:00,100000.0,0
2024-10-16 15:30:00-04:00,100000.0,0
2024-10-17 09:30:00-04:00,100000.0,0
2024-10-17 10:30:00-04:00,100000.0,0
2024-10-17 11:30:00-04:00,100000.0,0
2024-10-17 12:30:00-04:00,100000.0,0
2024-10-17 13:30:00-04:00,100000.0,0
2024-10-17 14:30:00-04:00,100000.0,0
2024-10-17 15:30:00-04:00,100000.0,0
2024-10-18 09:30:00-04:00,100000.0,0
2024-10-18 10:30:00-04:00,100000.0,0
2024-10-18 11:30:00-04:00,100000.0,0
2024-10-18 12:30:00-04:00,100000.0,0
2024-10-18 13:30:00-04:00,100000.0,0
2024-10-18 14:30:00-04:00,100000.0,0
2024-10-18 15:30:00-04:00,100000.0,0
2024-10-21 09:30:00-04:00,100000.0,0
2024-10-21 10:30:00-04:00,100000.0,0
2024-10-21 11:30:00-04:00,100000.0,0
2024-10-21 12:30:00-04:00,100000.0,0
2024-10-21 13:30:00-04:00,100000.0,0
2024-10-21 14:30:00-04:00,100000.0,0
2024-10-21 15:30:00-04:00,100000.0,0
2024-10-22 09:30:00-04:00,100000.0,0
2024-10-22 10:30:00-04:00,100000.0,0
2024-10-22 11:30:00-04:00,100000.0,0
2024-10-22 12:30:00-04:00,100000.0,0
2024-10-22 13:30:00-04:00,100000.0,0
2024-10-22 14:30:00-04:00,100000.0,0
2024-10-22 15:30:00-04:00,100000.0,0
2024-10-23 09:30:00-04:00,100000.0,0
2024-10-23 10:30:00-04:00,100000.0,0
2024-10-23 11:30:00-04:00,100000.0,0
2024-10-23 12:30:00-04:00,100000.0,0
2024-10-23 13:30:00-04:00,100000.0,0
2024-10-23 14:30:00-04:00,100000.0,0
2024-10-23 15:30:00-04:00,100000.0,0
2024-10-24 09:30:00-04:00,100000.0,0
2024-10-24 10:30:00-04:00,100000.0,0
2024-10-24 11:30:00-04:00,100000.0,0
2024-10-24 12:30:00-04:00,100000.0,0
2024-10-24 13:30:00-04:00,100000.0,0
2024-10-24 14:30:00-04:00,100000.0,0
2024-10-24 15:30:00-04:00,100000.0,0
2024-10-25 09:30:00-04:00,100000.0,0
2024-10-25 10:30:00-04:00,100000.0,0
2024-10-25 11:30:00-04:00,100000.0,0
2024-10-25 12:30:00-04:00,100000.0,0
2024-10-25 13:30:00-04:00,100000.0,0
2024-10-25 14:30:00-04:00,100000.0,0
2024-10-25 15:30:00-04:00,100000.0,0
2024-10-28 09:30:00-04:00,100000.0,0
2024-10-28 10:30:00-04:00,100000.0,0
2024-10-28 11:30:00-04:00,100000.0,0
2024-10-28 12:30:00-04:00,100000.0,0
2024-10-28 13:30:00-04:00,100000.0,0
2024-10-28 14:30:00-04:00,100000.0,0
2024-10-28 15:30:00-04:00,100000.0,0
2024-10-29 09:30:00-04:00,100000.0,0
2024-10-29 10:30:00-04:00,100000.0,0
2024-10-29 11:30:00-04:00,100000.0,0
2024-10-29 12:30:00-04:00,100000.0,0
2024-10-29 13:30:00-04:00,100000.0,0
2024-10-29 14:30:00-04:00,100000.0,0
2024-10-29 15:30:00-04:00,100000.0,0
2024-10-30 09:30:00-04:00,100000.0,0
2024-10-30 10:30:00-04:00,100000.0,0
2024-10-30 11:30:00-04:00,100000.0,0
2024-10-30 12:30:00-04:00,100000.0,0
2024-10-30 13:30:00-04:00,100000.0,0
2024-10-30 14:30:00-04:00,100000.0,0
2024-10-30 15:30:00-04:00,100000.0,0
2024-10-31 09:30:00-04:00,100000.0,0
2024-10-31 10:30:00-04:00,100000.0,0
2024-10-31 11:30:00-04:00,100000.0,0
2024-10-31 12:30:00-04:00,100000.0,0
2024-10-31 13:30:00-04:00,100000.0,0
2024-10-31 14:30:00-04:00,100000.0,0
2024-10-31 15:30:00-04:00,100000.0,0
2024-11-01 09:30:00-04:00,100000.0,0
2024-11-01 10:30:00-04:00,100000.0,0
2024-11-01 11:30:00-04:00,100000.0,0
2024-11-01 12:30:00-04:00,100000.0,0
2024-11-01 13:30:00-04:00,100000.0,0
2024-11-01 14:30:00-04:00,100000.0,0
2024-11-01 15:30:00-04:00,100000.0,0
2024-11-04 09:30:00-05:00,100000.0,0
2024-11-04 10:30:00-05:00,100000.0,0
2024-11-04 11:30:00-05:00,100000.0,0
2024-11-04 12:30:00-05:00,100000.0,0
2024-11-04 13:30:00-05:00,100000.0,0
2024-11-04 14:30:00-05:00,100000.0,0
2024-11-04 15:30:00-05:00,100000.0,0
2024-11-05 09:30:00-05:00,100000.0,0
2024-11-05 10:30:00-05:00,100000.0,0
2024-11-05 11:30:00-05:00,100000.0,0
2024-11-05 12:30:00-05:00,100000.0,0
2024-11-05 13:30:00-05:00,100000.0,0
2024-11-05 14:30:00-05:00,100000.0,0
2024-11-05 15:30:00-05:00,100000.0,0
2024-11-06 09:30:00-05:00,100000.0,0
2024-11-06 10:30:00-05:00,100000.0,0
2024-11-06 11:30:00-05:00,100000.0,0
2024-11-06 12:30:00-05:00,100000.0,0
2024-11-06 13:30:00-05:00,100000.0,0
2024-11-06 14:30:00-05:00,100000.0,0
2024-11-06 15:30:00-05:00,100000.0,0
2024-11-07 09:30:00-05:00,100000.0,0
2024-11-07 10:30:00-05:00,100000.0,0
2024-11-07 11:30:00-05:00,100000.0,0
2024-11-07 12:30:00-05:00,100000.0,0
2024-11-07 13:30:00-05:00,100000.0,0
2024-11-07 14:30:00-05:00,100000.0,0
2024-11-07 15:30:00-05:00,100000.0,0
2024-11-08 09:30:00-05:00,100000.0,0
2024-11-08 10:30:00-05:00,100000.0,0
2024-11-08 11:30:00-05:00,100000.0,0
2024-11-08 12:30:00-05:00,100000.0,0
2024-11-08 13:30:00-05:00,100000.0,0
2024-11-08 14:30:00-05:00,100000.0,0
2024-11-08 15:30:00-05:00,100000.0,0
2024-11-11 09:30:00-05:00,100000.0,0
2024-11-11 10:30:00-05:00,100000.0,0
2024-11-11 11:30:00-05:00,100000.0,0
2024-11-11 12:30:00-05:00,100000.0,0
2024-11-11 13:30:00-05:00,100000.0,0
2024-11-11 14:30:00-05:00,100000.0,0
2024-11-11 15:30:00-05:00,100000.0,0
2024-11-12 09:30:00-05:00,100000.0,0
2024-11-12 10:30:00-05:00,100000.0,0
2024-11-12 11:30:00-05:00,100000.0,0
2024-11-12 12:30:00-05:00,100000.0,0
2024-11-12 13:30:00-05:00,100000.0,0
2024-11-12 14:30:00-05:00,100000.0,0
2024-11-12 15:30:00-05:00,100000.0,0
2024-11-13 09:30:00-05:00,100000.0,0
2024-11-13 10:30:00-05:00,100000.0,0
2024-11-13 11:30:00-05:00,100000.0,0
2024-11-13 12:30:00-05:00,100000.0,0
2024-11-13 13:30:00-05:00,100000.0,0
2024-11-13 14:30:00-05:00,100000.0,0
2024-11-13 15:30:00-05:00,100000.0,0
2024-11-14 09:30:00-05:00,100000.0,0
2024-11-14 10:30:00-05:00,100000.0,0
2024-11-14 11:30:00-05:00,100000.0,0
2024-11-14 12:30:00-05:00,100000.0,0
2024-11-14 13:30:00-05:00,100000.0,0
2024-11-14 14:30:00-05:00,100000.0,0
2024-11-14 15:30:00-05:00,100000.0,0
2024-11-15 09:30:00-05:00,100000.0,0
2024-11-15 10:30:00-05:00,100000.0,0
2024-11-15 11:30:00-05:00,100000.0,0
2024-11-15 12:30:00-05:00,100000.0,0
2024-11-15 13:30:00-05:00,100000.0,0
2024-11-15 14:30:00-05:00,100000.0,0
2024-11-15 15:30:00-05:00,100000.0,0
2024-11-18 09:30:00-05:00,100000.0,0
2024-11-18 10:30:00-05:00,100000.0,0
2024-11-18 11:30:00-05:00,100000.0,0
2024-11-18 12:30:00-05:00,100000.0,0
2024-11-18 13:30:00-05:00,100000.0,0
2024-11-18 14:30:00-05:00,100000.0,0
2024-11-18 15:30:00-05:00,100000.0,0
2024-11-19 09:30:00-05:00,100000.0,0
2024-11-19 10:30:00-05:00,100000.0,0
2024-11-19 11:30:00-05:00,100000.0,0
2024-11-19 12:30:00-05:00,100000.0,0
2024-11-19 13:30:00-05:00,100000.0,0
2024-11-19 14:30:00-05:00,100000.0,0
2024-11-19 15:30:00-05:00,100000.0,0
2024-11-20 09:30:00-05:00,100000.0,0
2024-11-20 10:30:00-05:00,100000.0,0
2024-11-20 11:30:00-05:00,100000.0,0
2024-11-20 12:30:00-05:00,100000.0,0
2024-11-20 13:30:00-05:00,100000.0,0
2024-11-20 14:30:00-05:00,100000.0,0
2024-11-20 15:30:00-05:00,100000.0,0
2024-11-21 09:30:00-05:00,100000.0,0
2024-11-21 10:30:00-05:00,100000.0,0
2024-11-21 11:30:00-05:00,100000.0,0
2024-11-21 12:30:00-05:00,100000.0,0
2024-11-21 13:30:00-05:00,100000.0,0
2024-11-21 14:30:00-05:00,100000.0,0
2024-11-21 15:30:00-05:00,100000.0,0
2024-11-22 09:30:00-05:00,100000.0,0
2024-11-22 10:30:00-05:00,100000.0,0
2024-11-22 11:30:00-05:00,100000.0,0
2024-11-22 12:30:00-05:00,100000.0,0
2024-11-22 13:30:00-05:00,100000.0,0
2024-11-22 14:30:00-05:00,100000.0,0
2024-11-22 15:30:00-05:00,100000.0,0
2024-11-25 09:30:00-05:00,100000.0,0
2024-11-25 10:30:00-05:00,100000.0,0
2024-11-25 11:30:00-05:00,100000.0,0
2024-11-25 12:30:00-05:00,100000.0,0
2024-11-25 13:30:00-05:00,100000.0,0
2024-11-25 14:30:00-05:00,100000.0,0
2024-11-25 15:30:00-05:00,100000.0,0
2024-11-26 09:30:00-05:00,100000.0,0
2024-11-26 10:30:00-05:00,100000.0,0
2024-11-26 11:30:00-05:00,100000.0,0
2024-11-26 12:30:00-05:00,100000.0,0
2024-11-26 13:30:00-05:00,100000.0,0
2024-11-26 14:30:00-05:00,100000.0,0
2024-11-26 15:30:00-05:00,100000.0,0
2024-11-27 09:30:00-05:00,100000.0,0
2024-11-27 10:30:00-05:00,100000.0,0
2024-11-27 11:30:00-05:00,100000.0,0
2024-11-27 12:30:00-05:00,100000.0,0
2024-11-27 13:30:00-05:00,100000.0,0
2024-11-27 14:30:00-05:00,100000.0,0
2024-11-27 15:30:00-05:00,100000.0,0
2024-11-29 09:30:00-05:00,100000.0,0
2024-11-29 10:30:00-05:00,100000.0,0
2024-11-29 11:30:00-05:00,100000.0,0
2024-12-02 09:30:00-05:00,100000.0,0
2024-12-02 10:30:00-05:00,100000.0,0
2024-12-02 11:30:00-05:00,100000.0,0
2024-12-02 12:30:00-05:00,100000.0,0
2024-12-02 13:30:00-05:00,100000.0,0
2024-12-02 14:30:00-05:00,100000.0,0
2024-12-02 15:30:00-05:00,100000.0,0
2024-12-03 09:30:00-05:00,100000.0,0
2024-12-03 10:30:00-05:00,100000.0,0
2024-12-03 11:30:00-05:00,100000.0,0
2024-12-03 12:30:00-05:00,100000.0,0
2024-12-03 13:30:00-05:00,100000.0,0
2024-12-03 14:30:00-05:00,100000.0,0
2024-12-03 15:30:00-05:00,100000.0,0
2024-12-04 09:30:00-05:00,100000.0,0
2024-12-04 10:30:00-05:00,100000.0,0
2024-12-04 11:30:00-05:00,100000.0,0
2024-12-04 12:30:00-05:00,100000.0,0
2024-12-04 13:30:00-05:00,100000.0,0
2024-12-04 14:30:00-05:00,100000.0,0
2024-12-04 15:30:00-05:00,100000.0,0
2024-12-05 09:30:00-05:00,100000.0,0
2024-12-05 10:30:00-05:00,100000.0,0
2024-12-05 11:30:00-05:00,100000.0,0
2024-12-05 12:30:00-05:00,100000.0,0
2024-12-05 13:30:00-05:00,100000.0,0
2024-12-05 14:30:00-05:00,100000.0,0
2024-12-05 15:30:00-05:00,100000.0,0
2024-12-06 09:30:00-05:00,100000.0,0
2024-12-06 10:30:00-05:00,100000.0,0
2024-12-06 11:30:00-05:00,100000.0,0
2024-12-06 12:30:00-05:00,100000.0,0
2024-12-06 13:30:00-05:00,100000.0,0
2024-12-06 14:30:00-05:00,100000.0,0
2024-12-06 15:30:00-05:00,100000.0,0
2024-12-09 09:30:00-05:00,100000.0,0
2024-12-09 10:30:00-05:00,100000.0,0
2024-12-09 11:30:00-05:00,100000.0,0
2024-12-09 12:30:00-05:00,100000.0,0
2024-12-09 13:30:00-05:00,100000.0,0
2024-12-09 14:30:00-05:00,100000.0,0
2024-12-09 15:30:00-05:00,100000.0,0
2024-12-10 09:30:00-05:00,100000.0,0
2024-12-10 10:30:00-05:00,100000.0,0
2024-12-10 11:30:00-05:00,100000.0,0
2024-12-10 12:30:00-05:00,100000.0,0
2024-12-10 13:30:00-05:00,100000.0,0
2024-12-10 14:30:00-05:00,100000.0,0
2024-12-10 15:30:00-05:00,100000.0,0
2024-12-11 09:30:00-05:00,100000.0,0
2024-12-11 10:30:00-05:00,100000.0,0
2024-12-11 11:30:00-05:00,100000.0,0
2024-12-11 12:30:00-05:00,100000.0,0
2024-12-11 13:30:00-05:00,100000.0,0
2024-12-11 14:30:00-05:00,100000.0,0
2024-12-11 15:30:00-05:00,100000.0,0
2024-12-12 09:30:00-05:00,100000.0,0
2024-12-12 10:30:00-05:00,100000.0,0
2024-12-12 11:30:00-05:00,100000.0,0
2024-12-12 12:30:00-05:00,100000.0,0
2024-12-12 13:30:00-05:00,100000.0,0
2024-12-12 14:30:00-05:00,100000.0,0
2024-12-12 15:30:00-05:00,100000.0,0
2024-12-13 09:30:00-05:00,100000.0,0
2024-12-13 10:30:00-05:00,100000.0,0
2024-12-13 11:30:00-05:00,100000.0,0
2024-12-13 12:30:00-05:00,100000.0,0
2024-12-13 13:30:00-05:00,100000.0,0
2024-12-13 14:30:00-05:00,100000.0,0
2024-12-13 15:30:00-05:00,100000.0,0
2024-12-16 09:30:00-05:00,100000.0,0
2024-12-16 10:30:00-05:00,100000.0,0
2024-12-16 11:30:00-05:00,100000.0,0
2024-12-16 12:30:00-05:00,100000.0,0
2024-12-16 13:30:00-05:00,100000.0,0
2024-12-16 14:30:00-05:00,100000.0,0
2024-12-16 15:30:00-05:00,100000.0,0
2024-12-17 09:30:00-05:00,100000.0,0
2024-12-17 10:30:00-05:00,100000.0,0
2024-12-17 11:30:00-05:00,100000.0,0
2024-12-17 12:30:00-05:00,100000.0,0
2024-12-17 13:30:00-05:00,100000.0,0
2024-12-17 14:30:00-05:00,100000.0,0
2024-12-17 15:30:00-05:00,100000.0,0
2024-12-18 09:30:00-05:00,100000.0,0
2024-12-18 10:30:00-05:00,100000.0,0
2024-12-18 11:30:00-05:00,100000.0,0
2024-12-18 12:30:00-05:00,100000.0,0
2024-12-18 13:30:00-05:00,100000.0,0
2024-12-18 14:30:00-05:00,100000.0,0
2024-12-18 15:30:00-05:00,100000.0,0
2024-12-19 09:30:00-05:00,100000.0,0
2024-12-19 10:30:00-05:00,100000.0,0
2024-12-19 11:30:00-05:00,100000.0,0
2024-12-19 12:30:00-05:00,100000.0,0
2024-12-19 13:30:00-05:00,100000.0,0
2024-12-19 14:30:00-05:00,100000.0,0
2024-12-19 15:30:00-05:00,100000.0,0
2024-12-20 09:30:00-05:00,100000.0,0
2024-12-20 10:30:00-05:00,100000.0,0
2024-12-20 11:30:00-05:00,100000.0,0
2024-12-20 12:30:00-05:00,100000.0,0
2024-12-20 13:30:00-05:00,100000.0,0
2024-12-20 14:30:00-05:00,100000.0,0
2024-12-20 15:30:00-05:00,100000.0,0
2024-12-23 09:30:00-05:00,100000.0,0
2024-12-23 10:30:00-05:00,100000.0,0
2024-12-23 11:30:00-05:00,100000.0,0
2024-12-23 12:30:00-05:00,100000.0,0
2024-12-23 13:30:00-05:00,100000.0,0
2024-12-23 14:30:00-05:00,100000.0,0
2024-12-23 15:30:00-05:00,100000.0,0
2024-12-24 09:30:00-05:00,100000.0,0
2024-12-24 10:30:00-05:00,100000.0,0
2024-12-24 11:30:00-05:00,100000.0,0
2024-12-26 09:30:00-05:00,100000.0,0
2024-12-26 10:30:00-05:00,100000.0,0
2024-12-26 11:30:00-05:00,100000.0,0
2024-12-26 12:30:00-05:00,100000.0,0
2024-12-26 13:30:00-05:00,100000.0,0
2024-12-26 14:30:00-05:00,100000.0,0
2024-12-26 15:30:00-05:00,100000.0,0
2024-12-27 09:30:00-05:00,100000.0,0
2024-12-27 10:30:00-05:00,100000.0,0
2024-12-27 11:30:00-05:00,100000.0,0
2024-12-27 12:30:00-05:00,100000.0,0
2024-12-27 13:30:00-05:00,100000.0,0
2024-12-27 14:30:00-05:00,100000.0,0
2024-12-27 15:30:00-05:00,100000.0,0
2024-12-30 09:30:00-05:00,100000.0,0
2024-12-30 10:30:00-05:00,100000.0,0
2024-12-30 11:30:00-05:00,100000.0,0
2024-12-30 12:30:00-05:00,100000.0,0
2024-12-30 13:30:00-05:00,100000.0,0
2024-12-30 14:30:00-05:00,100000.0,0
2024-12-30 15:30:00-05:00,100000.0,0
2024-12-31 09:30:00-05:00,100000.0,0
2024-12-31 10:30:00-05:00,100000.0,0
2024-12-31 11:30:00-05:00,100000.0,0
2024-12-31 12:30:00-05:00,100000.0,0
2024-12-31 13:30:00-05:00,100000.0,0
2024-12-31 14:30:00-05:00,100000.0,0
2024-12-31 15:30:00-05:00,100000.0,0
2025-01-02 09:30:00-05:00,100000.0,0
2025-01-02 10:30:00-05:00,100000.0,0
2025-01-02 11:30:00-05:00,100000.0,0
2025-01-02 12:30:00-05:00,100000.0,0
2025-01-02 13:30:00-05:00,100000.0,0
2025-01-02 14:30:00-05:00,100000.0,0
2025-01-02 15:30:00-05:00,100000.0,0
2025-01-03 09:30:00-05:00,100000.0,0
2025-01-03 10:30:00-05:00,100000.0,0
2025-01-03 11:30:00-05:00,100000.0,0
2025-01-03 12:30:00-05:00,100000.0,0
2025-01-03 13:30:00-05:00,100000.0,0
2025-01-03 14:30:00-05:00,100000.0,0
2025-01-03 15:30:00-05:00,100000.0,0
2025-01-06 09:30:00-05:00,100000.0,0
2025-01-06 10:30:00-05:00,100000.0,0
2025-01-06 11:30:00-05:00,100000.0,0
2025-01-06 12:30:00-05:00,100000.0,0
2025-01-06 13:30:00-05:00,100000.0,0
2025-01-06 14:30:00-05:00,100000.0,0
2025-01-06 15:30:00-05:00,100000.0,0
2025-01-07 09:30:00-05:00,100000.0,0
2025-01-07 10:30:00-05:00,100000.0,0
2025-01-07 11:30:00-05:00,100000.0,0
2025-01-07 12:30:00-05:00,100000.0,0
2025-01-07 13:30:00-05:00,100000.0,0
2025-01-07 14:30:00-05:00,100000.0,0
2025-01-07 15:30:00-05:00,100000.0,0
2025-01-08 09:30:00-05:00,100000.0,0
2025-01-08 10:30:00-05:00,100000.0,0
2025-01-08 11:30:00-05:00,100000.0,0
2025-01-08 12:30:00-05:00,100000.0,0
2025-01-08 13:30:00-05:00,100000.0,0
2025-01-08 14:30:00-05:00,100000.0,0
2025-01-08 15:30:00-05:00,100000.0,0
2025-01-10 09:30:00-05:00,100000.0,0
2025-01-10 10:30:00-05:00,100000.0,0
2025-01-10 11:30:00-05:00,100000.0,0
2025-01-10 12:30:00-05:00,100000.0,0
2025-01-10 13:30:00-05:00,100000.0,0
2025-01-10 14:30:00-05:00,100000.0,0
2025-01-10 15:30:00-05:00,100000.0,0
2025-01-13 09:30:00-05:00,100000.0,0
2025-01-13 10:30:00-05:00,100000.0,0
2025-01-13 11:30:00-05:00,100000.0,0
2025-01-13 12:30:00-05:00,100000.0,0
2025-01-13 13:30:00-05:00,100000.0,0
2025-01-13 14:30:00-05:00,100000.0,0
2025-01-13 15:30:00-05:00,100000.0,0
2025-01-14 09:30:00-05:00,100000.0,0
2025-01-14 10:30:00-05:00,100000.0,0
2025-01-14 11:30:00-05:00,100000.0,0
2025-01-14 12:30:00-05:00,100000.0,0
2025-01-14 13:30:00-05:00,100000.0,0
2025-01-14 14:30:00-05:00,100000.0,0
2025-01-14 15:30:00-05:00,100000.0,0
2025-01-15 09:30:00-05:00,100000.0,0
2025-01-15 10:30:00-05:00,100000.0,0
2025-01-15 11:30:00-05:00,100000.0,0
2025-01-15 12:30:00-05:00,100000.0,0
2025-01-15 13:30:00-05:00,100000.0,0
2025-01-15 14:30:00-05:00,100000.0,0
2025-01-15 15:30:00-05:00,100000.0,0
2025-01-16 09:30:00-05:00,100000.0,0
2025-01-16 10:30:00-05:00,100000.0,0
2025-01-16 11:30:00-05:00,100000.0,0
2025-01-16 12:30:00-05:00,100000.0,0
2025-01-16 13:30:00-05:00,100000.0,0
2025-01-16 14:30:00-05:00,100000.0,0
2025-01-16 15:30:00-05:00,100000.0,0
2025-01-17 09:30:00-05:00,100000.0,0
2025-01-17 10:30:00-05:00,100000.0,0
2025-01-17 11:30:00-05:00,100000.0,0
2025-01-17 12:30:00-05:00,100000.0,0
2025-01-17 13:30:00-05:00,100000.0,0
2025-01-17 14:30:00-05:00,100000.0,0
2025-01-17 15:30:00-05:00,100000.0,0
2025-01-21 09:30:00-05:00,100000.0,0
2025-01-21 10:30:00-05:00,100000.0,0
2025-01-21 11:30:00-05:00,100000.0,0
2025-01-21 12:30:00-05:00,100000.0,0
2025-01-21 13:30:00-05:00,100000.0,0
2025-01-21 14:30:00-05:00,100000.0,0
2025-01-21 15:30:00-05:00,100000.0,0
2025-01-22 09:30:00-05:00,100000.0,0
2025-01-22 10:30:00-05:00,100000.0,0
2025-01-22 11:30:00-05:00,100000.0,0
2025-01-22 12:30:00-05:00,100000.0,0
2025-01-22 13:30:00-05:00,100000.0,0
2025-01-22 14:30:00-05:00,100000.0,0
2025-01-22 15:30:00-05:00,100000.0,0
2025-01-23 09:30:00-05:00,100000.0,0
2025-01-23 10:30:00-05:00,100000.0,0
2025-01-23 11:30:00-05:00,100000.0,0
2025-01-23 12:30:00-05:00,100000.0,0
2025-01-23 13:30:00-05:00,100000.0,0
2025-01-23 14:30:00-05:00,100000.0,0
2025-01-23 15:30:00-05:00,100000.0,0
2025-01-24 09:30:00-05:00,100000.0,0
2025-01-24 10:30:00-05:00,100000.0,0
2025-01-24 11:30:00-05:00,100000.0,0
2025-01-24 12:30:00-05:00,100000.0,0
2025-01-24 13:30:00-05:00,100000.0,0
2025-01-24 14:30:00-05:00,100000.0,0
2025-01-24 15:30:00-05:00,100000.0,0
2025-01-27 09:30:00-05:00,100000.0,0
2025-01-27 10:30:00-05:00,100000.0,0
2025-01-27 11:30:00-05:00,100000.0,0
2025-01-27 12:30:00-05:00,100000.0,0
2025-01-27 13:30:00-05:00,100000.0,0
2025-01-27 14:30:00-05:00,100000.0,0
2025-01-27 15:30:00-05:00,100000.0,0
2025-01-28 09:30:00-05:00,100000.0,0
2025-01-28 10:30:00-05:00,100000.0,0
2025-01-28 11:30:00-05:00,100000.0,0
2025-01-28 12:30:00-05:00,100000.0,0
2025-01-28 13:30:00-05:00,100000.0,0
2025-01-28 14:30:00-05:00,100000.0,0
2025-01-28 15:30:00-05:00,100000.0,0
2025-01-29 09:30:00-05:00,100000.0,0
2025-01-29 10:30:00-05:00,100000.0,0
2025-01-29 11:30:00-05:00,100000.0,0
2025-01-29 12:30:00-05:00,100000.0,0
2025-01-29 13:30:00-05:00,100000.0,0
2025-01-29 14:30:00-05:00,100000.0,0
2025-01-29 15:30:00-05:00,100000.0,0
2025-01-30 09:30:00-05:00,100000.0,0
2025-01-30 10:30:00-05:00,100000.0,0
2025-01-30 11:30:00-05:00,100000.0,0
2025-01-30 12:30:00-05:00,100000.0,0
2025-01-30 13:30:00-05:00,100000.0,0
2025-01-30 14:30:00-05:00,100000.0,0
2025-01-30 15:30:00-05:00,100000.0,0
2025-01-31 09:30:00-05:00,100000.0,0
2025-01-31 10:30:00-05:00,100000.0,0
2025-01-31 11:30:00-05:00,100000.0,0
2025-01-31 12:30:00-05:00,100000.0,0
2025-01-31 13:30:00-05:00,100000.0,0
2025-01-31 14:30:00-05:00,100000.0,0
2025-01-31 15:30:00-05:00,100000.0,0
2025-02-03 09:30:00-05:00,100000.0,0
2025-02-03 10:30:00-05:00,100000.0,0
2025-02-03 11:30:00-05:00,100000.0,0
2025-02-03 12:30:00-05:00,100000.0,0
2025-02-03 13:30:00-05:00,100000.0,0
2025-02-03 14:30:00-05:00,100000.0,0
2025-02-03 15:30:00-05:00,100000.0,0
2025-02-04 09:30:00-05:00,100000.0,0
2025-02-04 10:30:00-05:00,100000.0,0
2025-02-04 11:30:00-05:00,100000.0,0
2025-02-04 12:30:00-05:00,100000.0,0
2025-02-04 13:30:00-05:00,100000.0,0
2025-02-04 14:30:00-05:00,100000.0,0
2025-02-04 15:30:00-05:00,100000.0,0
2025-02-05 09:30:00-05:00,100000.0,0
2025-02-05 10:30:00-05:00,100000.0,0
2025-02-05 11:30:00-05:00,100000.0,0
2025-02-05 12:30:00-05:00,100000.0,0
2025-02-05 13:30:00-05:00,100000.0,0
2025-02-05 14:30:00-05:00,100000.0,0
2025-02-05 15:30:00-05:00,100000.0,0
2025-02-06 09:30:00-05:00,100000.0,0
2025-02-06 10:30:00-05:00,100000.0,0
2025-02-06 11:30:00-05:00,100000.0,0
2025-02-06 12:30:00-05:00,100000.0,0
2025-02-06 13:30:00-05:00,100000.0,0
2025-02-06 14:30:00-05:00,100000.0,0
2025-02-06 15:30:00-05:00,100000.0,0
2025-02-07 09:30:00-05:00,100000.0,0
2025-02-07 10:30:00-05:00,100000.0,0
2025-02-07 11:30:00-05:00,100000.0,0
2025-02-07 12:30:00-05:00,100000.0,0
2025-02-07 13:30:00-05:00,100000.0,0
2025-02-07 14:30:00-05:00,100000.0,0
2025-02-07 15:30:00-05:00,100000.0,0
2025-02-10 09:30:00-05:00,100000.0,0
2025-02-10 10:30:00-05:00,100000.0,0
2025-02-10 11:30:00-05:00,100000.0,0
2025-02-10 12:30:00-05:00,100000.0,0
2025-02-10 13:30:00-05:00,100000.0,0
2025-02-10 14:30:00-05:00,100000.0,0
2025-02-10 15:30:00-05:00,100000.0,0
2025-02-11 09:30:00-05:00,100000.0,0
2025-02-11 10:30:00-05:00,100000.0,0
2025-02-11 11:30:00-05:00,100000.0,0
2025-02-11 12:30:00-05:00,100000.0,0
2025-02-11 13:30:00-05:00,100000.0,0
2025-02-11 14:30:00-05:00,100000.0,0
2025-02-11 15:30:00-05:00,100000.0,0
2025-02-12 09:30:00-05:00,100000.0,0
2025-02-12 10:30:00-05:00,100000.0,0
2025-02-12 11:30:00-05:00,100000.0,0
2025-02-12 12:30:00-05:00,100000.0,0
2025-02-12 13:30:00-05:00,100000.0,0
2025-02-12 14:30:00-05:00,100000.0,0
2025-02-12 15:30:00-05:00,100000.0,0
2025-02-13 09:30:00-05:00,100000.0,0
2025-02-13 10:30:00-05:00,100000.0,0
2025-02-13 11:30:00-05:00,100000.0,0
2025-02-13 12:30:00-05:00,100000.0,0
2025-02-13 13:30:00-05:00,100000.0,0
2025-02-13 14:30:00-05:00,100000.0,0
2025-02-13 15:30:00-05:00,100000.0,0
2025-02-14 09:30:00-05:00,100000.0,0
2025-02-14 10:30:00-05:00,100000.0,0
2025-02-14 11:30:00-05:00,100000.0,0
2025-02-14 12:30:00-05:00,100000.0,0
2025-02-14 13:30:00-05:00,100000.0,0
2025-02-14 14:30:00-05:00,100000.0,0
2025-02-14 15:30:00-05:00,100000.0,0
2025-02-18 09:30:00-05:00,100000.0,0
2025-02-18 10:30:00-05:00,100000.0,0
2025-02-18 11:30:00-05:00,100000.0,0
2025-02-18 12:30:00-05:00,100000.0,0
2025-02-18 13:30:00-05:00,100000.0,0
2025-02-18 14:30:00-05:00,100000.0,0
2025-02-18 15:30:00-05:00,100000.0,0
2025-02-19 09:30:00-05:00,100000.0,0
2025-02-19 10:30:00-05:00,100000.0,0
2025-02-19 11:30:00-05:00,100000.0,0
2025-02-19 12:30:00-05:00,100000.0,0
2025-02-19 13:30:00-05:00,100000.0,0
2025-02-19 14:30:00-05:00,100000.0,0
2025-02-19 15:30:00-05:00,100000.0,0
2025-02-20 09:30:00-05:00,100000.0,0
2025-02-20 10:30:00-05:00,100000.0,0
2025-02-20 11:30:00-05:00,100000.0,0
2025-02-20 12:30:00-05:00,100000.0,0
2025-02-20 13:30:00-05:00,100000.0,0
2025-02-20 14:30:00-05:00,100000.0,0
2025-02-20 15:30:00-05:00,100000.0,0
2025-02-21 09:30:00-05:00,100000.0,0
2025-02-21 10:30:00-05:00,100000.0,0
2025-02-21 11:30:00-05:00,100000.0,0
2025-02-21 12:30:00-05:00,100000.0,0
2025-02-21 13:30:00-05:00,100000.0,0
2025-02-21 14:30:00-05:00,100000.0,0
2025-02-21 15:30:00-05:00,100000.0,0
2025-02-24 09:30:00-05:00,100000.0,0
2025-02-24 10:30:00-05:00,100000.0,0
2025-02-24 11:30:00-05:00,100000.0,0
2025-02-24 12:30:00-05:00,100000.0,0
2025-02-24 13:30:00-05:00,100000.0,0
2025-02-24 14:30:00-05:00,100000.0,0
2025-02-24 15:30:00-05:00,100000.0,0
2025-02-25 09:30:00-05:00,100000.0,0
2025-02-25 10:30:00-05:00,100000.0,0
2025-02-25 11:30:00-05:00,100000.0,0
2025-02-25 12:30:00-05:00,100000.0,0
2025-02-25 13:30:00-05:00,100000.0,0
2025-02-25 14:30:00-05:00,100000.0,0
2025-02-25 15:30:00-05:00,100000.0,0
2025-02-26 09:30:00-05:00,100000.0,0
2025-02-26 10:30:00-05:00,100000.0,0
2025-02-26 11:30:00-05:00,100000.0,0
2025-02-26 12:30:00-05:00,100000.0,0
2025-02-26 13:30:00-05:00,100000.0,0
2025-02-26 14:30:00-05:00,100000.0,0
2025-02-26 15:30:00-05:00,100000.0,0
2025-02-27 09:30:00-05:00,100000.0,0
2025-02-27 10:30:00-05:00,100000.0,0
2025-02-27 11:30:00-05:00,100000.0,0
2025-02-27 12:30:00-05:00,100000.0,0
2025-02-27 13:30:00-05:00,100000.0,0
2025-02-27 14:30:00-05:00,100000.0,0
2025-02-27 15:30:00-05:00,100000.0,0
2025-02-28 09:30:00-05:00,100000.0,0
2025-02-28 10:30:00-05:00,100000.0,0
2025-02-28 11:30:00-05:00,100000.0,0
2025-02-28 12:30:00-05:00,100000.0,0
2025-02-28 13:30:00-05:00,100000.0,0
2025-02-28 14:30:00-05:00,100000.0,0
2025-02-28 15:30:00-05:00,100000.0,0
2025-03-03 09:30:00-05:00,100000.0,0
2025-03-03 10:30:00-05:00,100000.0,0
2025-03-03 11:30:00-05:00,100000.0,0
2025-03-03 12:30:00-05:00,100000.0,0
2025-03-03 13:30:00-05:00,100000.0,0
2025-03-03 14:30:00-05:00,100000.0,0
2025-03-03 15:30:00-05:00,100000.0,0
2025-03-04 09:30:00-05:00,100000.0,0
2025-03-04 10:30:00-05:00,100000.0,0
2025-03-04 11:30:00-05:00,100000.0,0
2025-03-04 12:30:00-05:00,100000.0,0
2025-03-04 13:30:00-05:00,100000.0,0
2025-03-04 14:30:00-05:00,100000.0,0
2025-03-04 15:30:00-05:00,100000.0,0
2025-03-05 09:30:00-05:00,100000.0,0
2025-03-05 10:30:00-05:00,100000.0,0
2025-03-05 11:30:00-05:00,100000.0,0
2025-03-05 12:30:00-05:00,100000.0,0
2025-03-05 13:30:00-05:00,100000.0,0
2025-03-05 14:30:00-05:00,100000.0,0
2025-03-05 15:30:00-05:00,100000.0,0
2025-03-06 09:30:00-05:00,100000.0,0
2025-03-06 10:30:00-05:00,100000.0,0
2025-03-06 11:30:00-05:00,100000.0,0
2025-03-06 12:30:00-05:00,100000.0,0
2025-03-06 13:30:00-05:00,100000.0,0
2025-03-06 14:30:00-05:00,100000.0,0
2025-03-06 15:30:00-05:00,100000.0,0
2025-03-07 09:30:00-05:00,100000.0,0
2025-03-07 10:30:00-05:00,100000.0,0
2025-03-07 11:30:00-05:00,100000.0,0
2025-03-07 12:30:00-05:00,100000.0,0
2025-03-07 13:30:00-05:00,100000.0,0
2025-03-07 14:30:00-05:00,100000.0,0
2025-03-07 15:30:00-05:00,100000.0,0
2025-03-10 09:30:00-04:00,100000.0,0
2025-03-10 10:30:00-04:00,100000.0,0
2025-03-10 11:30:00-04:00,100000.0,0
2025-03-10 12:30:00-04:00,100000.0,0
2025-03-10 13:30:00-04:00,100000.0,0
2025-03-10 14:30:00-04:00,100000.0,0
2025-03-10 15:30:00-04:00,100000.0,0
2025-03-11 09:30:00-04:00,100000.0,0
2025-03-11 10:30:00-04:00,100000.0,0
2025-03-11 11:30:00-04:00,100000.0,0
2025-03-11 12:30:00-04:00,100000.0,0
2025-03-11 13:30:00-04:00,100000.0,0
2025-03-11 14:30:00-04:00,100000.0,0
2025-03-11 15:30:00-04:00,100000.0,0
2025-03-12 09:30:00-04:00,100000.0,0
2025-03-12 10:30:00-04:00,100000.0,0
2025-03-12 11:30:00-04:00,100000.0,0
2025-03-12 12:30:00-04:00,100000.0,0
2025-03-12 13:30:00-04:00,100000.0,0
2025-03-12 14:30:00-04:00,100000.0,0
2025-03-12 15:30:00-04:00,100000.0,0
2025-03-13 09:30:00-04:00,100000.0,0
2025-03-13 10:30:00-04:00,100000.0,0
2025-03-13 11:30:00-04:00,100000.0,0
2025-03-13 12:30:00-04:00,100000.0,0
2025-03-13 13:30:00-04:00,100000.0,0
2025-03-13 14:30:00-04:00,100000.0,0
2025-03-13 15:30:00-04:00,100000.0,0
2025-03-14 09:30:00-04:00,100000.0,0
2025-03-14 10:30:00-04:00,100000.0,0
2025-03-14 11:30:00-04:00,100000.0,0
2025-03-14 12:30:00-04:00,100000.0,0
2025-03-14 13:30:00-04:00,100000.0,0
2025-03-14 14:30:00-04:00,100000.0,0
2025-03-14 15:30:00-04:00,100000.0,0
2025-03-17 09:30:00-04:00,100000.0,0
2025-03-17 10:30:00-04:00,100000.0,0
2025-03-17 11:30:00-04:00,100000.0,0
2025-03-17 12:30:00-04:00,100000.0,0
2025-03-17 13:30:00-04:00,100000.0,0
2025-03-17 14:30:00-04:00,100000.0,0
2025-03-17 15:30:00-04:00,100000.0,0
2025-03-18 09:30:00-04:00,100000.0,0
2025-03-18 10:30:00-04:00,100000.0,0
2025-03-18 11:30:00-04:00,100000.0,0
2025-03-18 12:30:00-04:00,100000.0,0
2025-03-18 13:30:00-04:00,100000.0,0
2025-03-18 14:30:00-04:00,100000.0,0
2025-03-18 15:30:00-04:00,100000.0,0
2025-03-19 09:30:00-04:00,100000.0,0
2025-03-19 10:30:00-04:00,100000.0,0
2025-03-19 11:30:00-04:00,100000.0,0
2025-03-19 12:30:00-04:00,100000.0,0
2025-03-19 13:30:00-04:00,100000.0,0
2025-03-19 14:30:00-04:00,100000.0,0
2025-03-19 15:30:00-04:00,100000.0,0
2025-03-20 09:30:00-04:00,100000.0,0
2025-03-20 10:30:00-04:00,100000.0,0
2025-03-20 11:30:00-04:00,100000.0,0
2025-03-20 12:30:00-04:00,100000.0,0
2025-03-20 13:30:00-04:00,100000.0,0
2025-03-20 14:30:00-04:00,100000.0,0
2025-03-20 15:30:00-04:00,100000.0,0
2025-03-21 09:30:00-04:00,100000.0,0
2025-03-21 10:30:00-04:00,100000.0,0
2025-03-21 11:30:00-04:00,100000.0,0
2025-03-21 12:30:00-04:00,100000.0,0
2025-03-21 13:30:00-04:00,100000.0,0
2025-03-21 14:30:00-04:00,100000.0,0
2025-03-21 15:30:00-04:00,100000.0,0
2025-03-24 09:30:00-04:00,100000.0,0
2025-03-24 10:30:00-04:00,100000.0,0
2025-03-24 11:30:00-04:00,100000.0,0
2025-03-24 12:30:00-04:00,100000.0,0
2025-03-24 13:30:00-04:00,100000.0,0
2025-03-24 14:30:00-04:00,100000.0,0
2025-03-24 15:30:00-04:00,100000.0,0
2025-03-25 09:30:00-04:00,100000.0,0
2025-03-25 10:30:00-04:00,100000.0,0
2025-03-25 11:30:00-04:00,100000.0,0
2025-03-25 12:30:00-04:00,100000.0,0
2025-03-25 13:30:00-04:00,100000.0,0
2025-03-25 14:30:00-04:00,100000.0,0
2025-03-25 15:30:00-04:00,100000.0,0
2025-03-26 09:30:00-04:00,100000.0,0
2025-03-26 10:30:00-04:00,100000.0,0
2025-03-26 11:30:00-04:00,100000.0,0
2025-03-26 12:30:00-04:00,100000.0,0
2025-03-26 13:30:00-04:00,100000.0,0
2025-03-26 14:30:00-04:00,100000.0,0
2025-03-26 15:30:00-04:00,100000.0,0
2025-03-27 09:30:00-04:00,100000.0,0
2025-03-27 10:30:00-04:00,100000.0,0
2025-03-27 11:30:00-04:00,100000.0,0
2025-03-27 12:30:00-04:00,100000.0,0
2025-03-27 13:30:00-04:00,100000.0,0
2025-03-27 14:30:00-04:00,100000.0,0
2025-03-27 15:30:00-04:00,100000.0,0
2025-03-28 09:30:00-04:00,100000.0,0
2025-03-28 10:30:00-04:00,100000.0,0
2025-03-28 11:30:00-04:00,100000.0,0
2025-03-28 12:30:00-04:00,100000.0,0
2025-03-28 13:30:00-04:00,100000.0,0
2025-03-28 14:30:00-04:00,100000.0,0
2025-03-28 15:30:00-04:00,100000.0,0
2025-03-31 09:30:00-04:00,100000.0,0
2025-03-31 10:30:00-04:00,100000.0,0
2025-03-31 11:30:00-04:00,100000.0,0
2025-03-31 12:30:00-04:00,100000.0,0
2025-03-31 13:30:00-04:00,100000.0,0
2025-03-31 14:30:00-04:00,100000.0,0
2025-03-31 15:30:00-04:00,100000.0,0
2025-04-01 09:30:00-04:00,100000.0,0
2025-04-01 10:30:00-04:00,100000.0,0
2025-04-01 11:30:00-04:00,100000.0,0
2025-04-01 12:30:00-04:00,100000.0,0
2025-04-01 13:30:00-04:00,100000.0,0
2025-04-01 14:30:00-04:00,100000.0,0
2025-04-01 15:30:00-04:00,100000.0,0
2025-04-02 09:30:00-04:00,100000.0,0
2025-04-02 10:30:00-04:00,100000.0,0
2025-04-02 11:30:00-04:00,100000.0,0
2025-04-02 12:30:00-04:00,100000.0,0
2025-04-02 13:30:00-04:00,100000.0,0
2025-04-02 14:30:00-04:00,100000.0,0
2025-04-02 15:30:00-04:00,100000.0,0
2025-04-03 09:30:00-04:00,100000.0,0
2025-04-03 10:30:00-04:00,100000.0,0
2025-04-03 11:30:00-04:00,100000.0,0
2025-04-03 12:30:00-04:00,100000.0,0
2025-04-03 13:30:00-04:00,100000.0,0
2025-04-03 14:30:00-04:00,100000.0,0
2025-04-03 15:30:00-04:00,100000.0,0
2025-04-04 09:30:00-04:00,100000.0,0
2025-04-04 10:30:00-04:00,100000.0,0
2025-04-04 11:30:00-04:00,100000.0,0
2025-04-04 12:30:00-04:00,100000.0,0
2025-04-04 13:30:00-04:00,100000.0,0
2025-04-04 14:30:00-04:00,100000.0,0
2025-04-04 15:30:00-04:00,100000.0,0
2025-04-07 09:30:00-04:00,100000.0,0
2025-04-07 10:30:00-04:00,100000.0,0
2025-04-07 11:30:00-04:00,100000.0,0
2025-04-07 12:30:00-04:00,100000.0,0
2025-04-07 13:30:00-04:00,100000.0,0
2025-04-07 14:30:00-04:00,100000.0,0
2025-04-07 15:30:00-04:00,100000.0,0
2025-04-08 09:30:00-04:00,100000.0,0
2025-04-08 10:30:00-04:00,100000.0,0
2025-04-08 11:30:00-04:00,100000.0,0
2025-04-08 12:30:00-04:00,100000.0,0
2025-04-08 13:30:00-04:00,100000.0,0
2025-04-08 14:30:00-04:00,100000.0,0
2025-04-08 15:30:00-04:00,100000.0,0
2025-04-09 09:30:00-04:00,100000.0,0
2025-04-09 10:30:00-04:00,100000.0,0
2025-04-09 11:30:00-04:00,100000.0,0
2025-04-09 12:30:00-04:00,100000.0,0
2025-04-09 13:30:00-04:00,100000.0,0
2025-04-09 14:30:00-04:00,100000.0,0
2025-04-09 15:30:00-04:00,100000.0,0
2025-04-10 09:30:00-04:00,100000.0,0
2025-04-10 10:30:00-04:00,100000.0,0
2025-04-10 11:30:00-04:00,100000.0,0
2025-04-10 12:30:00-04:00,100000.0,0
2025-04-10 13:30:00-04:00,100000.0,0
2025-04-10 14:30:00-04:00,100000.0,0
2025-04-10 15:30:00-04:00,100000.0,0
2025-04-11 09:30:00-04:00,100000.0,0
2025-04-11 10:30:00-04:00,100000.0,0
2025-04-11 11:30:00-04:00,100000.0,0
2025-04-11 12:30:00-04:00,100000.0,0
2025-04-11 13:30:00-04:00,100000.0,0
2025-04-11 14:30:00-04:00,100000.0,0
2025-04-11 15:30:00-04:00,100000.0,0
2025-04-14 09:30:00-04:00,100000.0,0
2025-04-14 10:30:00-04:00,100000.0,0
2025-04-14 11:30:00-04:00,100000.0,0
2025-04-14 12:30:00-04:00,100000.0,0
2025-04-14 13:30:00-04:00,100000.0,0
2025-04-14 14:30:00-04:00,100000.0,0
2025-04-14 15:30:00-04:00,100000.0,0
2025-04-15 09:30:00-04:00,100000.0,0
2025-04-15 10:30:00-04:00,100000.0,0
2025-04-15 11:30:00-04:00,100000.0,0
2025-04-15 12:30:00-04:00,100000.0,0
2025-04-15 13:30:00-04:00,100000.0,0
2025-04-15 14:30:00-04:00,100000.0,0
2025-04-15 15:30:00-04:00,100000.0,0
2025-04-16 09:30:00-04:00,100000.0,0
2025-04-16 10:30:00-04:00,100000.0,0
2025-04-16 11:30:00-04:00,100000.0,0
2025-04-16 12:30:00-04:00,100000.0,0
2025-04-16 13:30:00-04:00,100000.0,0
2025-04-16 14:30:00-04:00,100000.0,0
2025-04-16 15:30:00-04:00,100000.0,0
2025-04-17 09:30:00-04:00,100000.0,0
2025-04-17 10:30:00-04:00,100000.0,0
2025-04-17 11:30:00-04:00,100000.0,0
2025-04-17 12:30:00-04:00,100000.0,0
2025-04-17 13:30:00-04:00,100000.0,0
2025-04-17 14:30:00-04:00,100000.0,0
2025-04-17 15:30:00-04:00,100000.0,0
2025-04-21 09:30:00-04:00,100000.0,0
2025-04-21 10:30:00-04:00,100000.0,0
2025-04-21 11:30:00-04:00,100000.0,0
2025-04-21 12:30:00-04:00,100000.0,0
2025-04-21 13:30:00-04:00,100000.0,0
2025-04-21 14:30:00-04:00,100000.0,0
2025-04-21 15:30:00-04:00,100000.0,0
2025-04-22 09:30:00-04:00,100000.0,0
2025-04-22 10:30:00-04:00,100000.0,0
2025-04-22 11:30:00-04:00,100000.0,0
2025-04-22 12:30:00-04:00,100000.0,0
2025-04-22 13:30:00-04:00,100000.0,0
2025-04-22 14:30:00-04:00,100000.0,0
2025-04-22 15:30:00-04:00,100000.0,0
2025-04-23 09:30:00-04:00,100000.0,0
2025-04-23 10:30:00-04:00,100000.0,0
2025-04-23 11:30:00-04:00,100000.0,0
2025-04-23 12:30:00-04:00,100000.0,0
2025-04-23 13:30:00-04:00,100000.0,0
2025-04-23 14:30:00-04:00,100000.0,0
2025-04-23 15:30:00-04:00,100000.0,0
2025-04-24 09:30:00-04:00,100000.0,0
2025-04-24 10:30:00-04:00,100000.0,0
2025-04-24 11:30:00-04:00,100000.0,0
2025-04-24 12:30:00-04:00,100000.0,0
2025-04-24 13:30:00-04:00,100000.0,0
2025-04-24 14:30:00-04:00,100000.0,0
2025-04-24 15:30:00-04:00,100000.0,0
2025-04-25 09:30:00-04:00,100000.0,0
2025-04-25 10:30:00-04:00,100000.0,0
2025-04-25 11:30:00-04:00,100000.0,0
2025-04-25 12:30:00-04:00,100000.0,0
2025-04-25 13:30:00-04:00,100000.0,0
2025-04-25 14:30:00-04:00,100000.0,0
2025-04-25 15:30:00-04:00,100000.0,0
2025-04-28 09:30:00-04:00,100000.0,0
2025-04-28 10:30:00-04:00,100000.0,0
2025-04-28 11:30:00-04:00,100000.0,0
2025-04-28 12:30:00-04:00,100000.0,0
2025-04-28 13:30:00-04:00,100000.0,0
2025-04-28 14:30:00-04:00,100000.0,0
2025-04-28 15:30:00-04:00,100000.0,0
2025-04-29 09:30:00-04:00,100000.0,0
2025-04-29 10:30:00-04:00,100000.0,0
2025-04-29 11:30:00-04:00,100000.0,0
2025-04-29 12:30:00-04:00,100000.0,0
2025-04-29 13:30:00-04:00,100000.0,0
2025-04-29 14:30:00-04:00,100000.0,0
2025-04-29 15:30:00-04:00,100000.0,0
2025-04-30 09:30:00-04:00,100000.0,0
2025-04-30 10:30:00-04:00,100000.0,0
2025-04-30 11:30:00-04:00,100000.0,0
2025-04-30 12:30:00-04:00,100000.0,0
2025-04-30 13:30:00-04:00,100000.0,0
2025-04-30 14:30:00-04:00,100000.0,0
2025-04-30 15:30:00-04:00,100000.0,0
2025-05-01 09:30:00-04:00,100000.0,0
2025-05-01 10:30:00-04:00,100000.0,0
2025-05-01 11:30:00-04:00,100000.0,0
2025-05-01 12:30:00-04:00,100000.0,0
2025-05-01 13:30:00-04:00,100000.0,0
2025-05-01 14:30:00-04:00,100000.0,0
2025-05-01 15:30:00-04:00,100000.0,0
2025-05-02 09:30:00-04:00,100000.0,0
2025-05-02 10:30:00-04:00,100000.0,0
2025-05-02 11:30:00-04:00,100000.0,0
2025-05-02 12:30:00-04:00,100000.0,0
2025-05-02 13:30:00-04:00,100000.0,0
2025-05-02 14:30:00-04:00,100000.0,0
2025-05-02 15:30:00-04:00,100000.0,0
2025-05-05 09:30:00-04:00,100000.0,0
2025-05-05 10:30:00-04:00,100000.0,0
2025-05-05 11:30:00-04:00,100000.0,0
2025-05-05 12:30:00-04:00,100000.0,0
2025-05-05 13:30:00-04:00,100000.0,0
2025-05-05 14:30:00-04:00,100000.0,0
2025-05-05 15:30:00-04:00,100000.0,0
2025-05-06 09:30:00-04:00,100000.0,0
2025-05-06 10:30:00-04:00,100000.0,0
2025-05-06 11:30:00-04:00,100000.0,0
2025-05-06 12:30:00-04:00,100000.0,0
2025-05-06 13:30:00-04:00,100000.0,0
2025-05-06 14:30:00-04:00,100000.0,0
2025-05-06 15:30:00-04:00,100000.0,0
2025-05-07 09:30:00-04:00,100000.0,0
2025-05-07 10:30:00-04:00,100000.0,0
2025-05-07 11:30:00-04:00,100000.0,0
2025-05-07 12:30:00-04:00,100000.0,0
2025-05-07 13:30:00-04:00,100000.0,0
2025-05-07 14:30:00-04:00,100000.0,0
2025-05-07 15:30:00-04:00,100000.0,0
2025-05-08 09:30:00-04:00,100000.0,0
2025-05-08 10:30:00-04:00,100000.0,0
2025-05-08 11:30:00-04:00,100000.0,0
2025-05-08 12:30:00-04:00,100000.0,0
2025-05-08 13:30:00-04:00,100000.0,0
2025-05-08 14:30:00-04:00,100000.0,0
2025-05-08 15:30:00-04:00,100000.0,0
2025-05-09 09:30:00-04:00,100000.0,0
2025-05-09 10:30:00-04:00,100000.0,0
2025-05-09 11:30:00-04:00,100000.0,0
2025-05-09 12:30:00-04:00,100000.0,0
2025-05-09 13:30:00-04:00,100000.0,0
2025-05-09 14:30:00-04:00,100000.0,0
2025-05-09 15:30:00-04:00,100000.0,0
2025-05-12 09:30:00-04:00,100000.0,0
2025-05-12 10:30:00-04:00,100000.0,0
2025-05-12 11:30:00-04:00,100000.0,0
2025-05-12 12:30:00-04:00,100000.0,0
2025-05-12 13:30:00-04:00,100000.0,0
2025-05-12 14:30:00-04:00,100000.0,0
2025-05-12 15:30:00-04:00,100000.0,0
2025-05-13 09:30:00-04:00,100000.0,0
2025-05-13 10:30:00-04:00,100000.0,0
2025-05-13 11:30:00-04:00,100000.0,0
2025-05-13 12:30:00-04:00,100000.0,0
2025-05-13 13:30:00-04:00,100000.0,0
2025-05-13 14:30:00-04:00,100000.0,0
2025-05-13 15:30:00-04:00,100000.0,0
2025-05-14 09:30:00-04:00,100000.0,0
2025-05-14 10:30:00-04:00,100000.0,0
2025-05-14 11:30:00-04:00,100000.0,0
2025-05-14 12:30:00-04:00,100000.0,0
2025-05-14 13:30:00-04:00,100000.0,0
2025-05-14 14:30:00-04:00,100000.0,0
2025-05-14 15:30:00-04:00,100000.0,0
2025-05-15 09:30:00-04:00,100000.0,0
2025-05-15 10:30:00-04:00,100000.0,0
2025-05-15 11:30:00-04:00,100000.0,0
2025-05-15 12:30:00-04:00,100000.0,0
2025-05-15 13:30:00-04:00,100000.0,0
2025-05-15 14:30:00-04:00,100000.0,0
2025-05-15 15:30:00-04:00,100000.0,0
2025-05-16 09:30:00-04:00,100000.0,0
2025-05-16 10:30:00-04:00,100000.0,0
2025-05-16 11:30:00-04:00,100000.0,0
2025-05-16 12:30:00-04:00,100000.0,0
2025-05-16 13:30:00-04:00,100000.0,0
2025-05-16 14:30:00-04:00,100000.0,0
2025-05-16 15:30:00-04:00,100000.0,0
2025-05-19 09:30:00-04:00,100000.0,0
2025-05-19 10:30:00-04:00,100000.0,0
2025-05-19 11:30:00-04:00,100000.0,0
2025-05-19 12:30:00-04:00,100000.0,0
2025-05-19 13:30:00-04:00,100000.0,0
2025-05-19 14:30:00-04:00,100000.0,0
2025-05-19 15:30:00-04:00,100000.0,0
2025-05-20 09:30:00-04:00,100000.0,0
2025-05-20 10:30:00-04:00,100000.0,0
2025-05-20 11:30:00-04:00,100000.0,0
2025-05-20 12:30:00-04:00,100000.0,0
2025-05-20 13:30:00-04:00,100000.0,0
2025-05-20 14:30:00-04:00,100000.0,0
2025-05-20 15:30:00-04:00,100000.0,0
2025-05-21 09:30:00-04:00,100000.0,0
2025-05-21 10:30:00-04:00,100000.0,0
2025-05-21 11:30:00-04:00,100000.0,0
2025-05-21 12:30:00-04:00,100000.0,0
2025-05-21 13:30:00-04:00,100000.0,0
2025-05-21 14:30:00-04:00,100000.0,0
2025-05-21 15:30:00-04:00,100000.0,0
2025-05-22 09:30:00-04:00,100000.0,0
2025-05-22 10:30:00-04:00,100000.0,0
2025-05-22 11:30:00-04:00,100000.0,0
2025-05-22 12:30:00-04:00,100000.0,0
2025-05-22 13:30:00-04:00,100000.0,0
2025-05-22 14:30:00-04:00,100000.0,0
2025-05-22 15:30:00-04:00,100000.0,0
2025-05-23 09:30:00-04:00,100000.0,0
2025-05-23 10:30:00-04:00,100000.0,0
2025-05-23 11:30:00-04:00,100000.0,0
2025-05-23 12:30:00-04:00,100000.0,0
2025-05-23 13:30:00-04:00,100000.0,0
2025-05-23 14:30:00-04:00,100000.0,0
2025-05-23 15:30:00-04:00,100000.0,0
2025-05-27 09:30:00-04:00,100000.0,0
2025-05-27 10:30:00-04:00,100000.0,0
2025-05-27 11:30:00-04:00,100000.0,0
2025-05-27 12:30:00-04:00,100000.0,0
2025-05-27 13:30:00-04:00,100000.0,0
2025-05-27 14:30:00-04:00,100000.0,0
2025-05-27 15:30:00-04:00,100000.0,0
2025-05-28 09:30:00-04:00,100000.0,0
2025-05-28 10:30:00-04:00,100000.0,0
2025-05-28 11:30:00-04:00,100000.0,0
2025-05-28 12:30:00-04:00,100000.0,0
2025-05-28 13:30:00-04:00,100000.0,0
2025-05-28 14:30:00-04:00,100000.0,0
2025-05-28 15:30:00-04:00,100000.0,0
2025-05-29 09:30:00-04:00,100000.0,0
2025-05-29 10:30:00-04:00,100000.0,0
2025-05-29 11:30:00-04:00,100000.0,0
2025-05-29 12:30:00-04:00,100000.0,0
2025-05-29 13:30:00-04:00,100000.0,0
2025-05-29 14:30:00-04:00,100000.0,0
2025-05-29 15:30:00-04:00,100000.0,0
2025-05-30 09:30:00-04:00,100000.0,0
2025-05-30 10:30:00-04:00,100000.0,0
2025-05-30 11:30:00-04:00,100000.0,0
2025-05-30 12:30:00-04:00,100000.0,0
2025-05-30 13:30:00-04:00,100000.0,0
2025-05-30 14:30:00-04:00,100000.0,0
2025-05-30 15:30:00-04:00,100000.0,0
2025-06-02 09:30:00-04:00,100000.0,0
2025-06-02 10:30:00-04:00,100000.0,0
2025-06-02 11:30:00-04:00,100000.0,0
2025-06-02 12:30:00-04:00,100000.0,0
2025-06-02 13:30:00-04:00,100000.0,0
2025-06-02 14:30:00-04:00,100000.0,0
2025-06-02 15:30:00-04:00,100000.0,0
2025-06-03 09:30:00-04:00,100000.0,0
2025-06-03 10:30:00-04:00,100000.0,0
2025-06-03 11:30:00-04:00,100000.0,0
2025-06-03 12:30:00-04:00,100000.0,0
2025-06-03 13:30:00-04:00,100000.0,0
2025-06-03 14:30:00-04:00,100000.0,0
2025-06-03 15:30:00-04:00,100000.0,0
2025-06-04 09:30:00-04:00,100000.0,0
2025-06-04 10:30:00-04:00,100000.0,0
2025-06-04 11:30:00-04:00,100000.0,0
2025-06-04 12:30:00-04:00,100000.0,0
2025-06-04 13:30:00-04:00,100000.0,0
2025-06-04 14:30:00-04:00,100000.0,0
2025-06-04 15:30:00-04:00,100000.0,0
2025-06-05 09:30:00-04:00,100000.0,0
2025-06-05 10:30:00-04:00,100000.0,0
2025-06-05 11:30:00-04:00,100000.0,0
2025-06-05 12:30:00-04:00,100000.0,0
2025-06-05 13:30:00-04:00,100000.0,0
2025-06-05 14:30:00-04:00,100000.0,0
2025-06-05 15:30:00-04:00,100000.0,0
2025-06-06 09:30:00-04:00,100000.0,0
2025-06-06 10:30:00-04:00,100000.0,0
2025-06-06 11:30:00-04:00,100000.0,0
2025-06-06 12:30:00-04:00,100000.0,0
2025-06-06 13:30:00-04:00,100000.0,0
2025-06-06 14:30:00-04:00,100000.0,0
2025-06-06 15:30:00-04:00,100000.0,0
2025-06-09 09:30:00-04:00,100000.0,0
2025-06-09 10:30:00-04:00,100000.0,0
2025-06-09 11:30:00-04:00,100000.0,0
2025-06-09 12:30:00-04:00,100000.0,0
2025-06-09 13:30:00-04:00,100000.0,0
2025-06-09 14:30:00-04:00,100000.0,0
2025-06-09 15:30:00-04:00,100000.0,0
2025-06-10 09:30:00-04:00,100000.0,0
2025-06-10 10:30:00-04:00,99924.5395433963,1
2025-06-10 11:30:00-04:00,101285.41238694084,1
2025-06-10 12:30:00-04:00,101314.03480240691,1
2025-06-10 13:30:00-04:00,100320.4250555041,1
2025-06-10 14:30:00-04:00,101834.44235633555,1
2025-06-10 15:30:00-04:00,101412.16778543044,1
2025-06-11 09:30:00-04:00,103209.81429317413,1
2025-06-11 10:30:00-04:00,102856.68160872559,1
2025-06-11 11:30:00-04:00,100775.03721296873,1
2025-06-11 12:30:00-04:00,101183.93291392476,1
2025-06-11 13:30:00-04:00,98768.11455032977,1
2025-06-11 14:30:00-04:00,99120.87855367744,1
2025-06-11 15:30:00-04:00,100440.48747400858,1
2025-06-12 09:30:00-04:00,101330.01571012565,1
2025-06-12 10:30:00-04:00,100737.8642319708,1
2025-06-12 11:30:00-04:00,101462.72672639861,1
2025-06-12 12:30:00-04:00,101035.24098993305,1
2025-06-12 13:30:00-04:00,100180.28369704424,1
2025-06-12 14:30:00-04:00,100737.8642319708,1
2025-06-12 15:30:00-04:00,100775.03721296873,1
2025-06-13 09:30:00-04:00,94678.8101297322,1
2025-06-13 10:30:00-04:00,97448.12985887661,1
2025-06-13 11:30:00-04:00,97503.51710426203,1
2025-06-13 12:30:00-04:00,96537.4166395015,1
2025-06-13 13:30:00-04:00,95124.87172166498,1
2025-06-13 14:30:00-04:00,94400.01631725836,1
2025-06-13 15:30:00-04:00,94456.1480148667,1
2025-06-16 09:30:00-04:00,101314.03480240691,1
2025-06-16 10:30:00-04:00,101260.88091369026,1
2025-06-16 11:30:00-04:00,101629.99450585752,1
2025-06-16 12:30:00-04:00,102020.30726132517,1
2025-06-16 13:30:00-04:00,101332.61774789529,1
2025-06-16 14:30:00-04:00,101630.37027697958,1
2025-06-16 15:30:00-04:00,101555.65563388285,1
2025-06-17 09:30:00-04:00,102838.09157321605,1
2025-06-17 10:30:00-04:00,101890.94273504477,1
2025-06-17 11:30:00-04:00,101927.37835384095,1
2025-06-17 12:30:00-04:00,100998.0750989563,1
2025-06-17 13:30:00-04:00,99492.60127363553,1
2025-06-17 14:30:00-04:00,99994.42588207578,1
2025-06-17 15:30:00-04:00,99492.60127363553,1
2025-06-18 09:30:00-04:00,102665.95294921286,1
2025-06-18 10:30:00-04:00,101499.89261737537,1
2025-06-18 11:30:00-04:00,101834.44235633555,1
2025-06-18 12:30:00-04:00,100770.57758965237,1
2025-06-18 13:30:00-04:00,101035.24098993305,1
2025-06-18 14:30:00-04:00,99492.60127363553,1
2025-06-18 15:30:00-04:00,100327.85539769098,1
2025-06-20 09:30:00-04:00,100496.25049051605,1
2025-06-20 10:30:00-04:00,98154.40231779487,1
2025-06-20 11:30:00-04:00,98433.19613026873,1
2025-06-20 12:30:00-04:00,97243.68909841977,1
2025-06-20 13:30:00-04:00,98991.14534629615,1
2025-06-20 14:30:00-04:00,98488.95205675504,1
2025-06-20 15:30:00-04:00,98842.08474120358,1
2025-06-23 09:30:00-04:00,100765.37351411309,1
2025-06-23 10:30:00-04:00,99566.94723563139,1
2025-06-23 11:30:00-04:00,97466.71989438616,1
2025-06-23 12:30:00-04:00,99678.83485972603,1
2025-06-23 13:30:00-04:00,99763.5818827793,1
2025-06-23 14:30:00-04:00,99827.1510125957,1
2025-06-23 15:30:00-04:00,100180.28369704424,1
2025-06-24 09:30:00-04:00,107057.49788229578,1
2025-06-24 10:30:00-04:00,108469.66702901025,1
2025-06-24 11:30:00-04:00,108692.7049149978,1
2025-06-24 12:30:00-04:00,108246.63623304386,1
2025-06-24 13:30:00-04:00,108785.63382248204,1
2025-06-24 14:30:00-04:00,108636.94189849033,1
2025-06-24 15:30:00-04:00,109175.93948792851,1
2025-06-25 09:30:00-04:00,109955.81345661971,1
2025-06-25 10:30:00-04:00,109547.6622078866,1
2025-06-25 11:30:00-04:00,109863.62191133722,1
2025-06-25 12:30:00-04:00,110737.16923973558,1
2025-06-25 13:30:00-04:00,110402.6195007754,1
2025-06-25 14:30:00-04:00,110811.51520173142,1
2025-06-25 15:30:00-04:00,111424.85166314429,1
2025-06-26 09:30:00-04:00,113599.42496638537,1
2025-06-26 10:30:00-04:00,112474.22442655457,1
2025-06-26 11:30:00-04:00,113413.56006139575,1
2025-06-26 12:30:00-04:00,112967.86715056386,1
2025-06-26 13:30:00-04:00,113599.42496638537,1
2025-06-26 14:30:00-04:00,113378.99620818863,1
2025-06-26 15:30:00-04:00,113599.42496638537,1
2025-06-27 09:30:00-04:00,115272.16657116504,1
2025-06-27 10:30:00-04:00,114710.87086514504,1
2025-06-27 11:30:00-04:00,114268.5244443057,1
2025-06-27 12:30:00-04:00,113562.62066648832,1
2025-06-27 13:30:00-04:00,111369.09573665798,1
2025-06-27 14:30:00-04:00,111935.60260823843,1
2025-06-27 15:30:00-04:00,113246.28519191567,1
2025-06-30 09:30:00-04:00,113246.28519191567,1
2025-06-30 10:30:00-04:00,113097.60035794512,1
2025-06-30 11:30:00-04:00,113423.59953137345,1
2025-06-30 12:30:00-04:00,113060.4273769472,1
2025-06-30 13:30:00-04:00,112651.53167599118,1
2025-06-30 14:30:00-04:00,112707.66337359953,1
2025-06-30 15:30:00-04:00,113004.6714504609,1
2025-07-01 09:30:00-04:00,110458.37542726171,1
2025-07-01 10:30:00-04:00,110253.55889568283,1
2025-07-01 11:30:00-04:00,113134.77333894305,1
2025-07-01 12:30:00-04:00,112818.80654547126,1
2025-07-01 13:30:00-04:00,113153.35628443143,1
2025-07-01 14:30:00-04:00,112744.46767349658,1
2025-07-01 15:30:00-04:00,111759.40140210446,1
2025-07-02 09:30:00-04:00,113525.07900438952,1
2025-07-02 10:30:00-04:00,116498.84658401193,1
2025-07-02 11:30:00-04:00,116982.08824696382,1
2025-07-02 12:30:00-04:00,116907.74228496796,1
2025-07-02 13:30:00-04:00,117298.04795041443,1
2025-07-02 14:30:00-04:00,116833.39632297211,1
2025-07-02 15:30:00-04:00,116944.91526596589,1
2025-07-03 09:30:00-04:00,118985.29573850933,1
2025-07-03 10:30:00-04:00,118729.55158486137,1
2025-07-03 11:30:00-04:00,118394.62607477917,1
2025-07-07 09:30:00-04:00,114900.45094122812,1
2025-07-07 10:30:00-04:00,113859.62874334969,1
2025-07-07 11:30:00-04:00,114194.17848230986,1
2025-07-07 12:30:00-04:00,113710.5681382571,1
2025-07-07 13:30:00-04:00,111666.10381351935,1
2025-07-07 14:30:00-04:00,112409.9179345364,1
2025-07-07 15:30:00-04:00,112707.29469249865,1
2025-07-08 09:30:00-04:00,116963.49821145427,1
2025-07-08 10:30:00-04:00,118171.59527881278,1
2025-07-08 11:30:00-04:00,119323.92932966382,1
2025-07-08 12:30:00-04:00,118645.54192400987,1
2025-07-08 13:30:00-04:00,119082.31558820905,1
2025-07-08 14:30:00-04:00,118599.07392525718,1
2025-07-08 15:30:00-04:00,117985.7374638443,1
2025-07-09 09:30:00-04:00,119403.855138321,1
2025-07-09 10:30:00-04:00,117706.94365137046,1
2025-07-09 11:30:00-04:00,117845.22742428358,1
2025-07-09 12:30:00-04:00,118542.94222764882,1
2025-07-09 13:30:00-04:00,118859.27770222149,1
2025-07-09 14:30:00-04:00,118989.37959070364,1
2025-07-09 15:30:00-04:00,118954.81573749654,1
2025-07-10 09:30:00-04:00,121515.97244506949,1
2025-07-10 10:30:00-04:00,122902.86566631045,1
2025-07-10 11:30:00-04:00,122390.63290679162,1
2025-07-10 12:30:00-04:00,122339.65565457437,1
2025-07-10 13:30:00-04:00,122409.21585228,1
2025-07-10 14:30:00-04:00,121887.69516502759,1
2025-07-10 15:30:00-04:00,121925.9812793493,1
2025-07-11 09:30:00-04:00,120922.3320624688,1
2025-07-11 10:30:00-04:00,120722.35092532833,1
2025-07-11 11:30:00-04:00,121089.60693194889,1
2025-07-11 12:30:00-04:00,121758.70640986922,1
2025-07-11 13:30:00-04:00,121777.2893553576,1
2025-07-11 14:30:00-04:00,121535.67561390283,1
2025-07-11 15:30:00-04:00,121331.22776342482,1
2025-07-14 09:30:00-04:00,116467.62213077622,1
2025-07-14 10:30:00-04:00,117818.46259436423,1
2025-07-14 11:30:00-04:00,118153.0123333244,1
2025-07-14 12:30:00-04:00,118877.86773773104,1
2025-07-14 13:30:00-04:00,119142.53113801172,1
2025-07-14 14:30:00-04:00,118543.31799877087,1
2025-07-14 15:30:00-04:00,118431.7990557771,1
2025-07-15 09:30:00-04:00,124026.20862059452,1
2025-07-15 10:30:00-04:00,123450.03805015844,1
2025-07-15 11:30:00-04:00,123041.14234920242,1
2025-07-15 12:30:00-04:00,122148.64339421483,1
2025-07-15 13:30:00-04:00,123189.83427319412,1
2025-07-15 14:30:00-04:00,121479.91259739536,1
2025-07-15 15:30:00-04:00,121331.22776342482,1
2025-07-16 09:30:00-04:00,116424.50771203726,1
2025-07-16 10:30:00-04:00,115272.16657116504,1
2025-07-16 11:30:00-04:00,115979.18348230622,1
2025-07-16 12:30:00-04:00,117539.66878189037,1
2025-07-16 13:30:00-04:00,117762.69957785675,1
2025-07-16 14:30:00-04:00,119286.75634866589,1
2025-07-16 15:30:00-04:00,120457.68043502647,1
2025-07-17 09:30:00-04:00,120420.50745402856,1
2025-07-17 10:30:00-04:00,121572.84859490076,1
2025-07-17 11:30:00-04:00,121833.05237186508,1
2025-07-17 12:30:00-04:00,121694.02414672902,1
2025-07-17 13:30:00-04:00,121767.62565650196,1
2025-07-17 14:30:00-04:00,121554.63433051328,1
2025-07-17 15:30:00-04:00,121554.25855939121,1
2025-07-18 09:30:00-04:00,119974.44586209577,1
2025-07-18 10:30:00-04:00,121230.11697150962,1
2025-07-18 11:30:00-04:00,121289.59515911053,1
2025-07-18 12:30:00-04:00,121368.40074442275,1
2025-07-18 13:30:00-04:00,121405.57372542068,1
2025-07-18 14:30:00-04:00,121907.39833386093,1
2025-07-18 15:30:00-04:00,121665.77750238498,1
2025-07-21 09:30:00-04:00,125265.5230511676,1
2025-07-21 10:30:00-04:00,124713.89104400325,1
2025-07-21 11:30:00-04:00,123548.546804304,1
2025-07-21 12:30:00-04:00,124249.23941656093,1
2025-07-21 13:30:00-04:00,124397.92425053146,1
2025-07-21 14:30:00-04:00,123041.14234920242,1
2025-07-21 15:30:00-04:00,122074.66611331984,1
2025-07-22 09:30:00-04:00,116405.91767652771,1
2025-07-22 10:30:00-04:00,117762.33089675588,1
2025-07-22 11:30:00-04:00,117018.8854568397,1
2025-07-22 12:30:00-04:00,117428.14983889658,1
2025-07-22 13:30:00-04:00,117298.04795041443,1
2025-07-22 14:30:00-04:00,118069.37135357378,1
2025-07-22 15:30:00-04:00,117762.69957785675,1
2025-07-23 09:30:00-04:00,114082.2908582152,1
2025-07-23 10:30:00-04:00,114175.5884468003,1
2025-07-23 11:30:00-04:00,114733.17607174802,1
2025-07-23 12:30:00-04:00,114844.68792472067,1
2025-07-23 13:30:00-04:00,115420.48981405588,1
2025-07-23 14:30:00-04:00,115196.70747584538,1
2025-07-23 15:30:00-04:00,115903.72438698658,1
2025-07-24 09:30:00-04:00,114156.63682021106,1
2025-07-24 10:30:00-04:00,115221.99049134007,1
2025-07-24 11:30:00-04:00,114863.27796023019,1
2025-07-24 12:30:00-04:00,114993.37984871236,1
2025-07-24 13:30:00-04:00,115272.16657116504,1
2025-07-24 14:30:00-04:00,115378.93519997447,1
2025-07-24 15:30:00-04:00,115197.82769919035,1
2025-07-25 09:30:00-04:00,113450.12537085917,0
2025-07-25 10:30:00-04:00,113450.12537085917,0
2025-07-25 11:30:00-04:00,113450.12537085917,0
2025-07-25 12:30:00-04:00,113450.12537085917,0
2025-07-25 13:30:00-04:00,113450.12537085917,0
2025-07-25 14:30:00-04:00,113450.12537085917,0
2025-07-25 15:30:00-04:00,113450.12537085917,0
2025-07-28 09:30:00-04:00,113450.12537085917,0
2025-07-28 10:30:00-04:00,113450.12537085917,0
2025-07-28 11:30:00-04:00,113450.12537085917,0
2025-07-28 12:30:00-04:00,113450.12537085917,0
2025-07-28 13:30:00-04:00,113450.12537085917,0
2025-07-28 14:30:00-04:00,113450.12537085917,0
2025-07-28 15:30:00-04:00,113450.12537085917,0
2025-07-29 09:30:00-04:00,113450.12537085917,0
2025-07-29 10:30:00-04:00,113450.12537085917,0
2025-07-29 11:30:00-04:00,113450.12537085917,0
2025-07-29 12:30:00-04:00,113450.12537085917,0
2025-07-29 13:30:00-04:00,113450.12537085917,0
2025-07-29 14:30:00-04:00,113450.12537085917,0
2025-07-29 15:30:00-04:00,113450.12537085917,0
2025-07-30 09:30:00-04:00,113450.12537085917,0
2025-07-30 10:30:00-04:00,113450.12537085917,0
2025-07-30 11:30:00-04:00,113450.12537085917,0
2025-07-30 12:30:00-04:00,113450.12537085917,0
2025-07-30 13:30:00-04:00,113450.12537085917,0
2025-07-30 14:30:00-04:00,113450.12537085917,0
2025-07-30 15:30:00-04:00,113450.12537085917,0
2025-07-31 09:30:00-04:00,113450.12537085917,0
2025-07-31 10:30:00-04:00,113450.12537085917,0
2025-07-31 11:30:00-04:00,113450.12537085917,0
2025-07-31 12:30:00-04:00,113450.12537085917,0
2025-07-31 13:30:00-04:00,113450.12537085917,0
2025-07-31 14:30:00-04:00,113450.12537085917,0
2025-07-31 15:30:00-04:00,113450.12537085917,0
2025-08-01 09:30:00-04:00,113450.12537085917,0
2025-08-01 10:30:00-04:00,113450.12537085917,0
2025-08-01 11:30:00-04:00,113450.12537085917,0
2025-08-01 12:30:00-04:00,113450.12537085917,0
2025-08-01 13:30:00-04:00,113450.12537085917,0
2025-08-01 14:30:00-04:00,113450.12537085917,0
2025-08-01 15:30:00-04:00,113450.12537085917,0
2025-08-04 09:30:00-04:00,113450.12537085917,0
2025-08-04 10:30:00-04:00,113450.12537085917,0
2025-08-04 11:30:00-04:00,113450.12537085917,0
2025-08-04 12:30:00-04:00,113450.12537085917,0
2025-08-04 13:30:00-04:00,113450.12537085917,0
2025-08-04 14:30:00-04:00,113450.12537085917,0
2025-08-04 15:30:00-04:00,113450.12537085917,0
2025-08-05 09:30:00-04:00,113450.12537085917,0
2025-08-05 10:30:00-04:00,113450.12537085917,0
2025-08-05 11:30:00-04:00,113450.12537085917,0
2025-08-05 12:30:00-04:00,113450.12537085917,0
2025-08-05 13:30:00-04:00,113450.12537085917,0
2025-08-05 14:30:00-04:00,113450.12537085917,0
2025-08-05 15:30:00-04:00,113450.12537085917,0
2025-08-06 09:30:00-04:00,113450.12537085917,0
2025-08-06 10:30:00-04:00,113450.12537085917,0
2025-08-06 11:30:00-04:00,113450.12537085917,0
2025-08-06 12:30:00-04:00,113450.12537085917,0
2025-08-06 13:30:00-04:00,113450.12537085917,0
2025-08-06 14:30:00-04:00,113450.12537085917,0
2025-08-06 15:30:00-04:00,113450.12537085917,0
2025-08-07 09:30:00-04:00,113450.12537085917,0
2025-08-07 10:30:00-04:00,113450.12537085917,0
2025-08-07 11:30:00-04:00,113450.12537085917,0
2025-08-07 12:30:00-04:00,113450.12537085917,0
2025-08-07 13:30:00-04:00,113450.12537085917,0
2025-08-07 14:30:00-04:00,113450.12537085917,0
2025-08-07 15:30:00-04:00,113450.12537085917,0
2025-08-08 09:30:00-04:00,113450.12537085917,0
2025-08-08 10:30:00-04:00,113450.12537085917,0
2025-08-08 11:30:00-04:00,113450.12537085917,0
2025-08-08 12:30:00-04:00,113450.12537085917,0
2025-08-08 13:30:00-04:00,113450.12537085917,0
2025-08-08 14:30:00-04:00,113450.12537085917,0
2025-08-08 15:30:00-04:00,113450.12537085917,0
2025-08-11 09:30:00-04:00,113450.12537085917,0
2025-08-11 10:30:00-04:00,113450.12537085917,0
2025-08-11 11:30:00-04:00,113450.12537085917,0
2025-08-11 12:30:00-04:00,113450.12537085917,0
2025-08-11 13:30:00-04:00,113450.12537085917,0
2025-08-11 14:30:00-04:00,113450.12537085917,0
2025-08-11 15:30:00-04:00,113450.12537085917,0
2025-08-12 09:30:00-04:00,113450.12537085917,0
2025-08-12 10:30:00-04:00,113450.12537085917,0
2025-08-12 11:30:00-04:00,113450.12537085917,0
2025-08-12 12:30:00-04:00,113450.12537085917,0
2025-08-12 13:30:00-04:00,113450.12537085917,0
2025-08-12 14:30:00-04:00,113450.12537085917,0
2025-08-12 15:30:00-04:00,113450.12537085917,0
2025-08-13 09:30:00-04:00,113450.12537085917,0
2025-08-13 10:30:00-04:00,112893.81730990655,1
2025-08-13 11:30:00-04:00,112956.69444664667,1
2025-08-13 12:30:00-04:00,113958.08706044596,1
2025-08-13 13:30:00-04:00,113648.39692257918,1
2025-08-13 14:30:00-04:00,114434.41810205471,1
2025-08-13 15:30:00-04:00,114685.94463961227,1
2025-08-14 09:30:00-04:00,112610.84920554611,1
2025-08-14 10:30:00-04:00,112364.03620441943,1
2025-08-14 11:30:00-04:00,111824.82802607057,1
2025-08-14 12:30:00-04:00,113255.38633284142,1
2025-08-14 13:30:00-04:00,113035.30136208677,1
2025-08-14 14:30:00-04:00,113758.4394079565,1
2025-08-14 15:30:00-04:00,115000.3543107756,1
2025-08-15 09:30:00-04:00,109985.53534772768,1
2025-08-15 10:30:00-04:00,109340.99822043235,1
2025-08-15 11:30:00-04:00,108036.20618087312,1
2025-08-15 12:30:00-04:00,108539.2592559882,1
2025-08-15 13:30:00-04:00,109089.15984585903,1
2025-08-15 14:30:00-04:00,108837.63330830148,1
2025-08-15 15:30:00-04:00,108554.97704095682,1
2025-08-18 09:30:00-04:00,108869.38671212016,1
2025-08-18 10:30:00-04:00,108964.02324954467,1
2025-08-18 11:30:00-04:00,108955.53768459595,1
2025-08-18 12:30:00-04:00,109083.18696763364,1
2025-08-18 13:30:00-04:00,108982.88938899954,1
2025-08-18 14:30:00-04:00,108931.64017482872,1
2025-08-18 15:30:00-04:00,109215.23795008642,1
2025-08-19 09:30:00-04:00,108272.00893659636,1
2025-08-19 10:30:00-04:00,107769.27369536275,1
2025-08-19 11:30:00-04:00,106805.29552659174,1
2025-08-19 12:30:00-04:00,105841.00552080495,1
2025-08-19 13:30:00-04:00,105736.49709300628,0
2025-08-19 14:30:00-04:00,105736.49709300628,0
2025-08-19 15:30:00-04:00,105736.49709300628,0
2025-08-20 09:30:00-04:00,105736.49709300628,0
2025-08-20 10:30:00-04:00,105736.49709300628,0
2025-08-20 11:30:00-04:00,105736.49709300628,0
2025-08-20 12:30:00-04:00,105736.49709300628,0
2025-08-20 13:30:00-04:00,105736.49709300628,0
2025-08-20 14:30:00-04:00,105736.49709300628,0
2025-08-20 15:30:00-04:00,105736.49709300628,0
2025-08-21 09:30:00-04:00,105736.49709300628,0
2025-08-21 10:30:00-04:00,105736.49709300628,0
2025-08-21 11:30:00-04:00,105736.49709300628,0
2025-08-21 12:30:00-04:00,105736.49709300628,0
2025-08-21 13:30:00-04:00,105736.49709300628,0
2025-08-21 14:30:00-04:00,105736.49709300628,0
2025-08-21 15:30:00-04:00,105736.49709300628,0
2025-08-22 09:30:00-04:00,105736.49709300628,0
2025-08-22 10:30:00-04:00,105736.49709300628,0
2025-08-22 11:30:00-04:00,105736.49709300628,0
2025-08-22 12:30:00-04:00,105736.49709300628,0
2025-08-22 13:30:00-04:00,105736.49709300628,0
2025-08-22 14:30:00-04:00,105736.49709300628,0
2025-08-22 15:30:00-04:00,105736.49709300628,0
2025-08-25 09:30:00-04:00,105736.49709300628,0
2025-08-25 10:30:00-04:00,105736.49709300628,0
2025-08-25 11:30:00-04:00,105736.49709300628,0
2025-08-25 12:30:00-04:00,105736.49709300628,0
2025-08-25 13:30:00-04:00,105736.49709300628,0
2025-08-25 14:30:00-04:00,105736.49709300628,0
2025-08-25 15:30:00-04:00,105736.49709300628,0
2025-08-26 09:30:00-04:00,105736.49709300628,0
2025-08-26 10:30:00-04:00,105736.49709300628,0
2025-08-26 11:30:00-04:00,105736.49709300628,0
2025-08-26 12:30:00-04:00,105736.49709300628,0
2025-08-26 13:30:00-04:00,105736.49709300628,0
2025-08-26 14:30:00-04:00,105736.49709300628,0
2025-08-26 15:30:00-04:00,105736.49709300628,0
2025-08-27 09:30:00-04:00,105736.49709300628,0
2025-08-27 10:30:00-04:00,105736.49709300628,0
2025-08-27 11:30:00-04:00,105736.49709300628,0
2025-08-27 12:30:00-04:00,105736.49709300628,0
2025-08-27 13:30:00-04:00,105736.49709300628,0
2025-08-27 14:30:00-04:00,105736.49709300628,0
2025-08-27 15:30:00-04:00,105736.49709300628,0
2025-08-28 09:30:00-04:00,105736.49709300628,0
2025-08-28 10:30:00-04:00,105726.54346130961,1
2025-08-28 11:30:00-04:00,106655.27094510767,1
2025-08-28 12:30:00-04:00,106505.27226822017,1
2025-08-28 13:30:00-04:00,106744.4866655559,1
2025-08-28 14:30:00-04:00,107029.21404323936,1
2025-08-28 15:30:00-04:00,106505.27226822017,1
2025-08-29 09:30:00-04:00,100274.83078547058,1
2025-08-29 10:30:00-04:00,100292.79042451619,1
2025-08-29 11:30:00-04:00,99725.7340947134,1
2025-08-29 12:30:00-04:00,98900.59575313711,1
2025-08-29 13:30:00-04:00,98032.34856731429,1
2025-08-29 14:30:00-04:00,97970.41586847547,0
2025-08-29 15:30:00-04:00,97970.41586847547,0
2025-09-02 09:30:00-04:00,97970.41586847547,0
2025-09-02 10:30:00-04:00,97970.41586847547,0
2025-09-02 11:30:00-04:00,97970.41586847547,0
2025-09-02 12:30:00-04:00,97970.41586847547,0
2025-09-02 13:30:00-04:00,97970.41586847547,0
2025-09-02 14:30:00-04:00,97970.41586847547,0
2025-09-02 15:30:00-04:00,97970.41586847547,0
2025-09-03 09:30:00-04:00,97970.41586847547,0
2025-09-03 10:30:00-04:00,97970.41586847547,0
2025-09-03 11:30:00-04:00,97970.41586847547,0
2025-09-03 12:30:00-04:00,97970.41586847547,0
2025-09-03 13:30:00-04:00,97970.41586847547,0
2025-09-03 14:30:00-04:00,97970.41586847547,0
2025-09-03 15:30:00-04:00,97970.41586847547,0
2025-09-04 09:30:00-04:00,97970.41586847547,0
2025-09-04 10:30:00-04:00,97970.41586847547,0
2025-09-04 11:30:00-04:00,97970.41586847547,0
2025-09-04 12:30:00-04:00,97970.41586847547,0
2025-09-04 13:30:00-04:00,97970.41586847547,0
2025-09-04 14:30:00-04:00,97970.41586847547,0
2025-09-04 15:30:00-04:00,97970.41586847547,0
2025-09-05 09:30:00-04:00,97970.41586847547,0
2025-09-05 10:30:00-04:00,97970.41586847547,0
2025-09-05 11:30:00-04:00,97970.41586847547,0
2025-09-05 12:30:00-04:00,97970.41586847547,0
2025-09-05 13:30:00-04:00,97970.41586847547,0
2025-09-05 14:30:00-04:00,97970.41586847547,0
2025-09-05 15:30:00-04:00,97970.41586847547,0
2025-09-08 09:30:00-04:00,97970.41586847547,0
2025-09-08 10:30:00-04:00,97970.41586847547,0
2025-09-08 11:30:00-04:00,97970.41586847547,0
2025-09-08 12:30:00-04:00,97970.41586847547,0
2025-09-08 13:30:00-04:00,97970.41586847547,0
2025-09-08 14:30:00-04:00,97970.41586847547,0
2025-09-08 15:30:00-04:00,97970.41586847547,0
2025-09-09 09:30:00-04:00,97970.41586847547,0
2025-09-09 10:30:00-04:00,97970.41586847547,0
2025-09-09 11:30:00-04:00,97970.41586847547,0
2025-09-09 12:30:00-04:00,97970.41586847547,0
2025-09-09 13:30:00-04:00,97970.41586847547,0
2025-09-09 14:30:00-04:00,97970.41586847547,0
2025-09-09 15:30:00-04:00,97970.41586847547,0
2025-09-10 09:30:00-04:00,97970.41586847547,0
2025-09-10 10:30:00-04:00,97970.41586847547,0
2025-09-10 11:30:00-04:00,97970.41586847547,0
2025-09-10 12:30:00-04:00,97970.41586847547,0
2025-09-10 13:30:00-04:00,97970.41586847547,0
2025-09-10 14:30:00-04:00,97970.41586847547,0
2025-09-10 15:30:00-04:00,97970.41586847547,0
2025-09-11 09:30:00-04:00,97970.41586847547,0
2025-09-11 10:30:00-04:00,98362.52480657029,1
2025-09-11 11:30:00-04:00,97986.14491299636,1
2025-09-11 12:30:00-04:00,98241.36053876026,1
2025-09-11 13:30:00-04:00,97892.11783381535,1
2025-09-11 14:30:00-04:00,97878.68246588008,1
2025-09-11 15:30:00-04:00,97932.41368943821,1
2025-09-12 09:30:00-04:00,97636.89708395994,1
2025-09-12 10:30:00-04:00,97838.38661025722,1
2025-09-12 11:30:00-04:00,98523.44177630325,1
2025-09-12 12:30:00-04:00,98281.66151847463,1
2025-09-12 13:30:00-04:00,98496.5812886157,1
2025-09-12 14:30:00-04:00,98563.74275601761,1
2025-09-12 15:30:00-04:00,98201.06468313742,1
2025-09-15 09:30:00-04:00,100014.44992344688,1
2025-09-15 10:30:00-04:00,99262.23328999893,1
2025-09-15 11:30:00-04:00,99307.63274076425,1
2025-09-15 12:30:00-04:00,99208.5020664408,1
2025-09-15 13:30:00-04:00,99902.95994040492,1
2025-09-15 14:30:00-04:00,99786.09990946205,1
2025-09-15 15:30:00-04:00,100260.53441814265,1
2025-09-16 09:30:00-04:00,101119.14256358161,1
2025-09-16 10:30:00-04:00,99960.72382398025,1
2025-09-16 11:30:00-04:00,100121.91237056316,1
2025-09-16 12:30:00-04:00,100457.7248316643,1
2025-09-16 13:30:00-04:00,101085.55926783489,1
2025-09-16 14:30:00-04:00,101226.061856998,1
2025-09-16 15:30:00-04:00,101485.04369002066,1
2025-09-17 09:30:00-04:00,101599.48514977151,1
2025-09-17 10:30:00-04:00,101115.91438593126,1
2025-09-17 11:30:00-04:00,101250.24244482661,1
2025-09-17 12:30:00-04:00,101102.75059484591,1
2025-09-17 13:30:00-04:00,101587.12584105301,1
2025-09-17 14:30:00-04:00,101935.29761087264,1
2025-09-17 15:30:00-04:00,101411.43099140952,1
2025-09-18 09:30:00-04:00,110894.77673757824,1
2025-09-18 10:30:00-04:00,110505.23305291898,1
2025-09-18 11:30:00-04:00,111149.99748743366,1
2025-09-18 12:30:00-04:00,110209.7164474407,1
2025-09-18 13:30:00-04:00,109766.44153922329,1
2025-09-18 14:30:00-04:00,110041.27731137325,1
2025-09-18 15:30:00-04:00,109941.070577833,1
2025-09-19 09:30:00-04:00,107496.35627094413,1
2025-09-19 10:30:00-04:00,106154.18248575642,1
2025-09-19 11:30:00-04:00,107845.59385179753,1
2025-09-19 12:30:00-04:00,107469.48553507356,1
2025-09-19 13:30:00-04:00,107724.70628492898,1
2025-09-19 14:30:00-04:00,108131.44642069077,1
2025-09-19 15:30:00-04:00,108167.98119314639,1
2025-09-22 09:30:00-04:00,110451.50182936083,1
2025-09-22 10:30:00-04:00,111257.44968636693,1
2025-09-22 11:30:00-04:00,112278.32243760559,1
2025-09-22 12:30:00-04:00,112318.61829322844,1
2025-09-22 13:30:00-04:00,112788.48723637497,1
2025-09-22 14:30:00-04:00,112564.43121107426,1
2025-09-22 15:30:00-04:00,112097.52399281964,1
2025-09-23 09:30:00-04:00,113970.8201110465,1
2025-09-23 10:30:00-04:00,113970.8201110465,1
2025-09-23 11:30:00-04:00,113258.8993332214,1
2025-09-23 12:30:00-04:00,112185.90432315826,1
2025-09-23 13:30:00-04:00,110948.50796113638,1
2025-09-23 14:30:00-04:00,111050.05720665185,1
2025-09-23 15:30:00-04:00,111808.18704170061,1
2025-09-24 09:30:00-04:00,110948.77441389482,1
2025-09-24 10:30:00-04:00,111794.75167376533,1
2025-09-24 11:30:00-04:00,109547.49935724806,1
2025-09-24 12:30:00-04:00,111015.6643044468,1
2025-09-24 13:30:00-04:00,111516.69797214803,1
2025-09-24 14:30:00-04:00,111279.74973261192,1
2025-09-24 15:30:00-04:00,111338.05164579565,1
2025-09-25 09:30:00-04:00,108275.71009302112,1
2025-09-25 10:30:00-04:00,108055.68160364608,1
2025-09-25 11:30:00-04:00,109779.87690715858,1
2025-09-25 12:30:00-04:00,109672.4144600423,1
2025-09-25 13:30:00-04:00,109685.84982797758,1
2025-09-25 14:30:00-04:00,109645.55397235474,1
2025-09-25 15:30:00-04:00,110451.50182936083,1
2025-09-26 09:30:00-04:00,108611.24585318078,1
2025-09-26 10:30:00-04:00,109296.30614331832,1
2025-09-26 11:30:00-04:00,110155.71877112411,1
2025-09-26 12:30:00-04:00,111123.12675156308,1
2025-09-26 13:30:00-04:00,111338.05164579565,1
2025-09-26 14:30:00-04:00,110935.0725932011,1
2025-09-26 15:30:00-04:00,110908.21210551354,1
2025-09-29 09:30:00-04:00,114629.00966531347,1
2025-09-29 10:30:00-04:00,113552.79672578299,1
2025-09-29 11:30:00-04:00,112876.87781489662,1
2025-09-29 12:30:00-04:00,112573.57259032542,1
2025-09-29 13:30:00-04:00,112358.9141488513,1
2025-09-29 14:30:00-04:00,111221.72452036965,1
2025-09-29 15:30:00-04:00,110935.0725932011,1
2025-09-30 09:30:00-04:00,112652.8217895959,1
2025-09-30 10:30:00-04:00,111485.80994853479,1
2025-09-30 11:30:00-04:00,111230.8556514378,1
2025-09-30 12:30:00-04:00,110088.82888057214,1
2025-09-30 13:30:00-04:00,111050.85656492718,1
2025-09-30 14:30:00-04:00,112188.05644159183,1
2025-09-30 15:30:00-04:00,113245.46396528611,1
2025-10-01 09:30:00-04:00,114164.51077006785,1
2025-10-01 10:30:00-04:00,114234.09593275329,1
2025-10-01 11:30:00-04:00,115542.41996943585,1
2025-10-01 12:30:00-04:00,116039.4261012114,1
2025-10-01 13:30:00-04:00,116395.91939564083,1
2025-10-01 14:30:00-04:00,117206.43794227252,1
2025-10-01 15:30:00-04:00,118645.32383059167,1
2025-10-02 09:30:00-04:00,123857.13978571827,1
2025-10-02 10:30:00-04:00,123521.32732461714,1
2025-10-02 11:30:00-04:00,124246.68347037754,1
2025-10-02 12:30:00-04:00,124448.1627484918,1
2025-10-02 13:30:00-04:00,124488.45860411465,1
2025-10-02 14:30:00-04:00,125191.52495181306,1
2025-10-02 15:30:00-04:00,124474.76703160393,1
2025-10-03 09:30:00-04:00,125576.49794684675,1
2025-10-03 10:30:00-04:00,126140.39396917427,1
2025-10-03 11:30:00-04:00,125952.60626357072,1
2025-10-03 12:30:00-04:00,123758.54201691168,1
2025-10-03 13:30:00-04:00,123185.51486351601,1
2025-10-03 14:30:00-04:00,122648.21287611761,1
2025-10-03 15:30:00-04:00,122312.40041501648,1
2025-10-06 09:30:00-04:00,134038.9658176853,1
2025-10-06 10:30:00-04:00,134318.09557851937,1
2025-10-06 11:30:00-04:00,135203.5693357374,1
2025-10-06 12:30:00-04:00,134992.68222561353,1
2025-10-06 13:30:00-04:00,134240.45534398255,1
2025-10-06 14:30:00-04:00,133044.96380231722,1
2025-10-06 15:30:00-04:00,131594.25151079643,1
2025-10-07 09:30:00-04:00,132171.84935381767,1
2025-10-07 10:30:00-04:00,127027.21023836752,1
2025-10-07 11:30:00-04:00,124985.19828313176,1
2025-10-07 12:30:00-04:00,125966.04163150601,1
2025-10-07 13:30:00-04:00,124743.67935397007,1
2025-10-07 14:30:00-04:00,124475.03348436237,1
2025-10-07 15:30:00-04:00,123951.16686489926,1
2025-10-08 09:30:00-04:00,128921.18718992271,1
2025-10-08 10:30:00-04:00,130892.81462419771,1
2025-10-08 11:30:00-04:00,131431.9920290882,1
2025-10-08 12:30:00-04:00,132077.82227463668,1
2025-10-08 13:30:00-04:00,132158.4242340654,1
2025-10-08 14:30:00-04:00,133582.53224247403,1
2025-10-08 15:30:00-04:00,134629.99902864185,1
2025-10-09 09:30:00-04:00,132776.31793270953,1
2025-10-09 10:30:00-04:00,131325.33918843028,1
2025-10-09 11:30:00-04:00,132547.95767054165,1
2025-10-09 12:30:00-04:00,130049.52238827765,1
2025-10-09 13:30:00-04:00,131325.60564118874,1
2025-10-09 14:30:00-04:00,131676.72888771724,1
2025-10-09 15:30:00-04:00,133098.16212035844,1
2025-10-10 09:30:00-04:00,132831.65812100132,1
2025-10-10 10:30:00-04:00,120955.7152026767,1
2025-10-10 11:30:00-04:00,120827.51994344784,0
2025-10-10 12:30:00-04:00,120827.51994344784,0
2025-10-10 13:30:00-04:00,120827.51994344784,0
2025-10-10 14:30:00-04:00,120827.51994344784,0
2025-10-10 15:30:00-04:00,120827.51994344784,0
2025-10-13 09:30:00-04:00,120827.51994344784,0
2025-10-13 10:30:00-04:00,120827.51994344784,0
2025-10-13 11:30:00-04:00,120827.51994344784,0
2025-10-13 12:30:00-04:00,120827.51994344784,0
2025-10-13 13:30:00-04:00,120827.51994344784,0
2025-10-13 14:30:00-04:00,120827.51994344784,0
2025-10-13 15:30:00-04:00,120827.51994344784,0
2025-10-14 09:30:00-04:00,120827.51994344784,0
2025-10-14 10:30:00-04:00,120827.51994344784,0
2025-10-14 11:30:00-04:00,120827.51994344784,0
2025-10-14 12:30:00-04:00,120827.51994344784,0
2025-10-14 13:30:00-04:00,120827.51994344784,0
2025-10-14 14:30:00-04:00,120827.51994344784,0
2025-10-14 15:30:00-04:00,120827.51994344784,0
2025-10-15 09:30:00-04:00,120827.51994344784,0
2025-10-15 10:30:00-04:00,120827.51994344784,0
2025-10-15 11:30:00-04:00,120827.51994344784,0
2025-10-15 12:30:00-04:00,120827.51994344784,0
2025-10-15 13:30:00-04:00,120827.51994344784,0
2025-10-15 14:30:00-04:00,120827.51994344784,0
2025-10-15 15:30:00-04:00,120827.51994344784,0
2025-10-16 09:30:00-04:00,120827.51994344784,0
2025-10-16 10:30:00-04:00,120827.51994344784,0
2025-10-16 11:30:00-04:00,120827.51994344784,0
2025-10-16 12:30:00-04:00,120827.51994344784,0
2025-10-16 13:30:00-04:00,120827.51994344784,0
2025-10-16 14:30:00-04:00,120827.51994344784,0
2025-10-16 15:30:00-04:00,120827.51994344784,0
2025-10-17 09:30:00-04:00,120827.51994344784,0
2025-10-17 10:30:00-04:00,120827.51994344784,0
2025-10-17 11:30:00-04:00,120827.51994344784,0
2025-10-17 12:30:00-04:00,120827.51994344784,0
2025-10-17 13:30:00-04:00,120827.51994344784,0
2025-10-17 14:30:00-04:00,120827.51994344784,0
2025-10-17 15:30:00-04:00,120827.51994344784,0
2025-10-20 09:30:00-04:00,120827.51994344784,0
2025-10-20 10:30:00-04:00,120827.51994344784,0
2025-10-20 11:30:00-04:00,120827.51994344784,0
2025-10-20 12:30:00-04:00,120827.51994344784,0
2025-10-20 13:30:00-04:00,120827.51994344784,0
2025-10-20 14:30:00-04:00,120827.51994344784,0
2025-10-20 15:30:00-04:00,120827.51994344784,0
2025-10-21 09:30:00-04:00,120827.51994344784,0
2025-10-21 10:30:00-04:00,120827.51994344784,0
2025-10-21 11:30:00-04:00,121824.84481376133,1
2025-10-21 12:30:00-04:00,120456.07689400426,1
2025-10-21 13:30:00-04:00,120893.87451686274,1
2025-10-21 14:30:00-04:00,120637.8547997111,1
2025-10-21 15:30:00-04:00,120661.12528378151,1
2025-10-22 09:30:00-04:00,114807.61746853913,1
2025-10-22 10:30:00-04:00,112033.07614348305,1
2025-10-22 11:30:00-04:00,111961.71489123827,0
2025-10-22 12:30:00-04:00,111961.71489123827,0
2025-10-22 13:30:00-04:00,111961.71489123827,0
2025-10-22 14:30:00-04:00,111961.71489123827,0
2025-10-22 15:30:00-04:00,111961.71489123827,0
2025-10-23 09:30:00-04:00,111961.71489123827,0
2025-10-23 10:30:00-04:00,111961.71489123827,0
2025-10-23 11:30:00-04:00,111961.71489123827,0
2025-10-23 12:30:00-04:00,111961.71489123827,0
2025-10-23 13:30:00-04:00,111961.71489123827,0
2025-10-23 14:30:00-04:00,111961.71489123827,0
2025-10-23 15:30:00-04:00,111961.71489123827,0
2025-10-24 09:30:00-04:00,111961.71489123827,0
2025-10-24 10:30:00-04:00,111961.71489123827,0
2025-10-24 11:30:00-04:00,111961.71489123827,0
2025-10-24 12:30:00-04:00,111961.71489123827,0
2025-10-24 13:30:00-04:00,111961.71489123827,0
2025-10-24 14:30:00-04:00,111961.71489123827,0
2025-10-24 15:30:00-04:00,111961.71489123827,0
2025-10-27 09:30:00-04:00,111961.71489123827,0
2025-10-27 10:30:00-04:00,111961.71489123827,0
2025-10-27 11:30:00-04:00,111961.71489123827,0
2025-10-27 12:30:00-04:00,111961.71489123827,0
2025-10-27 13:30:00-04:00,111961.71489123827,0
2025-10-27 14:30:00-04:00,111961.71489123827,0
2025-10-27 15:30:00-04:00,111961.71489123827,0
2025-10-28 09:30:00-04:00,111961.71489123827,0
2025-10-28 10:30:00-04:00,111961.71489123827,0
2025-10-28 11:30:00-04:00,111961.71489123827,0
2025-10-28 12:30:00-04:00,111961.71489123827,0
2025-10-28 13:30:00-04:00,111961.71489123827,0
2025-10-28 14:30:00-04:00,111961.71489123827,0
2025-10-28 15:30:00-04:00,111961.71489123827,0
2025-10-29 09:30:00-04:00,111961.71489123827,0
2025-10-29 10:30:00-04:00,111961.71489123827,0
2025-10-29 11:30:00-04:00,111961.71489123827,0
2025-10-29 12:30:00-04:00,111961.71489123827,0
2025-10-29 13:30:00-04:00,111961.71489123827,0
2025-10-29 14:30:00-04:00,111961.71489123827,0
2025-10-29 15:30:00-04:00,111961.71489123827,0
2025-10-30 09:30:00-04:00,111961.71489123827,0
2025-10-30 10:30:00-04:00,111961.71489123827,0
2025-10-30 11:30:00-04:00,111961.71489123827,0
2025-10-30 12:30:00-04:00,111961.71489123827,0
2025-10-30 13:30:00-04:00,111961.71489123827,0
2025-10-30 14:30:00-04:00,111961.71489123827,0
2025-10-30 15:30:00-04:00,111961.71489123827,0
2025-10-31 09:30:00-04:00,111961.71489123827,0
2025-10-31 10:30:00-04:00,112264.41093068961,1
2025-10-31 11:30:00-04:00,109245.57266455884,1
2025-10-31 12:30:00-04:00,108178.48478515758,1
2025-10-31 13:30:00-04:00,109692.46855353897,1
2025-10-31 14:30:00-04:00,110896.35632670979,1
2025-10-31 15:30:00-04:00,109437.09947412176,1
2025-11-03 09:30:00-05:00,110549.78499868436,1
2025-11-03 10:30:00-05:00,110805.15407810158,1
2025-11-03 11:30:00-05:00,111461.82140133758,1
2025-11-03 12:30:00-05:00,111799.27041701652,1
2025-11-03 13:30:00-05:00,111446.3113828629,1
2025-11-03 14:30:00-05:00,111087.8831362727,1
2025-11-03 15:30:00-05:00,110987.558575318,1
2025-11-04 09:30:00-05:00,107084.04388528793,1
2025-11-04 10:30:00-05:00,105323.81334983581,1
2025-11-04 11:30:00-05:00,104557.69915329863,1
2025-11-04 12:30:00-05:00,104448.20117834842,0
2025-11-04 13:30:00-05:00,104448.20117834842,0
2025-11-04 14:30:00-05:00,104448.20117834842,0
2025-11-04 15:30:00-05:00,104448.20117834842,0
2025-11-05 09:30:00-05:00,104448.20117834842,0
2025-11-05 10:30:00-05:00,104448.20117834842,0
2025-11-05 11:30:00-05:00,104448.20117834842,0
2025-11-05 12:30:00-05:00,104448.20117834842,0
2025-11-05 13:30:00-05:00,104448.20117834842,0
2025-11-05 14:30:00-05:00,104448.20117834842,0
2025-11-05 15:30:00-05:00,104448.20117834842,0
2025-11-06 09:30:00-05:00,104448.20117834842,0
2025-11-06 10:30:00-05:00,104448.20117834842,0
2025-11-06 11:30:00-05:00,104448.20117834842,0
2025-11-06 12:30:00-05:00,104448.20117834842,0
2025-11-06 13:30:00-05:00,104448.20117834842,0
2025-11-06 14:30:00-05:00,104448.20117834842,0
2025-11-06 15:30:00-05:00,104448.20117834842,0
2025-11-07 09:30:00-05:00,104448.20117834842,0
2025-11-07 10:30:00-05:00,104448.20117834842,0
2025-11-07 11:30:00-05:00,104448.20117834842,0
2025-11-07 12:30:00-05:00,104448.20117834842,0
2025-11-07 13:30:00-05:00,104448.20117834842,0
2025-11-07 14:30:00-05:00,104448.20117834842,0
2025-11-07 15:30:00-05:00,104448.20117834842,0
2025-11-10 09:30:00-05:00,104448.20117834842,0
2025-11-10 10:30:00-05:00,104448.20117834842,0
2025-11-10 11:30:00-05:00,104448.20117834842,0
2025-11-10 12:30:00-05:00,104448.20117834842,0
2025-11-10 13:30:00-05:00,104448.20117834842,0
2025-11-10 14:30:00-05:00,104448.20117834842,0
2025-11-10 15:30:00-05:00,104448.20117834842,0
2025-11-11 09:30:00-05:00,104448.20117834842,0
2025-11-11 10:30:00-05:00,104448.20117834842,0
2025-11-11 11:30:00-05:00,104448.20117834842,0
2025-11-11 12:30:00-05:00,104448.20117834842,0
2025-11-11 13:30:00-05:00,104448.20117834842,0
2025-11-11 14:30:00-05:00,104448.20117834842,0
2025-11-11 15:30:00-05:00,104448.20117834842,0
2025-11-12 09:30:00-05:00,104448.20117834842,0
2025-11-12 10:30:00-05:00,104448.20117834842,0
2025-11-12 11:30:00-05:00,104448.20117834842,0
2025-11-12 12:30:00-05:00,104448.20117834842,0
2025-11-12 13:30:00-05:00,104448.20117834842,0
2025-11-12 14:30:00-05:00,104448.20117834842,0
2025-11-12 15:30:00-05:00,104448.20117834842,0
2025-11-13 09:30:00-05:00,104448.20117834842,0
2025-11-13 10:30:00-05:00,104448.20117834842,0
2025-11-13 11:30:00-05:00,104448.20117834842,0
2025-11-13 12:30:00-05:00,104448.20117834842,0
2025-11-13 13:30:00-05:00,104448.20117834842,0
2025-11-13 14:30:00-05:00,104448.20117834842,0
2025-11-13 15:30:00-05:00,104448.20117834842,0
2025-11-14 09:30:00-05:00,104448.20117834842,0
2025-11-14 10:30:00-05:00,104448.20117834842,0
2025-11-14 11:30:00-05:00,104448.20117834842,0
2025-11-14 12:30:00-05:00,104448.20117834842,0
2025-11-14 13:30:00-05:00,104448.20117834842,0
2025-11-14 14:30:00-05:00,104448.20117834842,0
2025-11-14 15:30:00-05:00,104448.20117834842,0
2025-11-17 09:30:00-05:00,104448.20117834842,0
2025-11-17 10:30:00-05:00,104448.20117834842,0
2025-11-17 11:30:00-05:00,104448.20117834842,0
2025-11-17 12:30:00-05:00,104448.20117834842,0
2025-11-17 13:30:00-05:00,104448.20117834842,0
2025-11-17 14:30:00-05:00,104448.20117834842,0
2025-11-17 15:30:00-05:00,104448.20117834842,0
2025-11-18 09:30:00-05:00,104448.20117834842,0
2025-11-18 10:30:00-05:00,104448.20117834842,0
2025-11-18 11:30:00-05:00,104448.20117834842,0
2025-11-18 12:30:00-05:00,104448.20117834842,0
2025-11-18 13:30:00-05:00,104448.20117834842,0
2025-11-18 14:30:00-05:00,104448.20117834842,0
2025-11-18 15:30:00-05:00,104448.20117834842,0
2025-11-19 09:30:00-05:00,104448.20117834842,0
2025-11-19 10:30:00-05:00,104448.20117834842,0
2025-11-19 11:30:00-05:00,104448.20117834842,0
2025-11-19 12:30:00-05:00,104448.20117834842,0
2025-11-19 13:30:00-05:00,104448.20117834842,0
2025-11-19 14:30:00-05:00,104448.20117834842,0
2025-11-19 15:30:00-05:00,104448.20117834842,0
2025-11-20 09:30:00-05:00,104448.20117834842,0
2025-11-20 10:30:00-05:00,104448.20117834842,0
2025-11-20 11:30:00-05:00,104448.20117834842,0
2025-11-20 12:30:00-05:00,104448.20117834842,0
2025-11-20 13:30:00-05:00,104448.20117834842,0
2025-11-20 14:30:00-05:00,104448.20117834842,0
2025-11-20 15:30:00-05:00,104448.20117834842,0
2025-11-21 09:30:00-05:00,104448.20117834842,0
2025-11-21 10:30:00-05:00,104448.20117834842,0
2025-11-21 11:30:00-05:00,104448.20117834842,0
2025-11-21 12:30:00-05:00,104448.20117834842,0
2025-11-21 13:30:00-05:00,104448.20117834842,0
2025-11-21 14:30:00-05:00,104448.20117834842,0
2025-11-21 15:30:00-05:00,104448.20117834842,0
2025-11-24 09:30:00-05:00,104448.20117834842,0
2025-11-24 10:30:00-05:00,104448.20117834842,0
2025-11-24 11:30:00-05:00,104448.20117834842,0
2025-11-24 12:30:00-05:00,104448.20117834842,0
2025-11-24 13:30:00-05:00,104448.20117834842,0
2025-11-24 14:30:00-05:00,104448.20117834842,0
2025-11-24 15:30:00-05:00,104448.20117834842,0
2025-11-25 09:30:00-05:00,104448.20117834842,0
2025-11-25 10:30:00-05:00,104448.20117834842,0
2025-11-25 11:30:00-05:00,104448.20117834842,0
2025-11-25 12:30:00-05:00,104448.20117834842,0
2025-11-25 13:30:00-05:00,104448.20117834842,0
2025-11-25 14:30:00-05:00,104448.20117834842,0
2025-11-25 15:30:00-05:00,104448.20117834842,0
2025-11-26 09:30:00-05:00,104448.20117834842,0
2025-11-26 10:30:00-05:00,104448.20117834842,0
2025-11-26 11:30:00-05:00,104448.20117834842,0
2025-11-26 12:30:00-05:00,104448.20117834842,0
2025-11-26 13:30:00-05:00,104448.20117834842,0
2025-11-26 14:30:00-05:00,104448.20117834842,0
2025-11-26 15:30:00-05:00,104448.20117834842,0
2025-11-28 09:30:00-05:00,104448.20117834842,0
2025-11-28 10:30:00-05:00,104448.20117834842,0
2025-11-28 11:30:00-05:00,104448.20117834842,0
2025-12-01 09:30:00-05:00,104448.20117834842,0
2025-12-01 10:30:00-05:00,104448.20117834842,0
2025-12-01 11:30:00-05:00,104448.20117834842,0
2025-12-01 12:30:00-05:00,104448.20117834842,0
2025-12-01 13:30:00-05:00,104448.20117834842,0
2025-12-01 14:30:00-05:00,104448.20117834842,0
2025-12-01 15:30:00-05:00,104448.20117834842,0
2025-12-02 09:30:00-05:00,104448.20117834842,0
2025-12-02 10:30:00-05:00,102162.466955713,1
2025-12-02 11:30:00-05:00,104115.77334451248,1
2025-12-02 12:30:00-05:00,104345.57925272362,1
2025-12-02 13:30:00-05:00,104793.11562994847,1
2025-12-02 14:30:00-05:00,105561.60447005263,1
2025-12-02 15:30:00-05:00,104728.57448941044,1
2025-12-03 09:30:00-05:00,106394.6344506948,1
2025-12-03 10:30:00-05:00,106222.28367211937,1
2025-12-03 11:30:00-05:00,106949.98046595704,1
2025-12-03 12:30:00-05:00,107486.18694661718,1
2025-12-03 13:30:00-05:00,108360.1916026728,1
2025-12-03 14:30:00-05:00,109784.18758740161,1
2025-12-03 15:30:00-05:00,110094.42337193691,1
2025-12-04 09:30:00-05:00,108453.25941596704,1
2025-12-04 10:30:00-05:00,108046.70501932151,1
2025-12-04 11:30:00-05:00,108252.1847251567,1
2025-12-04 12:30:00-05:00,108443.87958297883,1
2025-12-04 13:30:00-05:00,107390.43083227958,1
2025-12-04 14:30:00-05:00,106040.35582107703,1
2025-12-04 15:30:00-05:00,107467.03280168331,1
2025-12-05 09:30:00-05:00,111498.11830068889,1
2025-12-05 10:30:00-05:00,110550.19267110701,1
2025-12-05 11:30:00-05:00,110616.2605913137,1
2025-12-05 12:30:00-05:00,111373.64557928227,1
2025-12-05 13:30:00-05:00,111048.09816706528,1
2025-12-05 14:30:00-05:00,110913.4712650873,1
2025-12-05 15:30:00-05:00,109956.53836597703,1
2025-12-08 09:30:00-05:00,111833.25009053868,1
2025-12-08 10:30:00-05:00,111545.99635785769,1
2025-12-08 11:30:00-05:00,111532.78131278318,1
2025-12-08 12:30:00-05:00,112139.65066298767,1
2025-12-08 13:30:00-05:00,111718.3471364331,1
2025-12-08 14:30:00-05:00,111782.88097180527,1
2025-12-08 15:30:00-05:00,112790.75279258749,1
2025-12-09 09:30:00-05:00,111775.79496090295,1
2025-12-09 10:30:00-05:00,112273.70045686123,1
2025-12-09 11:30:00-05:00,112474.77514767156,1
2025-12-09 12:30:00-05:00,112388.59610580093,1
2025-12-09 13:30:00-05:00,112160.33158759018,1
2025-12-09 14:30:00-05:00,111967.29988441225,1
2025-12-09 15:30:00-05:00,112369.44926603293,1
2025-12-10 09:30:00-05:00,112359.872193566,1
2025-12-10 10:30:00-05:00,112216.2453272255,1
2025-12-10 11:30:00-05:00,111919.42182724345,1
2025-12-10 12:30:00-05:00,112501.19793265472,1
2025-12-10 13:30:00-05:00,113479.00169068035,1
2025-12-10 14:30:00-05:00,116437.68883869743,1
2025-12-10 15:30:00-05:00,115912.20634154718,1
2025-12-11 09:30:00-05:00,110492.74484663717,1
2025-12-11 10:30:00-05:00,108616.0404272414,1
2025-12-11 11:30:00-05:00,110492.93478095002,1
2025-12-11 12:30:00-05:00,111469.39438845396,1
2025-12-11 13:30:00-05:00,112645.59184141248,1
2025-12-11 14:30:00-05:00,113135.44704457246,1
2025-12-11 15:30:00-05:00,114313.17858236548,1
2025-12-12 09:30:00-05:00,104937.88940733192,1
2025-12-12 10:30:00-05:00,104826.48147834801,0
2025-12-12 11:30:00-05:00,104826.48147834801,0
2025-12-12 12:30:00-05:00,104826.48147834801,0
2025-12-12 13:30:00-05:00,104826.48147834801,0
2025-12-12 14:30:00-05:00,104826.48147834801,0
2025-12-12 15:30:00-05:00,104826.48147834801,0
2025-12-15 09:30:00-05:00,104826.48147834801,0
2025-12-15 10:30:00-05:00,104826.48147834801,0
2025-12-15 11:30:00-05:00,104826.48147834801,0
2025-12-15 12:30:00-05:00,104826.48147834801,0
2025-12-15 13:30:00-05:00,104826.48147834801,0
2025-12-15 14:30:00-05:00,104826.48147834801,0
2025-12-15 15:30:00-05:00,104826.48147834801,0
2025-12-16 09:30:00-05:00,104826.48147834801,0
2025-12-16 10:30:00-05:00,104826.48147834801,0
2025-12-16 11:30:00-05:00,104826.48147834801,0
2025-12-16 12:30:00-05:00,104826.48147834801,0
2025-12-16 13:30:00-05:00,104826.48147834801,0
2025-12-16 14:30:00-05:00,104826.48147834801,0
2025-12-16 15:30:00-05:00,104826.48147834801,0
2025-12-17 09:30:00-05:00,104826.48147834801,0
2025-12-17 10:30:00-05:00,104826.48147834801,0
2025-12-17 11:30:00-05:00,104826.48147834801,0
2025-12-17 12:30:00-05:00,104826.48147834801,0
2025-12-17 13:30:00-05:00,104826.48147834801,0
2025-12-17 14:30:00-05:00,104826.48147834801,0
2025-12-17 15:30:00-05:00,104826.48147834801,0
2025-12-18 09:30:00-05:00,104826.48147834801,0
2025-12-18 10:30:00-05:00,104826.48147834801,0
2025-12-18 11:30:00-05:00,104826.48147834801,0
2025-12-18 12:30:00-05:00,104826.48147834801,0
2025-12-18 13:30:00-05:00,104826.48147834801,0
2025-12-18 14:30:00-05:00,104826.48147834801,0
2025-12-18 15:30:00-05:00,104826.48147834801,0
2025-12-19 09:30:00-05:00,104826.48147834801,0
2025-12-19 10:30:00-05:00,104826.48147834801,0
2025-12-19 11:30:00-05:00,104826.48147834801,0
2025-12-19 12:30:00-05:00,104826.48147834801,0
2025-12-19 13:30:00-05:00,104826.48147834801,0
2025-12-19 14:30:00-05:00,104826.48147834801,0
2025-12-19 15:30:00-05:00,104826.48147834801,0
2025-12-22 09:30:00-05:00,104826.48147834801,0
2025-12-22 10:30:00-05:00,104826.48147834801,0
2025-12-22 11:30:00-05:00,104826.48147834801,0
2025-12-22 12:30:00-05:00,104826.48147834801,0
2025-12-22 13:30:00-05:00,104826.48147834801,0
2025-12-22 14:30:00-05:00,104826.48147834801,0
2025-12-22 15:30:00-05:00,104826.48147834801,0
2025-12-23 09:30:00-05:00,104826.48147834801,0
2025-12-23 10:30:00-05:00,104826.48147834801,0
2025-12-23 11:30:00-05:00,104826.48147834801,0
2025-12-23 12:30:00-05:00,104826.48147834801,0
2025-12-23 13:30:00-05:00,104826.48147834801,0
2025-12-23 14:30:00-05:00,104826.48147834801,0
2025-12-23 15:30:00-05:00,104826.48147834801,0
2025-12-24 09:30:00-05:00,104826.48147834801,0
2025-12-24 10:30:00-05:00,104826.48147834801,0
2025-12-24 11:30:00-05:00,104826.48147834801,0
2025-12-26 09:30:00-05:00,104826.48147834801,0
2025-12-26 10:30:00-05:00,104797.38533462322,1
2025-12-26 11:30:00-05:00,104610.71233217278,1
2025-12-26 12:30:00-05:00,104836.22759006527,1
2025-12-26 13:30:00-05:00,104837.73812222136,1
2025-12-26 14:30:00-05:00,104667.27816491286,1
2025-12-26 15:30:00-05:00,104290.1558296218,1
2025-12-29 09:30:00-05:00,102646.85509003255,1
2025-12-29 10:30:00-05:00,102602.53895377726,1
2025-12-29 11:30:00-05:00,101801.15848691517,1
2025-12-29 12:30:00-05:00,102329.13263352677,1
2025-12-29 13:30:00-05:00,102715.67781226766,1
2025-12-29 14:30:00-05:00,103298.70725946323,1
2025-12-29 15:30:00-05:00,103648.6759809962,1
2025-12-30 09:30:00-05:00,103991.85450083704,1
2025-12-30 10:30:00-05:00,105091.54348949414,1
2025-12-30 11:30:00-05:00,104319.57524161402,1
2025-12-30 12:30:00-05:00,104111.0282949415,1
2025-12-30 13:30:00-05:00,104073.31534211137,1
2025-12-30 14:30:00-05:00,103498.2053992198,1
2025-12-30 15:30:00-05:00,103328.50070798935,1
2025-12-31 09:30:00-05:00,102458.85857369298,1
2025-12-31 10:30:00-05:00,102564.8331939574,1
2025-12-31 11:30:00-05:00,102385.69846626683,1
2025-12-31 12:30:00-05:00,102319.70259706667,1
2025-12-31 13:30:00-05:00,101725.73977426518,1
2025-12-31 14:30:00-05:00,100500.0939828218,1
2025-12-31 15:30:00-05:00,100217.25043310094,1
2026-01-02 09:30:00-05:00,105977.53131523478,0
2026-01-02 10:30:00-05:00,105977.53131523478,0
2026-01-02 11:30:00-05:00,105977.53131523478,0
2026-01-02 12:30:00-05:00,105977.53131523478,0
2026-01-02 13:30:00-05:00,105977.53131523478,0
2026-01-02 14:30:00-05:00,105977.53131523478,0
2026-01-02 15:30:00-05:00,105977.53131523478,0
2026-01-05 09:30:00-05:00,105977.53131523478,0
2026-01-05 10:30:00-05:00,105977.53131523478,0
2026-01-05 11:30:00-05:00,105977.53131523478,0
2026-01-05 12:30:00-05:00,105977.53131523478,0
2026-01-05 13:30:00-05:00,105977.53131523478,0
2026-01-05 14:30:00-05:00,105977.53131523478,0
2026-01-05 15:30:00-05:00,105977.53131523478,0
2026-01-06 09:30:00-05:00,105977.53131523478,0
2026-01-06 10:30:00-05:00,105977.53131523478,0
2026-01-06 11:30:00-05:00,105977.53131523478,0
2026-01-06 12:30:00-05:00,105977.53131523478,0
2026-01-06 13:30:00-05:00,105977.53131523478,0
2026-01-06 14:30:00-05:00,105977.53131523478,0
2026-01-06 15:30:00-05:00,105977.53131523478,0
2026-01-07 09:30:00-05:00,105977.53131523478,0
2026-01-07 10:30:00-05:00,105977.53131523478,0
2026-01-07 11:30:00-05:00,105977.53131523478,0
2026-01-07 12:30:00-05:00,105977.53131523478,0
2026-01-07 13:30:00-05:00,105977.53131523478,0
2026-01-07 14:30:00-05:00,105977.53131523478,0
2026-01-07 15:30:00-05:00,105977.53131523478,0
2026-01-08 09:30:00-05:00,105977.53131523478,0
2026-01-08 10:30:00-05:00,105977.53131523478,0
2026-01-08 11:30:00-05:00,105977.53131523478,0
2026-01-08 12:30:00-05:00,105977.53131523478,0
2026-01-08 13:30:00-05:00,105977.53131523478,0
2026-01-08 14:30:00-05:00,105977.53131523478,0
2026-01-08 15:30:00-05:00,105977.53131523478,0
2026-01-09 09:30:00-05:00,105977.53131523478,0
2026-01-09 10:30:00-05:00,105977.53131523478,0
2026-01-09 11:30:00-05:00,105977.53131523478,0
2026-01-09 12:30:00-05:00,105977.53131523478,0
2026-01-09 13:30:00-05:00,105977.53131523478,0
2026-01-09 14:30:00-05:00,105977.53131523478,0
2026-01-09 15:30:00-05:00,105977.53131523478,0
2026-01-12 09:30:00-05:00,105977.53131523478,0
2026-01-12 10:30:00-05:00,105977.53131523478,0
2026-01-12 11:30:00-05:00,105977.53131523478,0
2026-01-12 12:30:00-05:00,105977.53131523478,0
2026-01-12 13:30:00-05:00,105977.53131523478,0
2026-01-12 14:30:00-05:00,105977.53131523478,0
2026-01-12 15:30:00-05:00,105977.53131523478,0
2026-01-13 09:30:00-05:00,105977.53131523478,0
2026-01-13 10:30:00-05:00,106963.4112426058,1
2026-01-13 11:30:00-05:00,107555.64620833805,1
2026-01-13 12:30:00-05:00,106773.59204626485,1
2026-01-13 13:30:00-05:00,107054.52654226543,1
2026-01-13 14:30:00-05:00,105687.37417135369,1
2026-01-13 15:30:00-05:00,106355.99329000803,1
2026-01-14 09:30:00-05:00,103923.876908668,1
2026-01-14 10:30:00-05:00,103706.11313825635,1
2026-01-14 11:30:00-05:00,102787.38892310477,1
2026-01-14 12:30:00-05:00,102954.58135611237,1
2026-01-14 13:30:00-05:00,103151.84432892116,1
2026-01-14 14:30:00-05:00,103334.06913541826,1
2026-01-14 15:30:00-05:00,105338.55938535299,1
2026-01-15 09:30:00-05:00,113666.37851162106,0
2026-01-15 10:30:00-05:00,113666.37851162106,0
2026-01-15 11:30:00-05:00,113666.37851162106,0
2026-01-15 12:30:00-05:00,113666.37851162106,0
2026-01-15 13:30:00-05:00,113666.37851162106,0
2026-01-15 14:30:00-05:00,113666.37851162106,0
2026-01-15 15:30:00-05:00,113666.37851162106,0
2026-01-16 09:30:00-05:00,113666.37851162106,0
2026-01-16 10:30:00-05:00,113666.37851162106,0
2026-01-16 11:30:00-05:00,113666.37851162106,0
2026-01-16 12:30:00-05:00,113666.37851162106,0
2026-01-16 13:30:00-05:00,113666.37851162106,0
2026-01-16 14:30:00-05:00,113666.37851162106,0
2026-01-16 15:30:00-05:00,113666.37851162106,0
2026-01-20 09:30:00-05:00,113666.37851162106,0
2026-01-20 10:30:00-05:00,113666.37851162106,0
2026-01-20 11:30:00-05:00,113666.37851162106,0
2026-01-20 12:30:00-05:00,113666.37851162106,0
2026-01-20 13:30:00-05:00,113666.37851162106,0
2026-01-20 14:30:00-05:00,113666.37851162106,0
2026-01-20 15:30:00-05:00,113666.37851162106,0
2026-01-21 09:30:00-05:00,113666.37851162106,0
2026-01-21 10:30:00-05:00,113666.37851162106,0
2026-01-21 11:30:00-05:00,113666.37851162106,0
2026-01-21 12:30:00-05:00,113666.37851162106,0
2026-01-21 13:30:00-05:00,113666.37851162106,0
2026-01-21 14:30:00-05:00,113666.37851162106,0
2026-01-21 15:30:00-05:00,113666.37851162106,0
2026-01-22 09:30:00-05:00,113666.37851162106,0
2026-01-22 10:30:00-05:00,113666.37851162106,0
2026-01-22 11:30:00-05:00,113666.37851162106,0
2026-01-22 12:30:00-05:00,113666.37851162106,0
2026-01-22 13:30:00-05:00,113666.37851162106,0
2026-01-22 14:30:00-05:00,113666.37851162106,0
2026-01-22 15:30:00-05:00,113666.37851162106,0
2026-01-23 09:30:00-05:00,113666.37851162106,0
2026-01-23 10:30:00-05:00,113666.37851162106,0
2026-01-23 11:30:00-05:00,113666.37851162106,0
2026-01-23 12:30:00-05:00,113666.37851162106,0
2026-01-23 13:30:00-05:00,113666.37851162106,0
2026-01-23 14:30:00-05:00,113666.37851162106,0
2026-01-23 15:30:00-05:00,113666.37851162106,0
2026-01-26 09:30:00-05:00,113666.37851162106,0
2026-01-26 10:30:00-05:00,113666.37851162106,0
2026-01-26 11:30:00-05:00,113666.37851162106,0
2026-01-26 12:30:00-05:00,113666.37851162106,0
2026-01-26 13:30:00-05:00,113666.37851162106,0
2026-01-26 14:30:00-05:00,113666.37851162106,0
2026-01-26 15:30:00-05:00,113666.37851162106,0
2026-01-27 09:30:00-05:00,113666.37851162106,0
2026-01-27 10:30:00-05:00,114559.61674004143,1
2026-01-27 11:30:00-05:00,114483.25960840595,1
2026-01-27 12:30:00-05:00,114343.25023468047,1
2026-01-27 13:30:00-05:00,114392.110279303,1
2026-01-27 14:30:00-05:00,114245.54079496561,1
2026-01-27 15:30:00-05:00,113435.9528585554,1
2026-01-28 09:30:00-05:00,118335.39702793947,1
2026-01-28 10:30:00-05:00,119500.93486222754,1
2026-01-28 11:30:00-05:00,119717.4398114813,1
2026-01-28 12:30:00-05:00,120268.6594953659,1
2026-01-28 13:30:00-05:00,119689.378299367,1
2026-01-28 14:30:00-05:00,120915.77819882896,1
2026-01-28 15:30:00-05:00,120581.32970245345,1
2026-01-29 09:30:00-05:00,115962.44740656127,1
2026-01-29 10:30:00-05:00,114962.31807555945,1
2026-01-29 11:30:00-05:00,117882.86654054944,1
2026-01-29 12:30:00-05:00,118754.15785502043,1
2026-01-29 13:30:00-05:00,118893.74124753734,1
2026-01-29 14:30:00-05:00,117986.43322188208,1
2026-01-29 15:30:00-05:00,121085.23352359657,1
2026-01-30 09:30:00-05:00,115529.73569489978,1
2026-01-30 10:30:00-05:00,115122.97688837018,1
2026-01-30 11:30:00-05:00,114546.77340660316,1
2026-01-30 12:30:00-05:00,111663.21076004693,1
2026-01-30 13:30:00-05:00,111915.16267061849,1
2026-01-30 14:30:00-05:00,107398.87262404436,1
2026-01-30 15:30:00-05:00,107293.29098769801,0
2026-02-02 09:30:00-05:00,107293.29098769801,0
2026-02-02 10:30:00-05:00,107293.29098769801,0
2026-02-02 11:30:00-05:00,107293.29098769801,0
2026-02-02 12:30:00-05:00,107293.29098769801,0
2026-02-02 13:30:00-05:00,107293.29098769801,0
2026-02-02 14:30:00-05:00,107293.29098769801,0
2026-02-02 15:30:00-05:00,107293.29098769801,0
2026-02-03 09:30:00-05:00,107293.29098769801,0
2026-02-03 10:30:00-05:00,107293.29098769801,0
2026-02-03 11:30:00-05:00,107293.29098769801,0
2026-02-03 12:30:00-05:00,107293.29098769801,0
2026-02-03 13:30:00-05:00,107293.29098769801,0
2026-02-03 14:30:00-05:00,107293.29098769801,0
2026-02-03 15:30:00-05:00,107293.29098769801,0
2026-02-04 09:30:00-05:00,107293.29098769801,0
2026-02-04 10:30:00-05:00,107293.29098769801,0
2026-02-04 11:30:00-05:00,107293.29098769801,0
2026-02-04 12:30:00-05:00,107293.29098769801,0
2026-02-04 13:30:00-05:00,107293.29098769801,0
2026-02-04 14:30:00-05:00,107293.29098769801,0
2026-02-04 15:30:00-05:00,107293.29098769801,0
2026-02-05 09:30:00-05:00,107293.29098769801,0
2026-02-05 10:30:00-05:00,107293.29098769801,0
2026-02-05 11:30:00-05:00,107293.29098769801,0
2026-02-05 12:30:00-05:00,107293.29098769801,0
2026-02-05 13:30:00-05:00,107293.29098769801,0
2026-02-05 14:30:00-05:00,107293.29098769801,0
2026-02-05 15:30:00-05:00,107293.29098769801,0
2026-02-06 09:30:00-05:00,107293.29098769801,0
2026-02-06 10:30:00-05:00,107293.29098769801,0
2026-02-06 11:30:00-05:00,107293.29098769801,0
2026-02-06 12:30:00-05:00,107293.29098769801,0
2026-02-06 13:30:00-05:00,107293.29098769801,0
2026-02-06 14:30:00-05:00,107293.29098769801,0
2026-02-06 15:30:00-05:00,107293.29098769801,0
2026-02-09 09:30:00-05:00,107293.29098769801,0
2026-02-09 10:30:00-05:00,107293.29098769801,0
2026-02-09 11:30:00-05:00,107293.29098769801,0
2026-02-09 12:30:00-05:00,107293.29098769801,0
2026-02-09 13:30:00-05:00,107293.29098769801,0
2026-02-09 14:30:00-05:00,107293.29098769801,0
2026-02-09 15:30:00-05:00,107293.29098769801,0
2026-02-10 09:30:00-05:00,107293.29098769801,0
2026-02-10 10:30:00-05:00,107293.29098769801,0
2026-02-10 11:30:00-05:00,107293.29098769801,0
2026-02-10 12:30:00-05:00,107293.29098769801,0
2026-02-10 13:30:00-05:00,107293.29098769801,0
2026-02-10 14:30:00-05:00,107293.29098769801,0
2026-02-10 15:30:00-05:00,107293.29098769801,0
2026-02-11 09:30:00-05:00,107293.29098769801,0
2026-02-11 10:30:00-05:00,107293.29098769801,0
2026-02-11 11:30:00-05:00,107293.29098769801,0
2026-02-11 12:30:00-05:00,107293.29098769801,0
2026-02-11 13:30:00-05:00,107293.29098769801,0
2026-02-11 14:30:00-05:00,107293.29098769801,0
2026-02-11 15:30:00-05:00,107293.29098769801,0
2026-02-12 09:30:00-05:00,107293.29098769801,0
2026-02-12 10:30:00-05:00,107293.29098769801,0
2026-02-12 11:30:00-05:00,107293.29098769801,0
2026-02-12 12:30:00-05:00,107293.29098769801,0
2026-02-12 13:30:00-05:00,107293.29098769801,0
2026-02-12 14:30:00-05:00,107293.29098769801,0
2026-02-12 15:30:00-05:00,107293.29098769801,0
2026-02-13 09:30:00-05:00,107293.29098769801,0
2026-02-13 10:30:00-05:00,107293.29098769801,0
2026-02-13 11:30:00-05:00,107293.29098769801,0
2026-02-13 12:30:00-05:00,107293.29098769801,0
2026-02-13 13:30:00-05:00,107293.29098769801,0
2026-02-13 14:30:00-05:00,107293.29098769801,0
2026-02-13 15:30:00-05:00,107293.29098769801,0
2026-02-17 09:30:00-05:00,107293.29098769801,0
2026-02-17 10:30:00-05:00,107293.29098769801,0
2026-02-17 11:30:00-05:00,107293.29098769801,0
2026-02-17 12:30:00-05:00,107293.29098769801,0
2026-02-17 13:30:00-05:00,107293.29098769801,0
2026-02-17 14:30:00-05:00,107293.29098769801,0
2026-02-17 15:30:00-05:00,107293.29098769801,0
2026-02-18 09:30:00-05:00,107293.29098769801,0
2026-02-18 10:30:00-05:00,107293.29098769801,0
2026-02-18 11:30:00-05:00,107293.29098769801,0
2026-02-18 12:30:00-05:00,107293.29098769801,0
2026-02-18 13:30:00-05:00,107293.29098769801,0
2026-02-18 14:30:00-05:00,107293.29098769801,0
2026-02-18 15:30:00-05:00,107293.29098769801,0
2026-02-19 09:30:00-05:00,107293.29098769801,0
2026-02-19 10:30:00-05:00,107293.29098769801,0
2026-02-19 11:30:00-05:00,107293.29098769801,0
2026-02-19 12:30:00-05:00,107293.29098769801,0
2026-02-19 13:30:00-05:00,107293.29098769801,0
2026-02-19 14:30:00-05:00,107293.29098769801,0
2026-02-19 15:30:00-05:00,107293.29098769801,0
2026-02-20 09:30:00-05:00,107293.29098769801,0
2026-02-20 10:30:00-05:00,107293.29098769801,0
2026-02-20 11:30:00-05:00,107293.29098769801,0
2026-02-20 12:30:00-05:00,107293.29098769801,0
2026-02-20 13:30:00-05:00,107293.29098769801,0
2026-02-20 14:30:00-05:00,107293.29098769801,0
2026-02-20 15:30:00-05:00,107293.29098769801,0
2026-02-23 09:30:00-05:00,107293.29098769801,0
2026-02-23 10:30:00-05:00,107293.29098769801,0
2026-02-23 11:30:00-05:00,107293.29098769801,0
2026-02-23 12:30:00-05:00,107293.29098769801,0
2026-02-23 13:30:00-05:00,107293.29098769801,0
2026-02-23 14:30:00-05:00,107293.29098769801,0
2026-02-23 15:30:00-05:00,107293.29098769801,0
2026-02-24 09:30:00-05:00,107293.29098769801,0
2026-02-24 10:30:00-05:00,107293.29098769801,0
2026-02-24 11:30:00-05:00,107293.29098769801,0
2026-02-24 12:30:00-05:00,107293.29098769801,0
2026-02-24 13:30:00-05:00,107293.29098769801,0
2026-02-24 14:30:00-05:00,107293.29098769801,0
2026-02-24 15:30:00-05:00,107293.29098769801,0
2026-02-25 09:30:00-05:00,107293.29098769801,0
2026-02-25 10:30:00-05:00,107293.29098769801,0
2026-02-25 11:30:00-05:00,107293.29098769801,0
2026-02-25 12:30:00-05:00,107293.29098769801,0
2026-02-25 13:30:00-05:00,107293.29098769801,0
2026-02-25 14:30:00-05:00,107293.29098769801,0
2026-02-25 15:30:00-05:00,107293.29098769801,0
2026-02-26 09:30:00-05:00,107293.29098769801,0
2026-02-26 10:30:00-05:00,107293.29098769801,0
2026-02-26 11:30:00-05:00,107293.29098769801,0
2026-02-26 12:30:00-05:00,107293.29098769801,0
2026-02-26 13:30:00-05:00,107293.29098769801,0
2026-02-26 14:30:00-05:00,107293.29098769801,0
2026-02-26 15:30:00-05:00,107293.29098769801,0
2026-02-27 09:30:00-05:00,107293.29098769801,0
2026-02-27 10:30:00-05:00,107293.29098769801,0
2026-02-27 11:30:00-05:00,107293.29098769801,0
2026-02-27 12:30:00-05:00,107293.29098769801,0
2026-02-27 13:30:00-05:00,107293.29098769801,0
2026-02-27 14:30:00-05:00,107293.29098769801,0
2026-02-27 15:30:00-05:00,107293.29098769801,0
2026-03-02 09:30:00-05:00,107293.29098769801,0
2026-03-02 10:30:00-05:00,107293.29098769801,0
2026-03-02 11:30:00-05:00,107293.29098769801,0
2026-03-02 12:30:00-05:00,107293.29098769801,0
2026-03-02 13:30:00-05:00,107293.29098769801,0
2026-03-02 14:30:00-05:00,107293.29098769801,0
2026-03-02 15:30:00-05:00,107293.29098769801,0
2026-03-03 09:30:00-05:00,107293.29098769801,0
2026-03-03 10:30:00-05:00,107293.29098769801,0
2026-03-03 11:30:00-05:00,107293.29098769801,0
2026-03-03 12:30:00-05:00,107293.29098769801,0
2026-03-03 13:30:00-05:00,107293.29098769801,0
2026-03-03 14:30:00-05:00,107293.29098769801,0
2026-03-03 15:30:00-05:00,107293.29098769801,0
2026-03-04 09:30:00-05:00,107293.29098769801,0
2026-03-04 10:30:00-05:00,107293.29098769801,0
2026-03-04 11:30:00-05:00,107293.29098769801,0
2026-03-04 12:30:00-05:00,107293.29098769801,0
2026-03-04 13:30:00-05:00,107293.29098769801,0
2026-03-04 14:30:00-05:00,107293.29098769801,0
2026-03-04 15:30:00-05:00,107293.29098769801,0
2026-03-05 09:30:00-05:00,107293.29098769801,0
2026-03-05 10:30:00-05:00,107293.29098769801,0
2026-03-05 11:30:00-05:00,107293.29098769801,0
2026-03-05 12:30:00-05:00,107293.29098769801,0
2026-03-05 13:30:00-05:00,107293.29098769801,0
2026-03-05 14:30:00-05:00,107293.29098769801,0
2026-03-05 15:30:00-05:00,107293.29098769801,0
2026-03-06 09:30:00-05:00,107293.29098769801,0
2026-03-06 10:30:00-05:00,107293.29098769801,0
2026-03-06 11:30:00-05:00,107293.29098769801,0
2026-03-06 12:30:00-05:00,107293.29098769801,0
2026-03-06 13:30:00-05:00,107293.29098769801,0
2026-03-06 14:30:00-05:00,107293.29098769801,0
2026-03-06 15:30:00-05:00,107293.29098769801,0
2026-03-09 09:30:00-04:00,107293.29098769801,0
2026-03-09 10:30:00-04:00,107293.29098769801,0
2026-03-09 11:30:00-04:00,107293.29098769801,0
2026-03-09 12:30:00-04:00,107293.29098769801,0
2026-03-09 13:30:00-04:00,107293.29098769801,0
2026-03-09 14:30:00-04:00,107293.29098769801,0
2026-03-09 15:30:00-04:00,107293.29098769801,0
2026-03-10 09:30:00-04:00,107293.29098769801,0
2026-03-10 10:30:00-04:00,107293.29098769801,0
2026-03-10 11:30:00-04:00,107293.29098769801,0
2026-03-10 12:30:00-04:00,107293.29098769801,0
2026-03-10 13:30:00-04:00,107293.29098769801,0
2026-03-10 14:30:00-04:00,107293.29098769801,0
2026-03-10 15:30:00-04:00,107293.29098769801,0
2026-03-11 09:30:00-04:00,107293.29098769801,0
2026-03-11 10:30:00-04:00,107293.29098769801,0
2026-03-11 11:30:00-04:00,107293.29098769801,0
2026-03-11 12:30:00-04:00,107293.29098769801,0
2026-03-11 13:30:00-04:00,107293.29098769801,0
2026-03-11 14:30:00-04:00,107293.29098769801,0
2026-03-11 15:30:00-04:00,107293.29098769801,0
2026-03-12 09:30:00-04:00,107293.29098769801,0
2026-03-12 10:30:00-04:00,107293.29098769801,0
2026-03-12 11:30:00-04:00,107293.29098769801,0
2026-03-12 12:30:00-04:00,107293.29098769801,0
2026-03-12 13:30:00-04:00,107293.29098769801,0
2026-03-12 14:30:00-04:00,107293.29098769801,0
2026-03-12 15:30:00-04:00,107293.29098769801,0
2026-03-13 09:30:00-04:00,107293.29098769801,0
2026-03-13 10:30:00-04:00,107293.29098769801,0
2026-03-13 11:30:00-04:00,107293.29098769801,0
2026-03-13 12:30:00-04:00,107293.29098769801,0
2026-03-13 13:30:00-04:00,107293.29098769801,0
2026-03-13 14:30:00-04:00,107293.29098769801,0
2026-03-13 15:30:00-04:00,107293.29098769801,0
2026-03-16 09:30:00-04:00,107293.29098769801,0
2026-03-16 10:30:00-04:00,107293.29098769801,0
2026-03-16 11:30:00-04:00,107293.29098769801,0
2026-03-16 12:30:00-04:00,107293.29098769801,0
2026-03-16 13:30:00-04:00,107293.29098769801,0
2026-03-16 14:30:00-04:00,107293.29098769801,0
2026-03-16 15:30:00-04:00,107293.29098769801,0
2026-03-17 09:30:00-04:00,107293.29098769801,0
2026-03-17 10:30:00-04:00,107293.29098769801,0
2026-03-17 11:30:00-04:00,107293.29098769801,0
2026-03-17 12:30:00-04:00,107293.29098769801,0
2026-03-17 13:30:00-04:00,107293.29098769801,0
2026-03-17 14:30:00-04:00,107293.29098769801,0
2026-03-17 15:30:00-04:00,107293.29098769801,0
2026-03-18 09:30:00-04:00,107293.29098769801,0
2026-03-18 10:30:00-04:00,107293.29098769801,0
2026-03-18 11:30:00-04:00,107293.29098769801,0
2026-03-18 12:30:00-04:00,107293.29098769801,0
2026-03-18 13:30:00-04:00,107293.29098769801,0
2026-03-18 14:30:00-04:00,107293.29098769801,0
2026-03-18 15:30:00-04:00,107293.29098769801,0
2026-03-19 09:30:00-04:00,107293.29098769801,0
2026-03-19 10:30:00-04:00,107293.29098769801,0
2026-03-19 11:30:00-04:00,107293.29098769801,0
2026-03-19 12:30:00-04:00,107293.29098769801,0
2026-03-19 13:30:00-04:00,107293.29098769801,0
2026-03-19 14:30:00-04:00,107293.29098769801,0
2026-03-19 15:30:00-04:00,107293.29098769801,0
2026-03-20 09:30:00-04:00,107293.29098769801,0
2026-03-20 10:30:00-04:00,107293.29098769801,0
2026-03-20 11:30:00-04:00,107293.29098769801,0
2026-03-20 12:30:00-04:00,107293.29098769801,0
2026-03-20 13:30:00-04:00,107293.29098769801,0
2026-03-20 14:30:00-04:00,107293.29098769801,0
2026-03-20 15:30:00-04:00,107293.29098769801,0
2026-03-23 09:30:00-04:00,107293.29098769801,0
2026-03-23 10:30:00-04:00,107293.29098769801,0
2026-03-23 11:30:00-04:00,107293.29098769801,0
2026-03-23 12:30:00-04:00,107293.29098769801,0
2026-03-23 13:30:00-04:00,107293.29098769801,0
2026-03-23 14:30:00-04:00,107293.29098769801,0
2026-03-23 15:30:00-04:00,107293.29098769801,0
2026-03-24 09:30:00-04:00,107293.29098769801,0
2026-03-24 10:30:00-04:00,107293.29098769801,0
2026-03-24 11:30:00-04:00,107293.29098769801,0
2026-03-24 12:30:00-04:00,107293.29098769801,0
2026-03-24 13:30:00-04:00,107293.29098769801,0
2026-03-24 14:30:00-04:00,107293.29098769801,0
2026-03-24 15:30:00-04:00,107293.29098769801,0
2026-03-25 09:30:00-04:00,107293.29098769801,0
2026-03-25 10:30:00-04:00,107293.29098769801,0
2026-03-25 11:30:00-04:00,107293.29098769801,0
2026-03-25 12:30:00-04:00,107293.29098769801,0
2026-03-25 13:30:00-04:00,107293.29098769801,0
2026-03-25 14:30:00-04:00,107293.29098769801,0
2026-03-25 15:30:00-04:00,107293.29098769801,0
2026-03-26 09:30:00-04:00,107293.29098769801,0
2026-03-26 10:30:00-04:00,107293.29098769801,0
2026-03-26 11:30:00-04:00,107293.29098769801,0
2026-03-26 12:30:00-04:00,107293.29098769801,0
2026-03-26 13:30:00-04:00,107293.29098769801,0
2026-03-26 14:30:00-04:00,107293.29098769801,0
2026-03-26 15:30:00-04:00,107293.29098769801,0
2026-03-27 09:30:00-04:00,107293.29098769801,0
2026-03-27 10:30:00-04:00,107293.29098769801,0
2026-03-27 11:30:00-04:00,107293.29098769801,0
2026-03-27 12:30:00-04:00,107293.29098769801,0
2026-03-27 13:30:00-04:00,107293.29098769801,0
2026-03-27 14:30:00-04:00,107293.29098769801,0
2026-03-27 15:30:00-04:00,107293.29098769801,0
2026-03-30 09:30:00-04:00,107293.29098769801,0
2026-03-30 10:30:00-04:00,107293.29098769801,0
2026-03-30 11:30:00-04:00,107293.29098769801,0
2026-03-30 12:30:00-04:00,107293.29098769801,0
2026-03-30 13:30:00-04:00,107293.29098769801,0
2026-03-30 14:30:00-04:00,107293.29098769801,0
2026-03-30 15:30:00-04:00,107293.29098769801,0
2026-03-31 09:30:00-04:00,107293.29098769801,0
2026-03-31 10:30:00-04:00,107293.29098769801,0
2026-03-31 11:30:00-04:00,107293.29098769801,0
2026-03-31 12:30:00-04:00,107293.29098769801,0
2026-03-31 13:30:00-04:00,107293.29098769801,0
2026-03-31 14:30:00-04:00,107293.29098769801,0
2026-03-31 15:30:00-04:00,107293.29098769801,0
2026-04-01 09:30:00-04:00,107293.29098769801,0
2026-04-01 10:30:00-04:00,107293.29098769801,0
2026-04-01 11:30:00-04:00,107293.29098769801,0
2026-04-01 12:30:00-04:00,107293.29098769801,0
2026-04-01 13:30:00-04:00,107293.29098769801,0
2026-04-01 14:30:00-04:00,107293.29098769801,0
2026-04-01 15:30:00-04:00,107293.29098769801,0
2026-04-02 09:30:00-04:00,107293.29098769801,0
2026-04-02 10:30:00-04:00,107293.29098769801,0
2026-04-02 11:30:00-04:00,107293.29098769801,0
2026-04-02 12:30:00-04:00,107293.29098769801,0
2026-04-02 13:30:00-04:00,107293.29098769801,0
2026-04-02 14:30:00-04:00,107293.29098769801,0
2026-04-02 15:30:00-04:00,107293.29098769801,0
2026-04-06 09:30:00-04:00,107293.29098769801,0
2026-04-06 10:30:00-04:00,107293.29098769801,0
2026-04-06 11:30:00-04:00,107293.29098769801,0
2026-04-06 12:30:00-04:00,107293.29098769801,0
2026-04-06 13:30:00-04:00,107293.29098769801,0
2026-04-06 14:30:00-04:00,107293.29098769801,0
2026-04-06 15:30:00-04:00,107293.29098769801,0
2026-04-07 09:30:00-04:00,107293.29098769801,0
2026-04-07 10:30:00-04:00,107293.29098769801,0
2026-04-07 11:30:00-04:00,107293.29098769801,0
2026-04-07 12:30:00-04:00,107293.29098769801,0
2026-04-07 13:30:00-04:00,107293.29098769801,0
2026-04-07 14:30:00-04:00,107293.29098769801,0
2026-04-07 15:30:00-04:00,107293.29098769801,0
2026-04-08 09:30:00-04:00,107293.29098769801,0
2026-04-08 10:30:00-04:00,107293.29098769801,0
2026-04-08 11:30:00-04:00,107293.29098769801,0
2026-04-08 12:30:00-04:00,107293.29098769801,0
2026-04-08 13:30:00-04:00,107293.29098769801,0
2026-04-08 14:30:00-04:00,107293.29098769801,0
2026-04-08 15:30:00-04:00,107293.29098769801,0
2026-04-09 09:30:00-04:00,107293.29098769801,0
2026-04-09 10:30:00-04:00,107293.29098769801,0
2026-04-09 11:30:00-04:00,107293.29098769801,0
2026-04-09 12:30:00-04:00,107293.29098769801,0
2026-04-09 13:30:00-04:00,107293.29098769801,0
2026-04-09 14:30:00-04:00,107293.29098769801,0
2026-04-09 15:30:00-04:00,107293.29098769801,0
2026-04-10 09:30:00-04:00,107293.29098769801,0
2026-04-10 10:30:00-04:00,107293.29098769801,0
2026-04-10 11:30:00-04:00,107293.29098769801,0
2026-04-10 12:30:00-04:00,107293.29098769801,0
2026-04-10 13:30:00-04:00,107293.29098769801,0
2026-04-10 14:30:00-04:00,107293.29098769801,0
2026-04-10 15:30:00-04:00,107293.29098769801,0
2026-04-13 09:30:00-04:00,107293.29098769801,0
2026-04-13 10:30:00-04:00,107293.29098769801,0
2026-04-13 11:30:00-04:00,107293.29098769801,0
2026-04-13 12:30:00-04:00,107293.29098769801,0
2026-04-13 13:30:00-04:00,107293.29098769801,0
2026-04-13 14:30:00-04:00,107293.29098769801,0
2026-04-13 15:30:00-04:00,107293.29098769801,0
2026-04-14 09:30:00-04:00,107293.29098769801,0
2026-04-14 10:30:00-04:00,107293.29098769801,0
2026-04-14 11:30:00-04:00,107293.29098769801,0
2026-04-14 12:30:00-04:00,107293.29098769801,0
2026-04-14 13:30:00-04:00,107293.29098769801,0
2026-04-14 14:30:00-04:00,107293.29098769801,0
2026-04-14 15:30:00-04:00,107293.29098769801,0
2026-04-15 09:30:00-04:00,107293.29098769801,0
2026-04-15 10:30:00-04:00,107293.29098769801,0
2026-04-15 11:30:00-04:00,107293.29098769801,0
2026-04-15 12:30:00-04:00,107293.29098769801,0
2026-04-15 13:30:00-04:00,107293.29098769801,0
2026-04-15 14:30:00-04:00,107293.29098769801,0
2026-04-15 15:30:00-04:00,107293.29098769801,0
2026-04-16 09:30:00-04:00,107293.29098769801,0
2026-04-16 10:30:00-04:00,107293.29098769801,0
2026-04-16 11:30:00-04:00,107293.29098769801,0
2026-04-16 12:30:00-04:00,107293.29098769801,0
2026-04-16 13:30:00-04:00,107293.29098769801,0
2026-04-16 14:30:00-04:00,107293.29098769801,0
2026-04-16 15:30:00-04:00,107293.29098769801,0
2026-04-17 09:30:00-04:00,107293.29098769801,0
2026-04-17 10:30:00-04:00,107293.29098769801,0
2026-04-17 11:30:00-04:00,107293.29098769801,0
2026-04-17 12:30:00-04:00,107293.29098769801,0
2026-04-17 13:30:00-04:00,107293.29098769801,0
2026-04-17 14:30:00-04:00,107293.29098769801,0
2026-04-17 15:30:00-04:00,107293.29098769801,0
2026-04-20 09:30:00-04:00,107293.29098769801,0
2026-04-20 10:30:00-04:00,107293.29098769801,0
2026-04-20 11:30:00-04:00,107293.29098769801,0
2026-04-20 12:30:00-04:00,107293.29098769801,0
2026-04-20 13:30:00-04:00,107293.29098769801,0
2026-04-20 14:30:00-04:00,107293.29098769801,0
2026-04-20 15:30:00-04:00,107293.29098769801,0
2026-04-21 09:30:00-04:00,107293.29098769801,0
2026-04-21 10:30:00-04:00,107293.29098769801,0
2026-04-21 11:30:00-04:00,107293.29098769801,0
2026-04-21 12:30:00-04:00,107293.29098769801,0
2026-04-21 13:30:00-04:00,107293.29098769801,0
2026-04-21 14:30:00-04:00,107293.29098769801,0
2026-04-21 15:30:00-04:00,107293.29098769801,0
2026-04-22 09:30:00-04:00,107293.29098769801,0
2026-04-22 10:30:00-04:00,107293.29098769801,0
2026-04-22 11:30:00-04:00,107293.29098769801,0
2026-04-22 12:30:00-04:00,107293.29098769801,0
2026-04-22 13:30:00-04:00,107293.29098769801,0
2026-04-22 14:30:00-04:00,107293.29098769801,0
2026-04-22 15:30:00-04:00,107293.29098769801,0
2026-04-23 09:30:00-04:00,107293.29098769801,0
2026-04-23 10:30:00-04:00,107293.29098769801,0
2026-04-23 11:30:00-04:00,107293.29098769801,0
2026-04-23 12:30:00-04:00,107293.29098769801,0
2026-04-23 13:30:00-04:00,107293.29098769801,0
2026-04-23 14:30:00-04:00,107293.29098769801,0
2026-04-23 15:30:00-04:00,107293.29098769801,0
2026-04-24 09:30:00-04:00,107293.29098769801,0
2026-04-24 10:30:00-04:00,107293.29098769801,0
2026-04-24 11:30:00-04:00,107293.29098769801,0
2026-04-24 12:30:00-04:00,107293.29098769801,0
2026-04-24 13:30:00-04:00,107293.29098769801,0
2026-04-24 14:30:00-04:00,107293.29098769801,0
2026-04-24 15:30:00-04:00,107293.29098769801,0
2026-04-27 09:30:00-04:00,107293.29098769801,0
2026-04-27 10:30:00-04:00,107293.29098769801,0
2026-04-27 11:30:00-04:00,107293.29098769801,0
2026-04-27 12:30:00-04:00,107293.29098769801,0
2026-04-27 13:30:00-04:00,107293.29098769801,0
2026-04-27 14:30:00-04:00,107293.29098769801,0
2026-04-27 15:30:00-04:00,107293.29098769801,0
2026-04-28 09:30:00-04:00,107293.29098769801,0
2026-04-28 10:30:00-04:00,107293.29098769801,0
2026-04-28 11:30:00-04:00,107293.29098769801,0
2026-04-28 12:30:00-04:00,107293.29098769801,0
2026-04-28 13:30:00-04:00,107293.29098769801,0
2026-04-28 14:30:00-04:00,107293.29098769801,0
2026-04-28 15:30:00-04:00,107293.29098769801,0
2026-04-29 09:30:00-04:00,107293.29098769801,0
2026-04-29 10:30:00-04:00,106791.1460988223,1
2026-04-29 11:30:00-04:00,105718.82306718733,1
2026-04-29 12:30:00-04:00,106168.38793358837,1
2026-04-29 13:30:00-04:00,106382.11595390968,1
2026-04-29 14:30:00-04:00,108136.15214520304,1
2026-04-29 15:30:00-04:00,108453.05843425961,1
2026-04-30 09:30:00-04:00,109263.74724123406,1
2026-04-30 10:30:00-04:00,113195.51963811382,1
2026-04-30 11:30:00-04:00,113438.8010633655,1
2026-04-30 12:30:00-04:00,113700.43528802601,1
2026-04-30 13:30:00-04:00,114393.20286056363,1
2026-04-30 14:30:00-04:00,114290.02459182838,1
2026-04-30 15:30:00-04:00,115093.34753874596,1
2026-05-01 09:30:00-04:00,115682.93684254833,1
2026-05-01 10:30:00-04:00,115876.77141792221,1
2026-05-01 11:30:00-04:00,115918.70621510081,1
2026-05-01 12:30:00-04:00,116722.16973186683,1
2026-05-01 13:30:00-04:00,117245.35946207275,1
2026-05-01 14:30:00-04:00,118092.89443771326,1
2026-05-01 15:30:00-04:00,117510.67661676169,1
2026-05-04 09:30:00-04:00,117149.54705339433,1
2026-05-04 10:30:00-04:00,115572.3870909623,1
2026-05-04 11:30:00-04:00,114724.92521164294,1
2026-05-04 12:30:00-04:00,116243.05146053541,1
2026-05-04 13:30:00-04:00,115642.40212105992,1
2026-05-04 14:30:00-04:00,115638.71919103149,1
2026-05-04 15:30:00-04:00,115461.84296217017,1
2026-05-05 09:30:00-04:00,126045.03197273666,1
2026-05-05 10:30:00-04:00,127165.24996312296,1
2026-05-05 11:30:00-04:00,128278.11333904027,1
2026-05-05 12:30:00-04:00,129641.53965835708,1
2026-05-05 13:30:00-04:00,129523.62966950813,1
2026-05-05 14:30:00-04:00,127636.93490087028,1
2026-05-05 15:30:00-04:00,127788.00812835689,1
2026-05-06 09:30:00-04:00,132471.5930569017,1
2026-05-06 10:30:00-04:00,140843.809526923,1
2026-05-06 11:30:00-04:00,139767.7979424657,1
2026-05-06 12:30:00-04:00,140408.9763806357,1
2026-05-06 13:30:00-04:00,140775.0427570793,1
2026-05-06 14:30:00-04:00,142642.0577469393,1
2026-05-06 15:30:00-04:00,143622.2569227182,1
2026-05-07 09:30:00-04:00,140313.17521754513,1
2026-05-07 10:30:00-04:00,138960.79206551966,1
2026-05-07 11:30:00-04:00,134504.7953443497,1
2026-05-07 12:30:00-04:00,131616.6809756165,1
2026-05-07 13:30:00-04:00,131738.2795172878,1
2026-05-07 14:30:00-04:00,131233.4425864907,1
2026-05-07 15:30:00-04:00,133518.1187099559,1
2026-05-08 09:30:00-04:00,144550.87258692342,1
2026-05-08 10:30:00-04:00,146305.420452465,1
2026-05-08 11:30:00-04:00,148169.48909830226,1
2026-05-08 12:30:00-04:00,151463.7716098344,1
2026-05-08 13:30:00-04:00,150277.28337011219,1
2026-05-08 14:30:00-04:00,149967.7485639064,1
2026-05-08 15:30:00-04:00,152230.31586161317,1
2026-05-11 09:30:00-04:00,153917.72756755262,1
2026-05-11 10:30:00-04:00,159025.3723692024,1
2026-05-11 11:30:00-04:00,160285.62041978395,1
2026-05-11 12:30:00-04:00,160919.4329978971,1
2026-05-11 13:30:00-04:00,161685.90977614865,1
2026-05-11 14:30:00-04:00,159342.27303546507,1
2026-05-11 15:30:00-04:00,161781.7109392392,1
2026-05-12 09:30:00-04:00,146142.7642694692,1
2026-05-12 10:30:00-04:00,136635.58684335998,1
2026-05-12 11:30:00-04:00,136513.05142051738,0
2026-05-12 12:30:00-04:00,136513.05142051738,0
2026-05-12 13:30:00-04:00,136513.05142051738,0
2026-05-12 14:30:00-04:00,136513.05142051738,0
2026-05-12 15:30:00-04:00,136513.05142051738,0
2026-05-13 09:30:00-04:00,136513.05142051738,0
2026-05-13 10:30:00-04:00,136513.05142051738,0
2026-05-13 11:30:00-04:00,136513.05142051738,0
2026-05-13 12:30:00-04:00,136513.05142051738,0
2026-05-13 13:30:00-04:00,136513.05142051738,0
2026-05-13 14:30:00-04:00,136513.05142051738,0
2026-05-13 15:30:00-04:00,136513.05142051738,0
2026-05-14 09:30:00-04:00,136513.05142051738,0
2026-05-14 10:30:00-04:00,136513.05142051738,0
2026-05-14 11:30:00-04:00,136513.05142051738,0
2026-05-14 12:30:00-04:00,136513.05142051738,0
2026-05-14 13:30:00-04:00,136513.05142051738,0
2026-05-14 14:30:00-04:00,136513.05142051738,0
2026-05-14 15:30:00-04:00,136513.05142051738,0
2026-05-15 09:30:00-04:00,136513.05142051738,0
2026-05-15 10:30:00-04:00,136513.05142051738,0
2026-05-15 11:30:00-04:00,136513.05142051738,0
2026-05-15 12:30:00-04:00,136513.05142051738,0
2026-05-15 13:30:00-04:00,136513.05142051738,0
2026-05-15 14:30:00-04:00,136513.05142051738,0
2026-05-15 15:30:00-04:00,136513.05142051738,0
2026-05-18 09:30:00-04:00,136513.05142051738,0
2026-05-18 10:30:00-04:00,136513.05142051738,0
2026-05-18 11:30:00-04:00,136513.05142051738,0
2026-05-18 12:30:00-04:00,136513.05142051738,0
2026-05-18 13:30:00-04:00,136513.05142051738,0
2026-05-18 14:30:00-04:00,136513.05142051738,0
2026-05-18 15:30:00-04:00,136513.05142051738,0
2026-05-19 09:30:00-04:00,136513.05142051738,0
2026-05-19 10:30:00-04:00,136513.05142051738,0
2026-05-19 11:30:00-04:00,136513.05142051738,0
2026-05-19 12:30:00-04:00,136513.05142051738,0
2026-05-19 13:30:00-04:00,136513.05142051738,0
2026-05-19 14:30:00-04:00,136513.05142051738,0
2026-05-19 15:30:00-04:00,136513.05142051738,0
2026-05-20 09:30:00-04:00,136513.05142051738,0
2026-05-20 10:30:00-04:00,136513.05142051738,0
2026-05-20 11:30:00-04:00,136513.05142051738,0
2026-05-20 12:30:00-04:00,136513.05142051738,0
2026-05-20 13:30:00-04:00,136513.05142051738,0
2026-05-20 14:30:00-04:00,136513.05142051738,0
2026-05-20 15:30:00-04:00,136513.05142051738,0
2026-05-21 09:30:00-04:00,136513.05142051738,0
2026-05-21 10:30:00-04:00,136120.39153063647,1
2026-05-21 11:30:00-04:00,136923.2694222755,1
2026-05-21 12:30:00-04:00,139548.52922858327,1
2026-05-21 13:30:00-04:00,140099.71050158178,1
2026-05-21 14:30:00-04:00,139723.75526717945,1
2026-05-21 15:30:00-04:00,140871.67930562247,1
2026-05-22 09:30:00-04:00,147800.26388190885,1
2026-05-22 10:30:00-04:00,150094.18682531125,1
2026-05-22 11:30:00-04:00,149887.0988552713,1
2026-05-22 12:30:00-04:00,151492.8351927566,1
2026-05-22 13:30:00-04:00,150549.78230397843,1
2026-05-22 14:30:00-04:00,148064.7072177062,1
2026-05-22 15:30:00-04:00,148599.9526635346,1
2026-05-26 09:30:00-04:00,169516.032095498,1
2026-05-26 10:30:00-04:00,167301.76884215325,1
2026-05-26 11:30:00-04:00,167578.949172211,1
2026-05-26 12:30:00-04:00,168047.2913680349,1
2026-05-26 13:30:00-04:00,170202.9352790927,1
2026-05-26 14:30:00-04:00,171246.02704874513,1
2026-05-26 15:30:00-04:00,171150.51903758483,1
2026-05-27 09:30:00-04:00,158846.1256059046,1
2026-05-27 10:30:00-04:00,160936.13996638393,1
2026-05-27 11:30:00-04:00,164103.0234385467,1
2026-05-27 12:30:00-04:00,163307.09741782083,1
2026-05-27 13:30:00-04:00,165119.2897370812,1
2026-05-27 14:30:00-04:00,164083.90822425968,1
2026-05-27 15:30:00-04:00,166148.42915042548,1
2026-05-28 09:30:00-04:00,165281.83711879526,1
2026-05-28 10:30:00-04:00,172472.63848760753,1
2026-05-28 11:30:00-04:00,173530.39238500397,1
2026-05-28 12:30:00-04:00,172520.42652332503,1
2026-05-28 13:30:00-04:00,172781.68074910901,1
2026-05-28 14:30:00-04:00,170895.5749715527,1
2026-05-28 15:30:00-04:00,170462.27409428946,1
2026-05-29 09:30:00-04:00,172644.6851390868,1
2026-05-29 10:30:00-04:00,170710.78160291666,1
2026-05-29 11:30:00-04:00,169927.02864846098,1
2026-05-29 12:30:00-04:00,168894.7681853781,1
2026-05-29 13:30:00-04:00,169047.68989967403,1
2026-05-29 14:30:00-04:00,168222.5174066311,1
2026-05-29 15:30:00-04:00,170073.58186562674,1
2026-06-01 09:30:00-04:00,167830.6360679551,1
2026-06-01 10:30:00-04:00,172348.26319708914,1
2026-06-01 11:30:00-04:00,172181.8266568223,1
2026-06-01 12:30:00-04:00,174298.21923518594,1
2026-06-01 13:30:00-04:00,174285.47251802916,1
2026-06-01 14:30:00-04:00,172526.80474335153,1
2026-06-01 15:30:00-04:00,171895.97350319184,1
2026-06-02 09:30:00-04:00,185720.02647068765,1
2026-06-02 10:30:00-04:00,192439.2965336626,1
2026-06-02 11:30:00-04:00,190851.78090399713,1
2026-06-02 12:30:00-04:00,190585.0429646537,1
2026-06-02 13:30:00-04:00,192681.43554515962,1
2026-06-02 14:30:00-04:00,193691.39168394223,1
2026-06-02 15:30:00-04:00,197033.50119470118,1
2026-06-03 09:30:00-04:00,207483.51465971954,1
2026-06-03 10:30:00-04:00,204437.8951512329,1
2026-06-03 11:30:00-04:00,202500.68583029287,1
2026-06-03 12:30:00-04:00,204188.6195337915,1
2026-06-03 13:30:00-04:00,208375.5904027669,1
2026-06-03 14:30:00-04:00,205068.658331118,1
2026-06-03 15:30:00-04:00,205718.53672529006,1
2026-06-04 09:30:00-04:00,185646.74500065658,1
2026-06-04 10:30:00-04:00,185488.40086594003,0
2026-06-04 11:30:00-04:00,185488.40086594003,0
2026-06-04 12:30:00-04:00,185488.40086594003,0
2026-06-04 13:30:00-04:00,185488.40086594003,0
2026-06-04 14:30:00-04:00,185488.40086594003,0
2026-06-04 15:30:00-04:00,185488.40086594003,0
2026-06-05 09:30:00-04:00,185488.40086594003,0
2026-06-05 10:30:00-04:00,185488.40086594003,0
2026-06-05 11:30:00-04:00,185488.40086594003,0
2026-06-05 12:30:00-04:00,185488.40086594003,0
2026-06-05 13:30:00-04:00,185488.40086594003,0
2026-06-05 14:30:00-04:00,185488.40086594003,0
2026-06-05 15:30:00-04:00,185488.40086594003,0
2026-06-08 09:30:00-04:00,185488.40086594003,0
2026-06-08 10:30:00-04:00,185488.40086594003,0
2026-06-08 11:30:00-04:00,185488.40086594003,0
2026-06-08 12:30:00-04:00,185488.40086594003,0
2026-06-08 13:30:00-04:00,185488.40086594003,0
2026-06-08 14:30:00-04:00,185488.40086594003,0
2026-06-08 15:30:00-04:00,185488.40086594003,0
2026-06-09 09:30:00-04:00,185488.40086594003,0
2026-06-09 10:30:00-04:00,185488.40086594003,0
2026-06-09 11:30:00-04:00,185488.40086594003,0
2026-06-09 12:30:00-04:00,185488.40086594003,0
2026-06-09 13:30:00-04:00,185488.40086594003,0
2026-06-09 14:30:00-04:00,185488.40086594003,0
2026-06-09 15:30:00-04:00,185488.40086594003,0
2026-06-10 09:30:00-04:00,185488.40086594003,0
2026-06-10 10:30:00-04:00,185488.40086594003,0
2026-06-10 11:30:00-04:00,185488.40086594003,0
2026-06-10 12:30:00-04:00,185488.40086594003,0
2026-06-10 13:30:00-04:00,185488.40086594003,0
2026-06-10 14:30:00-04:00,185488.40086594003,0
2026-06-10 15:30:00-04:00,185488.40086594003,0
2026-06-11 09:30:00-04:00,185488.40086594003,0
2026-06-11 10:30:00-04:00,185488.40086594003,0
2026-06-11 11:30:00-04:00,185488.40086594003,0
2026-06-11 12:30:00-04:00,185488.40086594003,0
2026-06-11 13:30:00-04:00,185488.40086594003,0
2026-06-11 14:30:00-04:00,185488.40086594003,0
2026-06-11 15:30:00-04:00,185488.40086594003,0
2026-06-12 09:30:00-04:00,185488.40086594003,0
2026-06-12 10:30:00-04:00,185488.40086594003,0
2026-06-12 11:30:00-04:00,185488.40086594003,0
2026-06-12 12:30:00-04:00,185488.40086594003,0
2026-06-12 13:30:00-04:00,185488.40086594003,0
2026-06-12 14:30:00-04:00,185488.40086594003,0
2026-06-12 15:30:00-04:00,185488.40086594003,0
2026-06-15 09:30:00-04:00,185488.40086594003,0
2026-06-15 10:30:00-04:00,186172.9812990431,1
2026-06-15 11:30:00-04:00,187777.4937992493,1
2026-06-15 12:30:00-04:00,187772.05483126157,1
2026-06-15 13:30:00-04:00,188249.48100257092,1
2026-06-15 14:30:00-04:00,187849.72532738541,1
2026-06-15 15:30:00-04:00,188577.05598109678,1
2026-06-16 09:30:00-04:00,181570.24193155655,1
2026-06-16 10:30:00-04:00,173047.69255555383,1
2026-06-16 11:30:00-04:00,172997.71417523152,0
2026-06-16 12:30:00-04:00,172997.71417523152,0
2026-06-16 13:30:00-04:00,172997.71417523152,0
2026-06-16 14:30:00-04:00,172997.71417523152,0
2026-06-16 15:30:00-04:00,172997.71417523152,0
2026-06-17 09:30:00-04:00,172997.71417523152,0
2026-06-17 10:30:00-04:00,172997.71417523152,0
2026-06-17 11:30:00-04:00,172997.71417523152,0
2026-06-17 12:30:00-04:00,172997.71417523152,0
2026-06-17 13:30:00-04:00,172997.71417523152,0
2026-06-17 14:30:00-04:00,172997.71417523152,0
2026-06-17 15:30:00-04:00,172997.71417523152,0
2026-06-18 09:30:00-04:00,172997.71417523152,0
2026-06-18 10:30:00-04:00,172997.71417523152,0
2026-06-18 11:30:00-04:00,172997.71417523152,0
2026-06-18 12:30:00-04:00,172997.71417523152,0
2026-06-18 13:30:00-04:00,172997.71417523152,0
2026-06-18 14:30:00-04:00,172997.71417523152,0
2026-06-18 15:30:00-04:00,172997.71417523152,0
2026-06-22 09:30:00-04:00,172997.71417523152,0
2026-06-22 10:30:00-04:00,172997.71417523152,0
2026-06-22 11:30:00-04:00,172997.71417523152,0
2026-06-22 12:30:00-04:00,172997.71417523152,0
2026-06-22 13:30:00-04:00,172997.71417523152,0
2026-06-22 14:30:00-04:00,172997.71417523152,0
2026-06-22 15:30:00-04:00,172997.71417523152,0
2026-06-23 09:30:00-04:00,172997.71417523152,0
2026-06-23 10:30:00-04:00,172997.71417523152,0
2026-06-23 11:30:00-04:00,172997.71417523152,0
2026-06-23 12:30:00-04:00,172997.71417523152,0
2026-06-23 13:30:00-04:00,172997.71417523152,0
2026-06-23 14:30:00-04:00,172997.71417523152,0
2026-06-23 15:30:00-04:00,172997.71417523152,0
2026-06-24 09:30:00-04:00,172997.71417523152,0
2026-06-24 10:30:00-04:00,172997.71417523152,0
2026-06-24 11:30:00-04:00,172997.71417523152,0
2026-06-24 12:30:00-04:00,172997.71417523152,0
2026-06-24 13:30:00-04:00,172997.71417523152,0
2026-06-24 14:30:00-04:00,172997.71417523152,0
2026-06-24 15:30:00-04:00,172997.71417523152,0
2026-06-25 09:30:00-04:00,172997.71417523152,0
2026-06-25 10:30:00-04:00,172997.71417523152,0
2026-06-25 11:30:00-04:00,172997.71417523152,0
2026-06-25 12:30:00-04:00,172997.71417523152,0
2026-06-25 13:30:00-04:00,172997.71417523152,0
2026-06-25 14:30:00-04:00,172997.71417523152,0
2026-06-25 15:30:00-04:00,172997.71417523152,0
2026-06-26 09:30:00-04:00,172997.71417523152,0
2026-06-26 10:30:00-04:00,172997.71417523152,0
2026-06-26 11:30:00-04:00,172997.71417523152,0
2026-06-26 12:30:00-04:00,172997.71417523152,0
2026-06-26 13:30:00-04:00,172997.71417523152,0
2026-06-26 14:30:00-04:00,172997.71417523152,0
2026-06-26 15:30:00-04:00,172997.71417523152,0
2026-06-29 09:30:00-04:00,172997.71417523152,0
2026-06-29 10:30:00-04:00,172997.71417523152,0
2026-06-29 11:30:00-04:00,172997.71417523152,0
2026-06-29 12:30:00-04:00,172997.71417523152,0
2026-06-29 13:30:00-04:00,172997.71417523152,0
2026-06-29 14:30:00-04:00,172997.71417523152,0
2026-06-29 15:30:00-04:00,172997.71417523152,0
2026-06-30 09:30:00-04:00,172997.71417523152,0
2026-06-30 10:30:00-04:00,172997.71417523152,0
2026-06-30 11:30:00-04:00,172997.71417523152,0
2026-06-30 12:30:00-04:00,172997.71417523152,0
2026-06-30 13:30:00-04:00,173317.78981551484,1
2026-06-30 14:30:00-04:00,174906.39498439842,1
2026-06-30 15:30:00-04:00,173625.2489650472,1
2026-07-01 09:30:00-04:00,158384.99977770308,1
2026-07-01 10:30:00-04:00,158162.35031702142,0
2026-07-01 11:30:00-04:00,158162.35031702142,0
2026-07-01 12:30:00-04:00,158162.35031702142,0
2026-07-01 13:30:00-04:00,158162.35031702142,0
2026-07-01 14:30:00-04:00,158162.35031702142,0
2026-07-01 15:30:00-04:00,158162.35031702142,0
2026-07-02 09:30:00-04:00,158162.35031702142,0
2026-07-02 10:30:00-04:00,158162.35031702142,0
2026-07-02 11:30:00-04:00,158162.35031702142,0
2026-07-02 12:30:00-04:00,158162.35031702142,0
2026-07-02 13:30:00-04:00,158162.35031702142,0
2026-07-02 14:30:00-04:00,158162.35031702142,0
2026-07-02 15:30:00-04:00,158162.35031702142,0
2026-07-06 09:30:00-04:00,158162.35031702142,0
2026-07-06 10:30:00-04:00,158162.35031702142,0
2026-07-06 11:30:00-04:00,158162.35031702142,0
2026-07-06 12:30:00-04:00,158162.35031702142,0
2026-07-06 13:30:00-04:00,158162.35031702142,0
2026-07-06 14:30:00-04:00,158162.35031702142,0
2026-07-06 15:30:00-04:00,158162.35031702142,0
2026-07-07 09:30:00-04:00,158162.35031702142,0
2026-07-07 10:30:00-04:00,158162.35031702142,0
2026-07-07 11:30:00-04:00,158162.35031702142,0
2026-07-07 12:30:00-04:00,158162.35031702142,0
2026-07-07 13:30:00-04:00,158162.35031702142,0
2026-07-07 14:30:00-04:00,158162.35031702142,0
2026-07-07 15:30:00-04:00,158162.35031702142,0
2026-07-08 09:30:00-04:00,158162.35031702142,0
2026-07-08 10:30:00-04:00,158162.35031702142,0
2026-07-08 11:30:00-04:00,158162.35031702142,0
2026-07-08 12:30:00-04:00,158162.35031702142,0
2026-07-08 13:30:00-04:00,158162.35031702142,0
2026-07-08 14:30:00-04:00,158162.35031702142,0
2026-07-08 15:30:00-04:00,158162.35031702142,0
2026-07-09 09:30:00-04:00,158162.35031702142,0
2026-07-09 10:30:00-04:00,158162.35031702142,0
2026-07-09 11:30:00-04:00,158162.35031702142,0
2026-07-09 12:30:00-04:00,158162.35031702142,0
2026-07-09 13:30:00-04:00,158162.35031702142,0
2026-07-09 14:30:00-04:00,158162.35031702142,0
2026-07-09 15:30:00-04:00,158162.35031702142,0
2026-07-10 09:30:00-04:00,158162.35031702142,0
2026-07-10 10:30:00-04:00,158162.35031702142,0
2026-07-10 11:30:00-04:00,158162.35031702142,0
2026-07-10 12:30:00-04:00,158162.35031702142,0
2026-07-10 13:30:00-04:00,158162.35031702142,0
2026-07-10 14:30:00-04:00,158162.35031702142,0
2026-07-10 15:30:00-04:00,158162.35031702142,0
2026-07-13 09:30:00-04:00,158162.35031702142,0
2026-07-13 10:30:00-04:00,158162.35031702142,0
2026-07-13 11:30:00-04:00,158162.35031702142,0
2026-07-13 12:30:00-04:00,158162.35031702142,0
2026-07-13 13:30:00-04:00,158162.35031702142,0
2026-07-13 14:30:00-04:00,158162.35031702142,0
2026-07-13 15:30:00-04:00,158162.35031702142,0
2026-07-14 09:30:00-04:00,158162.35031702142,0
2026-07-14 10:30:00-04:00,158162.35031702142,0
2026-07-14 11:30:00-04:00,158162.35031702142,0
2026-07-14 12:30:00-04:00,158162.35031702142,0
2026-07-14 13:30:00-04:00,158162.35031702142,0
2026-07-14 14:30:00-04:00,158162.35031702142,0
2026-07-14 15:30:00-04:00,158162.35031702142,0
2026-07-15 09:30:00-04:00,158162.35031702142,0
2026-07-15 10:30:00-04:00,158162.35031702142,0
2026-07-15 11:30:00-04:00,158162.35031702142,0
2026-07-15 12:30:00-04:00,158162.35031702142,0
2026-07-15 13:30:00-04:00,158162.35031702142,0
2026-07-15 14:30:00-04:00,158162.35031702142,0
2026-07-15 15:30:00-04:00,158162.35031702142,0
2026-07-16 09:30:00-04:00,158162.35031702142,0
2026-07-16 10:30:00-04:00,158162.35031702142,0
2026-07-16 11:30:00-04:00,158162.35031702142,0
2026-07-16 12:30:00-04:00,158162.35031702142,0
2026-07-16 13:30:00-04:00,158162.35031702142,0
2026-07-16 14:30:00-04:00,158162.35031702142,0
2026-07-16 15:30:00-04:00,158162.35031702142,0
2026-07-17 09:30:00-04:00,158162.35031702142,0
2026-07-17 10:30:00-04:00,158162.35031702142,0
2026-07-17 11:30:00-04:00,158162.35031702142,0
2026-07-17 12:30:00-04:00,158162.35031702142,0
2026-07-17 13:30:00-04:00,158162.35031702142,0
2026-07-17 14:30:00-04:00,158162.35031702142,0
2026-07-17 15:30:00-04:00,158162.35031702142,0
2026-07-20 09:30:00-04:00,158162.35031702142,0
2026-07-20 10:30:00-04:00,158162.35031702142,0
2026-07-20 11:30:00-04:00,158162.35031702142,0
2026-07-20 12:30:00-04:00,158162.35031702142,0
2026-07-20 13:30:00-04:00,158162.35031702142,0
2026-07-20 14:30:00-04:00,158162.35031702142,0
2026-07-20 15:30:00-04:00,158162.35031702142,0
2026-07-21 09:30:00-04:00,158162.35031702142,0
2026-07-21 10:30:00-04:00,158162.35031702142,0
2026-07-21 11:30:00-04:00,158162.35031702142,0
2026-07-21 12:30:00-04:00,158162.35031702142,0
2026-07-21 13:30:00-04:00,158162.35031702142,0
2026-07-21 14:30:00-04:00,158162.35031702142,0
2026-07-21 15:30:00-04:00,158162.35031702142,0
2026-07-22 09:30:00-04:00,158162.35031702142,0
2026-07-22 10:30:00-04:00,158162.35031702142,0
2026-07-22 11:30:00-04:00,158162.35031702142,0
2026-07-22 12:30:00-04:00,158162.35031702142,0
2026-07-22 13:30:00-04:00,158162.35031702142,0
2026-07-22 14:30:00-04:00,158162.35031702142,0
2026-07-22 15:30:00-04:00,158162.35031702142,0
2026-07-23 09:30:00-04:00,158162.35031702142,0
2026-07-23 10:30:00-04:00,158162.35031702142,0
2026-07-23 11:30:00-04:00,158162.35031702142,0
2026-07-23 12:30:00-04:00,158162.35031702142,0
2026-07-23 13:30:00-04:00,158162.35031702142,0
2026-07-23 14:30:00-04:00,158162.35031702142,0
2026-07-23 15:30:00-04:00,158162.35031702142,0
2026-07-24 09:30:00-04:00,158162.35031702142,0
2026-07-24 10:30:00-04:00,158162.35031702142,0
2026-07-24 11:30:00-04:00,158162.35031702142,0
2026-07-24 12:30:00-04:00,158162.35031702142,0
2026-07-24 13:30:00-04:00,158162.35031702142,0
2026-07-24 14:30:00-04:00,158162.35031702142,0
2026-07-24 15:30:00-04:00,158162.35031702142,0
2026-07-27 09:30:00-04:00,158162.35031702142,0
2026-07-27 10:30:00-04:00,158162.35031702142,0
2026-07-27 11:30:00-04:00,158162.35031702142,0
2026-07-27 12:30:00-04:00,158162.35031702142,0
2026-07-27 13:30:00-04:00,158162.35031702142,0
2026-07-27 14:30:00-04:00,158162.35031702142,0
2026-07-27 15:30:00-04:00,158162.35031702142,0
2026-07-28 09:30:00-04:00,158162.35031702142,0
2026-07-28 10:30:00-04:00,158162.35031702142,0
2026-07-28 11:30:00-04:00,158162.35031702142,0
2026-07-28 12:30:00-04:00,158162.35031702142,0
2026-07-28 13:30:00-04:00,158162.35031702142,0
2026-07-28 14:30:00-04:00,158162.35031702142,0
2026-07-28 15:30:00-04:00,158162.35031702142,0
2026-07-29 09:30:00-04:00,158162.35031702142,0
2026-07-29 10:30:00-04:00,158162.35031702142,0
2026-07-29 11:30:00-04:00,158162.35031702142,0
2026-07-29 12:30:00-04:00,158162.35031702142,0
2026-07-29 13:30:00-04:00,158162.35031702142,0
2026-07-29 14:30:00-04:00,158162.35031702142,0
2026-07-29 15:30:00-04:00,158162.35031702142,0
2026-07-30 09:30:00-04:00,158162.35031702142,0
2026-07-30 10:30:00-04:00,158162.35031702142,0
2026-07-30 11:30:00-04:00,158162.35031702142,0
2026-07-30 12:30:00-04:00,158162.35031702142,0
2026-07-30 13:30:00-04:00,158162.35031702142,0
2026-07-30 14:30:00-04:00,158162.35031702142,0
2026-07-30 15:30:00-04:00,158162.35031702142,0
2026-07-31 09:30:00-04:00,158162.35031702142,0
2026-07-31 10:30:00-04:00,158162.35031702142,0
2026-07-31 11:30:00-04:00,158162.35031702142,0
2026-07-31 12:30:00-04:00,158162.35031702142,0
2026-07-31 13:30:00-04:00,158162.35031702142,0
2026-07-31 14:30:00-04:00,158162.35031702142,0
2026-07-31 15:30:00-04:00,158162.35031702142,0
2026-08-03 09:30:00-04:00,158162.35031702142,0
2026-08-03 10:30:00-04:00,158162.35031702142,0
2026-08-03 11:30:00-04:00,158162.35031702142,0
2026-08-03 12:30:00-04:00,158162.35031702142,0
2026-08-03 13:30:00-04:00,158162.35031702142,0
2026-08-03 14:30:00-04:00,158162.35031702142,0
2026-08-03 15:30:00-04:00,158162.35031702142,0
2026-08-04 09:30:00-04:00,158162.35031702142,0
2026-08-04 10:30:00-04:00,158162.35031702142,0
2026-08-04 11:30:00-04:00,158162.35031702142,0
2026-08-04 12:30:00-04:00,158162.35031702142,0
2026-08-04 13:30:00-04:00,158162.35031702142,0
2026-08-04 14:30:00-04:00,158162.35031702142,0
2026-08-04 15:30:00-04:00,158162.35031702142,0
2026-08-05 09:30:00-04:00,158162.35031702142,0
2026-08-05 10:30:00-04:00,158162.35031702142,0
2026-08-05 11:30:00-04:00,158162.35031702142,0
2026-08-05 12:30:00-04:00,158162.35031702142,0
2026-08-05 13:30:00-04:00,158162.35031702142,0
2026-08-05 14:30:00-04:00,158162.35031702142,0
2026-08-05 15:30:00-04:00,158162.35031702142,0
2026-08-06 09:30:00-04:00,158162.35031702142,0
2026-08-06 10:30:00-04:00,158162.35031702142,0
2026-08-06 11:30:00-04:00,158162.35031702142,0
2026-08-06 12:30:00-04:00,158162.35031702142,0
2026-08-06 13:30:00-04:00,158162.35031702142,0
2026-08-06 14:30:00-04:00,158162.35031702142,0
2026-08-06 15:30:00-04:00,158162.35031702142,0
2026-08-07 09:30:00-04:00,158162.35031702142,0
2026-08-07 10:30:00-04:00,158162.35031702142,0
2026-08-07 11:30:00-04:00,158162.35031702142,0
2026-08-07 12:30:00-04:00,158162.35031702142,0
2026-08-07 13:30:00-04:00,158162.35031702142,0
2026-08-07 14:30:00-04:00,158162.35031702142,0
2026-08-07 15:30:00-04:00,158162.35031702142,0
2026-08-10 09:30:00-04:00,158162.35031702142,0
2026-08-10 10:30:00-04:00,158162.35031702142,0
2026-08-10 11:30:00-04:00,158162.35031702142,0
2026-08-10 12:30:00-04:00,158162.35031702142,0
2026-08-10 13:30:00-04:00,158162.35031702142,0
2026-08-10 14:30:00-04:00,158162.35031702142,0
2026-08-10 15:30:00-04:00,158162.35031702142,0
2026-08-11 09:30:00-04:00,158162.35031702142,0
2026-08-11 10:30:00-04:00,158162.35031702142,0
2026-08-11 11:30:00-04:00,158162.35031702142,0
2026-08-11 12:30:00-04:00,158162.35031702142,0
2026-08-11 13:30:00-04:00,158162.35031702142,0
2026-08-11 14:30:00-04:00,158162.35031702142,0
2026-08-11 15:30:00-04:00,158162.35031702142,0
2026-08-12 09:30:00-04:00,158162.35031702142,0
2026-08-12 10:30:00-04:00,158162.35031702142,0
2026-08-12 11:30:00-04:00,158162.35031702142,0
2026-08-12 12:30:00-04:00,158162.35031702142,0
2026-08-12 13:30:00-04:00,158162.35031702142,0
2026-08-12 14:30:00-04:00,158162.35031702142,0
2026-08-12 15:30:00-04:00,158162.35031702142,0
2026-08-13 09:30:00-04:00,158162.35031702142,0
2026-08-13 10:30:00-04:00,158162.35031702142,0
2026-08-13 11:30:00-04:00,158162.35031702142,0
2026-08-13 12:30:00-04:00,158162.35031702142,0
2026-08-13 13:30:00-04:00,158162.35031702142,0
2026-08-13 14:30:00-04:00,158162.35031702142,0
2026-08-13 15:30:00-04:00,158162.35031702142,0
2026-08-14 09:30:00-04:00,158162.35031702142,0
2026-08-14 10:30:00-04:00,158162.35031702142,0
2026-08-14 11:30:00-04:00,158162.35031702142,0
2026-08-14 12:30:00-04:00,158162.35031702142,0
2026-08-14 13:30:00-04:00,158162.35031702142,0
2026-08-14 14:30:00-04:00,158162.35031702142,0
2026-08-14 15:30:00-04:00,158162.35031702142,0
2026-08-17 09:30:00-04:00,158162.35031702142,0
2026-08-17 10:30:00-04:00,158162.35031702142,0
2026-08-17 11:30:00-04:00,158162.35031702142,0
2026-08-17 12:30:00-04:00,158162.35031702142,0
2026-08-17 13:30:00-04:00,158162.35031702142,0
2026-08-17 14:30:00-04:00,158162.35031702142,0
2026-08-17 15:30:00-04:00,158162.35031702142,0
2026-08-18 09:30:00-04:00,158162.35031702142,0
2026-08-18 10:30:00-04:00,158162.35031702142,0
2026-08-18 11:30:00-04:00,158162.35031702142,0
2026-08-18 12:30:00-04:00,158162.35031702142,0
2026-08-18 13:30:00-04:00,158162.35031702142,0
2026-08-18 14:30:00-04:00,158162.35031702142,0
2026-08-18 15:30:00-04:00,158162.35031702142,0
2026-08-19 09:30:00-04:00,158162.35031702142,0
2026-08-19 10:30:00-04:00,158162.35031702142,0
2026-08-19 11:30:00-04:00,158162.35031702142,0
2026-08-19 12:30:00-04:00,158162.35031702142,0
2026-08-19 13:30:00-04:00,158162.35031702142,0
2026-08-19 14:30:00-04:00,158162.35031702142,0
2026-08-19 15:30:00-04:00,158162.35031702142,0
2026-08-20 09:30:00-04:00,158162.35031702142,0
2026-08-20 10:30:00-04:00,158162.35031702142,0
2026-08-20 11:30:00-04:00,158162.35031702142,0
2026-08-20 12:30:00-04:00,158162.35031702142,0
2026-08-20 13:30:00-04:00,158162.35031702142,0
2026-08-20 14:30:00-04:00,158162.35031702142,0
2026-08-20 15:30:00-04:00,158162.35031702142,0
2026-08-21 09:30:00-04:00,158162.35031702142,0
2026-08-21 10:30:00-04:00,158162.35031702142,0
2026-08-21 11:30:00-04:00,158162.35031702142,0
2026-08-21 12:30:00-04:00,158162.35031702142,0
2026-08-21 13:30:00-04:00,158162.35031702142,0
2026-08-21 14:30:00-04:00,158162.35031702142,0
2026-08-21 15:30:00-04:00,158162.35031702142,0
2026-08-24 09:30:00-04:00,158162.35031702142,0
2026-08-24 10:30:00-04:00,158162.35031702142,0
2026-08-24 11:30:00-04:00,158162.35031702142,0
2026-08-24 12:30:00-04:00,158162.35031702142,0
2026-08-24 13:30:00-04:00,158162.35031702142,0
2026-08-24 14:30:00-04:00,158162.35031702142,0
2026-08-24 15:30:00-04:00,158162.35031702142,0
2026-08-25 09:30:00-04:00,158162.35031702142,0
2026-08-25 10:30:00-04:00,158162.35031702142,0
2026-08-25 11:30:00-04:00,158162.35031702142,0
2026-08-25 12:30:00-04:00,158162.35031702142,0
2026-08-25 13:30:00-04:00,158162.35031702142,0
2026-08-25 14:30:00-04:00,158162.35031702142,0
2026-08-25 15:30:00-04:00,158162.35031702142,0
2026-08-26 09:30:00-04:00,158162.35031702142,0
2026-08-26 10:30:00-04:00,158162.35031702142,0
2026-08-26 11:30:00-04:00,158162.35031702142,0
2026-08-26 12:30:00-04:00,158162.35031702142,0
2026-08-26 13:30:00-04:00,158162.35031702142,0
2026-08-26 14:30:00-04:00,158162.35031702142,0
2026-08-26 15:30:00-04:00,158162.35031702142,0
2026-08-27 09:30:00-04:00,158162.35031702142,0
2026-08-27 10:30:00-04:00,158162.35031702142,0
2026-08-27 11:30:00-04:00,158162.35031702142,0
2026-08-27 12:30:00-04:00,158162.35031702142,0
2026-08-27 13:30:00-04:00,158162.35031702142,0
2026-08-27 14:30:00-04:00,158162.35031702142,0
2026-08-27 15:30:00-04:00,158162.35031702142,0
2026-08-28 09:30:00-04:00,158162.35031702142,0
2026-08-28 10:30:00-04:00,158162.35031702142,0
2026-08-28 11:30:00-04:00,158162.35031702142,0
2026-08-28 12:30:00-04:00,158162.35031702142,0
2026-08-28 13:30:00-04:00,158162.35031702142,0
2026-08-28 14:30:00-04:00,158162.35031702142,0
2026-08-28 15:30:00-04:00,158162.35031702142,0
2026-08-31 09:30:00-04:00,158162.35031702142,0
2026-08-31 10:30:00-04:00,158162.35031702142,0
2026-08-31 11:30:00-04:00,158162.35031702142,0
2026-08-31 12:30:00-04:00,158162.35031702142,0
2026-08-31 13:30:00-04:00,158162.35031702142,0
2026-08-31 14:30:00-04:00,158162.35031702142,0
2026-08-31 15:30:00-04:00,158162.35031702142,0
2026-09-01 09:30:00-04:00,158162.35031702142,0
2026-09-01 10:30:00-04:00,158162.35031702142,0
2026-09-01 11:30:00-04:00,158162.35031702142,0
2026-09-01 12:30:00-04:00,158162.35031702142,0
2026-09-01 13:30:00-04:00,158162.35031702142,0
2026-09-01 14:30:00-04:00,158162.35031702142,0
2026-09-01 15:30:00-04:00,158162.35031702142,0
2026-09-02 09:30:00-04:00,158162.35031702142,0
2026-09-02 10:30:00-04:00,158162.35031702142,0
2026-09-02 11:30:00-04:00,158162.35031702142,0
2026-09-02 12:30:00-04:00,158162.35031702142,0
2026-09-02 13:30:00-04:00,158162.35031702142,0
2026-09-02 14:30:00-04:00,158162.35031702142,0
2026-09-02 15:30:00-04:00,158162.35031702142,0
2026-09-03 09:30:00-04:00,158162.35031702142,0
2026-09-03 10:30:00-04:00,158162.35031702142,0
2026-09-03 11:30:00-04:00,158162.35031702142,0
2026-09-03 12:30:00-04:00,158162.35031702142,0
2026-09-03 13:30:00-04:00,158162.35031702142,0
2026-09-03 14:30:00-04:00,158162.35031702142,0
2026-09-03 15:30:00-04:00,158162.35031702142,0
2026-09-04 09:30:00-04:00,158162.35031702142,0
2026-09-04 10:30:00-04:00,158162.35031702142,0
2026-09-04 11:30:00-04:00,158162.35031702142,0
2026-09-04 12:30:00-04:00,158162.35031702142,0
2026-09-04 13:30:00-04:00,158162.35031702142,0
2026-09-04 14:30:00-04:00,158162.35031702142,0
2026-09-04 15:30:00-04:00,158162.35031702142,0
2026-09-08 09:30:00-04:00,158162.35031702142,0
2026-09-08 10:30:00-04:00,158162.35031702142,0
2026-09-08 11:30:00-04:00,158162.35031702142,0
2026-09-08 12:30:00-04:00,158162.35031702142,0
2026-09-08 13:30:00-04:00,158162.35031702142,0
2026-09-08 14:30:00-04:00,158162.35031702142,0
2026-09-08 15:30:00-04:00,158162.35031702142,0
2026-09-09 09:30:00-04:00,158162.35031702142,0
2026-09-09 10:30:00-04:00,158162.35031702142,0
2026-09-09 11:30:00-04:00,158162.35031702142,0
2026-09-09 12:30:00-04:00,158162.35031702142,0
2026-09-09 13:30:00-04:00,158162.35031702142,0
2026-09-09 14:30:00-04:00,158162.35031702142,0
2026-09-09 15:30:00-04:00,158162.35031702142,0
2026-09-10 09:30:00-04:00,158162.35031702142,0
2026-09-10 10:30:00-04:00,158162.35031702142,0
2026-09-10 11:30:00-04:00,158162.35031702142,0
2026-09-10 12:30:00-04:00,158162.35031702142,0
2026-09-10 13:30:00-04:00,158162.35031702142,0
2026-09-10 14:30:00-04:00,158162.35031702142,0
2026-09-10 15:30:00-04:00,158162.35031702142,0
2026-09-11 09:30:00-04:00,158162.35031702142,0
2026-09-11 10:30:00-04:00,158162.35031702142,0
2026-09-11 11:30:00-04:00,158162.35031702142,0
2026-09-11 12:30:00-04:00,158162.35031702142,0
2026-09-11 13:30:00-04:00,158162.35031702142,0
2026-09-11 14:30:00-04:00,158162.35031702142,0
2026-09-11 15:30:00-04:00,158162.35031702142,0
2026-09-14 09:30:00-04:00,158162.35031702142,0
2026-09-14 10:30:00-04:00,158162.35031702142,0
2026-09-14 11:30:00-04:00,158162.35031702142,0
2026-09-14 12:30:00-04:00,158162.35031702142,0
2026-09-14 13:30:00-04:00,158162.35031702142,0
2026-09-14 14:30:00-04:00,158162.35031702142,0
2026-09-14 15:30:00-04:00,158162.35031702142,0
2026-09-15 09:30:00-04:00,158162.35031702142,0
2026-09-15 10:30:00-04:00,158162.35031702142,0
2026-09-15 11:30:00-04:00,158162.35031702142,0
2026-09-15 12:30:00-04:00,158162.35031702142,0
2026-09-15 13:30:00-04:00,158162.35031702142,0
2026-09-15 14:30:00-04:00,158162.35031702142,0
2026-09-15 15:30:00-04:00,158162.35031702142,0
2026-09-16 09:30:00-04:00,158162.35031702142,0
2026-09-16 10:30:00-04:00,158162.35031702142,0
2026-09-16 11:30:00-04:00,158162.35031702142,0
2026-09-16 12:30:00-04:00,158162.35031702142,0
2026-09-16 13:30:00-04:00,158162.35031702142,0
2026-09-16 14:30:00-04:00,158162.35031702142,0
2026-09-16 15:30:00-04:00,158162.35031702142,0
2026-09-17 09:30:00-04:00,158162.35031702142,0
2026-09-17 10:30:00-04:00,158162.35031702142,0
2026-09-17 11:30:00-04:00,158162.35031702142,0
2026-09-17 12:30:00-04:00,158162.35031702142,0
2026-09-17 13:30:00-04:00,158162.35031702142,0
2026-09-17 14:30:00-04:00,158162.35031702142,0
2026-09-17 15:30:00-04:00,158162.35031702142,0
2026-09-18 09:30:00-04:00,158162.35031702142,0
2026-09-18 10:30:00-04:00,158162.35031702142,0
2026-09-18 11:30:00-04:00,158162.35031702142,0
2026-09-18 12:30:00-04:00,158162.35031702142,0
2026-09-18 13:30:00-04:00,158162.35031702142,0
2026-09-18 14:30:00-04:00,158162.35031702142,0
2026-09-18 15:30:00-04:00,158162.35031702142,0
