date,equity,holding
2024-09-25 10:30:00-04:00,100000.0,0
2024-09-25 11:30:00-04:00,100000.0,0
2024-09-25 12:30:00-04:00,100000.0,0
2024-09-25 13:30:00-04:00,100000.0,0
2024-09-25 14:30:00-04:00,100000.0,0
2024-09-25 15:30:00-04:00,100000.0,0
2024-09-26 09:30:00-04:00,100000.0,0
2024-09-26 10:30:00-04:00,100000.0,0
2024-09-26 11:30:00-04:00,100000.0,0
2024-09-26 12:30:00-04:00,100000.0,0
2024-09-26 13:30:00-04:00,100000.0,0
2024-09-26 14:30:00-04:00,100000.0,0
2024-09-26 15:30:00-04:00,100000.0,0
2024-09-27 09:30:00-04:00,100000.0,0
2024-09-27 10:30:00-04:00,100000.0,0
2024-09-27 11:30:00-04:00,100000.0,0
2024-09-27 12:30:00-04:00,100000.0,0
2024-09-27 13:30:00-04:00,100000.0,0
2024-09-27 14:30:00-04:00,100000.0,0
2024-09-27 15:30:00-04:00,100000.0,0
2024-09-30 09:30:00-04:00,100000.0,0
2024-09-30 10:30:00-04:00,100000.0,0
2024-09-30 11:30:00-04:00,100000.0,0
2024-09-30 12:30:00-04:00,100000.0,0
2024-09-30 13:30:00-04:00,100000.0,0
2024-09-30 14:30:00-04:00,100000.0,0
2024-09-30 15:30:00-04:00,100000.0,0
2024-10-01 09:30:00-04:00,100000.0,0
2024-10-01 10:30:00-04:00,100000.0,0
2024-10-01 11:30:00-04:00,100000.0,0
2024-10-01 12:30:00-04:00,100000.0,0
2024-10-01 13:30:00-04:00,100000.0,0
2024-10-01 14:30:00-04:00,100000.0,0
2024-10-01 15:30:00-04:00,100000.0,0
2024-10-02 09:30:00-04:00,100000.0,0
2024-10-02 10:30:00-04:00,100000.0,0
2024-10-02 11:30:00-04:00,100000.0,0
2024-10-02 12:30:00-04:00,100000.0,0
2024-10-02 13:30:00-04:00,100000.0,0
2024-10-02 14:30:00-04:00,100000.0,0
2024-10-02 15:30:00-04:00,100000.0,0
2024-10-03 09:30:00-04:00,100000.0,0
2024-10-03 10:30:00-04:00,100000.0,0
2024-10-03 11:30:00-04:00,100000.0,0
2024-10-03 12:30:00-04:00,100000.0,0
2024-10-03 13:30:00-04:00,100000.0,0
2024-10-03 14:30:00-04:00,100000.0,0
2024-10-03 15:30:00-04:00,100000.0,0
2024-10-04 09:30:00-04:00,100000.0,0
2024-10-04 10:30:00-04:00,100000.0,0
2024-10-04 11:30:00-04:00,100000.0,0
2024-10-04 12:30:00-04:00,100000.0,0
2024-10-04 13:30:00-04:00,100000.0,0
2024-10-04 14:30:00-04:00,100000.0,0
2024-10-04 15:30:00-04:00,100000.0,0
2024-10-07 09:30:00-04:00,100000.0,0
2024-10-07 10:30:00-04:00,100000.0,0
2024-10-07 11:30:00-04:00,100000.0,0
2024-10-07 12:30:00-04:00,100000.0,0
2024-10-07 13:30:00-04:00,100000.0,0
2024-10-07 14:30:00-04:00,100000.0,0
2024-10-07 15:30:00-04:00,100000.0,0
2024-10-08 09:30:00-04:00,100000.0,0
2024-10-08 10:30:00-04:00,100000.0,0
2024-10-08 11:30:00-04:00,100000.0,0
2024-10-08 12:30:00-04:00,100000.0,0
2024-10-08 13:30:00-04:00,100000.0,0
2024-10-08 14:30:00-04:00,100000.0,0
2024-10-08 15:30:00-04:00,100000.0,0
2024-10-09 09:30:00-04:00,100000.0,0
2024-10-09 10:30:00-04:00,100000.0,0
2024-10-09 11:30:00-04:00,100000.0,0
2024-10-09 12:30:00-04:00,100000.0,0
2024-10-09 13:30:00-04:00,100000.0,0
2024-10-09 14:30:00-04:00,100000.0,0
2024-10-09 15:30:00-04:00,100000.0,0
2024-10-10 09:30:00-04:00,100000.0,0
2024-10-10 10:30:00-04:00,100000.0,0
2024-10-10 11:30:00-04:00,100000.0,0
2024-10-10 12:30:00-04:00,100000.0,0
2024-10-10 13:30:00-04:00,100000.0,0
2024-10-10 14:30:00-04:00,100000.0,0
2024-10-10 15:30:00-04:00,100000.0,0
2024-10-11 09:30:00-04:00,100000.0,0
2024-10-11 10:30:00-04:00,100000.0,0
2024-10-11 11:30:00-04:00,100000.0,0
2024-10-11 12:30:00-04:00,100000.0,0
2024-10-11 13:30:00-04:00,100000.0,0
2024-10-11 14:30:00-04:00,100000.0,0
2024-10-11 15:30:00-04:00,100000.0,0
2024-10-14 09:30:00-04:00,100000.0,0
2024-10-14 10:30:00-04:00,100000.0,0
2024-10-14 11:30:00-04:00,100000.0,0
2024-10-14 12:30:00-04:00,100000.0,0
2024-10-14 13:30:00-04:00,100000.0,0
2024-10-14 14:30:00-04:00,100000.0,0
2024-10-14 15:30:00-04:00,100000.0,0
2024-10-15 09:30:00-04:00,100000.0,0
2024-10-15 10:30:00-04:00,100000.0,0
2024-10-15 11:30:00-04:00,100000.0,0
2024-10-15 12:30:00-04:00,100000.0,0
2024-10-15 13:30:00-04:00,100000.0,0
2024-10-15 14:30:00-04:00,100000.0,0
2024-10-15 15:30:00-04:00,100000.0,0
2024-10-16 09:30:00-04:00,100000.0,0
2024-10-16 10:30:00-04:00,100000.0,0
2024-10-16 11:30:00-04:00,100000.0,0
2024-10-16 12:30:00-04:00,100000.0,0
2024-10-16 13:30:00-04:00,100000.0,0
2024-10-16 14:30:00-04:00,100000.0,0
2024-10-16 15:30:00-04:00,100000.0,0
2024-10-17 09:30:00-04:00,100000.0,0
2024-10-17 10:30:00-04:00,100000.0,0
2024-10-17 11:30:00-04:00,100000.0,0
2024-10-17 12:30:00-04:00,100000.0,0
2024-10-17 13:30:00-04:00,100000.0,0
2024-10-17 14:30:00-04:00,100000.0,0
2024-10-17 15:30:00-04:00,100000.0,0
2024-10-18 09:30:00-04:00,100000.0,0
2024-10-18 10:30:00-04:00,100000.0,0
2024-10-18 11:30:00-04:00,100000.0,0
2024-10-18 12:30:00-04:00,100000.0,0
2024-10-18 13:30:00-04:00,100000.0,0
2024-10-18 14:30:00-04:00,100000.0,0
2024-10-18 15:30:00-04:00,100000.0,0
2024-10-21 09:30:00-04:00,100000.0,0
2024-10-21 10:30:00-04:00,100000.0,0
2024-10-21 11:30:00-04:00,100000.0,0
2024-10-21 12:30:00-04:00,100000.0,0
2024-10-21 13:30:00-04:00,100000.0,0
2024-10-21 14:30:00-04:00,100000.0,0
2024-10-21 15:30:00-04:00,100000.0,0
2024-10-22 09:30:00-04:00,100000.0,0
2024-10-22 10:30:00-04:00,100000.0,0
2024-10-22 11:30:00-04:00,100000.0,0
2024-10-22 12:30:00-04:00,100000.0,0
2024-10-22 13:30:00-04:00,100000.0,0
2024-10-22 14:30:00-04:00,100000.0,0
2024-10-22 15:30:00-04:00,100000.0,0
2024-10-23 09:30:00-04:00,100000.0,0
2024-10-23 10:30:00-04:00,100000.0,0
2024-10-23 11:30:00-04:00,100000.0,0
2024-10-23 12:30:00-04:00,100000.0,0
2024-10-23 13:30:00-04:00,100000.0,0
2024-10-23 14:30:00-04:00,100000.0,0
2024-10-23 15:30:00-04:00,100000.0,0
2024-10-24 09:30:00-04:00,100000.0,0
2024-10-24 10:30:00-04:00,100000.0,0
2024-10-24 11:30:00-04:00,100000.0,0
2024-10-24 12:30:00-04:00,100000.0,0
2024-10-24 13:30:00-04:00,100000.0,0
2024-10-24 14:30:00-04:00,100000.0,0
2024-10-24 15:30:00-04:00,100000.0,0
2024-10-25 09:30:00-04:00,100000.0,0
2024-10-25 10:30:00-04:00,100000.0,0
2024-10-25 11:30:00-04:00,100000.0,0
2024-10-25 12:30:00-04:00,100000.0,0
2024-10-25 13:30:00-04:00,100000.0,0
2024-10-25 14:30:00-04:00,100000.0,0
2024-10-25 15:30:00-04:00,100000.0,0
2024-10-28 09:30:00-04:00,100000.0,0
2024-10-28 10:30:00-04:00,100000.0,0
2024-10-28 11:30:00-04:00,100000.0,0
2024-10-28 12:30:00-04:00,100000.0,0
2024-10-28 13:30:00-04:00,100000.0,0
2024-10-28 14:30:00-04:00,100000.0,0
2024-10-28 15:30:00-04:00,100000.0,0
2024-10-29 09:30:00-04:00,100000.0,0
2024-10-29 10:30:00-04:00,100000.0,0
2024-10-29 11:30:00-04:00,100000.0,0
2024-10-29 12:30:00-04:00,100000.0,0
2024-10-29 13:30:00-04:00,100000.0,0
2024-10-29 14:30:00-04:00,100000.0,0
2024-10-29 15:30:00-04:00,100000.0,0
2024-10-30 09:30:00-04:00,100000.0,0
2024-10-30 10:30:00-04:00,100000.0,0
2024-10-30 11:30:00-04:00,100000.0,0
2024-10-30 12:30:00-04:00,100000.0,0
2024-10-30 13:30:00-04:00,100000.0,0
2024-10-30 14:30:00-04:00,100000.0,0
2024-10-30 15:30:00-04:00,100000.0,0
2024-10-31 09:30:00-04:00,100000.0,0
2024-10-31 10:30:00-04:00,100000.0,0
2024-10-31 11:30:00-04:00,100000.0,0
2024-10-31 12:30:00-04:00,100000.0,0
2024-10-31 13:30:00-04:00,100000.0,0
2024-10-31 14:30:00-04:00,100000.0,0
2024-10-31 15:30:00-04:00,100000.0,0
2024-11-01 09:30:00-04:00,100000.0,0
2024-11-01 10:30:00-04:00,100000.0,0
2024-11-01 11:30:00-04:00,100000.0,0
2024-11-01 12:30:00-04:00,100000.0,0
2024-11-01 13:30:00-04:00,100000.0,0
2024-11-01 14:30:00-04:00,100000.0,0
2024-11-01 15:30:00-04:00,100000.0,0
2024-11-04 09:30:00-05:00,100000.0,0
2024-11-04 10:30:00-05:00,100000.0,0
2024-11-04 11:30:00-05:00,100000.0,0
2024-11-04 12:30:00-05:00,100000.0,0
2024-11-04 13:30:00-05:00,100000.0,0
2024-11-04 14:30:00-05:00,100000.0,0
2024-11-04 15:30:00-05:00,100000.0,0
2024-11-05 09:30:00-05:00,100000.0,0
2024-11-05 10:30:00-05:00,100000.0,0
2024-11-05 11:30:00-05:00,100000.0,0
2024-11-05 12:30:00-05:00,100000.0,0
2024-11-05 13:30:00-05:00,100000.0,0
2024-11-05 14:30:00-05:00,100000.0,0
2024-11-05 15:30:00-05:00,100000.0,0
2024-11-06 09:30:00-05:00,100000.0,0
2024-11-06 10:30:00-05:00,100000.0,0
2024-11-06 11:30:00-05:00,100000.0,0
2024-11-06 12:30:00-05:00,100000.0,0
2024-11-06 13:30:00-05:00,100000.0,0
2024-11-06 14:30:00-05:00,100000.0,0
2024-11-06 15:30:00-05:00,100000.0,0
2024-11-07 09:30:00-05:00,100000.0,0
2024-11-07 10:30:00-05:00,100000.0,0
2024-11-07 11:30:00-05:00,100000.0,0
2024-11-07 12:30:00-05:00,100000.0,0
2024-11-07 13:30:00-05:00,100000.0,0
2024-11-07 14:30:00-05:00,100000.0,0
2024-11-07 15:30:00-05:00,100000.0,0
2024-11-08 09:30:00-05:00,100000.0,0
2024-11-08 10:30:00-05:00,100000.0,0
2024-11-08 11:30:00-05:00,100000.0,0
2024-11-08 12:30:00-05:00,100000.0,0
2024-11-08 13:30:00-05:00,100000.0,0
2024-11-08 14:30:00-05:00,100000.0,0
2024-11-08 15:30:00-05:00,100000.0,0
2024-11-11 09:30:00-05:00,100000.0,0
2024-11-11 10:30:00-05:00,100000.0,0
2024-11-11 11:30:00-05:00,100000.0,0
2024-11-11 12:30:00-05:00,100000.0,0
2024-11-11 13:30:00-05:00,100000.0,0
2024-11-11 14:30:00-05:00,100000.0,0
2024-11-11 15:30:00-05:00,100000.0,0
2024-11-12 09:30:00-05:00,100000.0,0
2024-11-12 10:30:00-05:00,100000.0,0
2024-11-12 11:30:00-05:00,100000.0,0
2024-11-12 12:30:00-05:00,100000.0,0
2024-11-12 13:30:00-05:00,100000.0,0
2024-11-12 14:30:00-05:00,100000.0,0
2024-11-12 15:30:00-05:00,100000.0,0
2024-11-13 09:30:00-05:00,100000.0,0
2024-11-13 10:30:00-05:00,100000.0,0
2024-11-13 11:30:00-05:00,100000.0,0
2024-11-13 12:30:00-05:00,100000.0,0
2024-11-13 13:30:00-05:00,100000.0,0
2024-11-13 14:30:00-05:00,100000.0,0
2024-11-13 15:30:00-05:00,100000.0,0
2024-11-14 09:30:00-05:00,100000.0,0
2024-11-14 10:30:00-05:00,100000.0,0
2024-11-14 11:30:00-05:00,100000.0,0
2024-11-14 12:30:00-05:00,100000.0,0
2024-11-14 13:30:00-05:00,100000.0,0
2024-11-14 14:30:00-05:00,100000.0,0
2024-11-14 15:30:00-05:00,100000.0,0
2024-11-15 09:30:00-05:00,100000.0,0
2024-11-15 10:30:00-05:00,100000.0,0
2024-11-15 11:30:00-05:00,100000.0,0
2024-11-15 12:30:00-05:00,100000.0,0
2024-11-15 13:30:00-05:00,100000.0,0
2024-11-15 14:30:00-05:00,100000.0,0
2024-11-15 15:30:00-05:00,100000.0,0
2024-11-18 09:30:00-05:00,100000.0,0
2024-11-18 10:30:00-05:00,100000.0,0
2024-11-18 11:30:00-05:00,100000.0,0
2024-11-18 12:30:00-05:00,100000.0,0
2024-11-18 13:30:00-05:00,100000.0,0
2024-11-18 14:30:00-05:00,100000.0,0
2024-11-18 15:30:00-05:00,100000.0,0
2024-11-19 09:30:00-05:00,100000.0,0
2024-11-19 10:30:00-05:00,100000.0,0
2024-11-19 11:30:00-05:00,100000.0,0
2024-11-19 12:30:00-05:00,100000.0,0
2024-11-19 13:30:00-05:00,100000.0,0
2024-11-19 14:30:00-05:00,100000.0,0
2024-11-19 15:30:00-05:00,100000.0,0
2024-11-20 09:30:00-05:00,100000.0,0
2024-11-20 10:30:00-05:00,100000.0,0
2024-11-20 11:30:00-05:00,100000.0,0
2024-11-20 12:30:00-05:00,100000.0,0
2024-11-20 13:30:00-05:00,100000.0,0
2024-11-20 14:30:00-05:00,100000.0,0
2024-11-20 15:30:00-05:00,100000.0,0
2024-11-21 09:30:00-05:00,100000.0,0
2024-11-21 10:30:00-05:00,100000.0,0
2024-11-21 11:30:00-05:00,100000.0,0
2024-11-21 12:30:00-05:00,100000.0,0
2024-11-21 13:30:00-05:00,100000.0,0
2024-11-21 14:30:00-05:00,100000.0,0
2024-11-21 15:30:00-05:00,100000.0,0
2024-11-22 09:30:00-05:00,100000.0,0
2024-11-22 10:30:00-05:00,100000.0,0
2024-11-22 11:30:00-05:00,100000.0,0
2024-11-22 12:30:00-05:00,100000.0,0
2024-11-22 13:30:00-05:00,100000.0,0
2024-11-22 14:30:00-05:00,100000.0,0
2024-11-22 15:30:00-05:00,100000.0,0
2024-11-25 09:30:00-05:00,100000.0,0
2024-11-25 10:30:00-05:00,100000.0,0
2024-11-25 11:30:00-05:00,100000.0,0
2024-11-25 12:30:00-05:00,100000.0,0
2024-11-25 13:30:00-05:00,100000.0,0
2024-11-25 14:30:00-05:00,100000.0,0
2024-11-25 15:30:00-05:00,100000.0,0
2024-11-26 09:30:00-05:00,100000.0,0
2024-11-26 10:30:00-05:00,100000.0,0
2024-11-26 11:30:00-05:00,100000.0,0
2024-11-26 12:30:00-05:00,100000.0,0
2024-11-26 13:30:00-05:00,100000.0,0
2024-11-26 14:30:00-05:00,100000.0,0
2024-11-26 15:30:00-05:00,100000.0,0
2024-11-27 09:30:00-05:00,100000.0,0
2024-11-27 10:30:00-05:00,100000.0,0
2024-11-27 11:30:00-05:00,100000.0,0
2024-11-27 12:30:00-05:00,100000.0,0
2024-11-27 13:30:00-05:00,100000.0,0
2024-11-27 14:30:00-05:00,100000.0,0
2024-11-27 15:30:00-05:00,100000.0,0
2024-11-29 09:30:00-05:00,100000.0,0
2024-11-29 10:30:00-05:00,100000.0,0
2024-11-29 11:30:00-05:00,100000.0,0
2024-12-02 09:30:00-05:00,100000.0,0
2024-12-02 10:30:00-05:00,100000.0,0
2024-12-02 11:30:00-05:00,100000.0,0
2024-12-02 12:30:00-05:00,100000.0,0
2024-12-02 13:30:00-05:00,100000.0,0
2024-12-02 14:30:00-05:00,100000.0,0
2024-12-02 15:30:00-05:00,100000.0,0
2024-12-03 09:30:00-05:00,100000.0,0
2024-12-03 10:30:00-05:00,100000.0,0
2024-12-03 11:30:00-05:00,100000.0,0
2024-12-03 12:30:00-05:00,100000.0,0
2024-12-03 13:30:00-05:00,100000.0,0
2024-12-03 14:30:00-05:00,100000.0,0
2024-12-03 15:30:00-05:00,100000.0,0
2024-12-04 09:30:00-05:00,100000.0,0
2024-12-04 10:30:00-05:00,100000.0,0
2024-12-04 11:30:00-05:00,100000.0,0
2024-12-04 12:30:00-05:00,100000.0,0
2024-12-04 13:30:00-05:00,100000.0,0
2024-12-04 14:30:00-05:00,100000.0,0
2024-12-04 15:30:00-05:00,100000.0,0
2024-12-05 09:30:00-05:00,100000.0,0
2024-12-05 10:30:00-05:00,100000.0,0
2024-12-05 11:30:00-05:00,100000.0,0
2024-12-05 12:30:00-05:00,100000.0,0
2024-12-05 13:30:00-05:00,100000.0,0
2024-12-05 14:30:00-05:00,100000.0,0
2024-12-05 15:30:00-05:00,100000.0,0
2024-12-06 09:30:00-05:00,100000.0,0
2024-12-06 10:30:00-05:00,100000.0,0
2024-12-06 11:30:00-05:00,100000.0,0
2024-12-06 12:30:00-05:00,100000.0,0
2024-12-06 13:30:00-05:00,100000.0,0
2024-12-06 14:30:00-05:00,100000.0,0
2024-12-06 15:30:00-05:00,100000.0,0
2024-12-09 09:30:00-05:00,100000.0,0
2024-12-09 10:30:00-05:00,100000.0,0
2024-12-09 11:30:00-05:00,100000.0,0
2024-12-09 12:30:00-05:00,100000.0,0
2024-12-09 13:30:00-05:00,100000.0,0
2024-12-09 14:30:00-05:00,100000.0,0
2024-12-09 15:30:00-05:00,100000.0,0
2024-12-10 09:30:00-05:00,100000.0,0
2024-12-10 10:30:00-05:00,100000.0,0
2024-12-10 11:30:00-05:00,100000.0,0
2024-12-10 12:30:00-05:00,100000.0,0
2024-12-10 13:30:00-05:00,100000.0,0
2024-12-10 14:30:00-05:00,100000.0,0
2024-12-10 15:30:00-05:00,100000.0,0
2024-12-11 09:30:00-05:00,100000.0,0
2024-12-11 10:30:00-05:00,100000.0,0
2024-12-11 11:30:00-05:00,100000.0,0
2024-12-11 12:30:00-05:00,100000.0,0
2024-12-11 13:30:00-05:00,100000.0,0
2024-12-11 14:30:00-05:00,100000.0,0
2024-12-11 15:30:00-05:00,100000.0,0
2024-12-12 09:30:00-05:00,100000.0,0
2024-12-12 10:30:00-05:00,100000.0,0
2024-12-12 11:30:00-05:00,100000.0,0
2024-12-12 12:30:00-05:00,100000.0,0
2024-12-12 13:30:00-05:00,100000.0,0
2024-12-12 14:30:00-05:00,100000.0,0
2024-12-12 15:30:00-05:00,100000.0,0
2024-12-13 09:30:00-05:00,100000.0,0
2024-12-13 10:30:00-05:00,100000.0,0
2024-12-13 11:30:00-05:00,100000.0,0
2024-12-13 12:30:00-05:00,100000.0,0
2024-12-13 13:30:00-05:00,100000.0,0
2024-12-13 14:30:00-05:00,100000.0,0
2024-12-13 15:30:00-05:00,100000.0,0
2024-12-16 09:30:00-05:00,100000.0,0
2024-12-16 10:30:00-05:00,100000.0,0
2024-12-16 11:30:00-05:00,100000.0,0
2024-12-16 12:30:00-05:00,100000.0,0
2024-12-16 13:30:00-05:00,100000.0,0
2024-12-16 14:30:00-05:00,100000.0,0
2024-12-16 15:30:00-05:00,100000.0,0
2024-12-17 09:30:00-05:00,100000.0,0
2024-12-17 10:30:00-05:00,100000.0,0
2024-12-17 11:30:00-05:00,100000.0,0
2024-12-17 12:30:00-05:00,100000.0,0
2024-12-17 13:30:00-05:00,100000.0,0
2024-12-17 14:30:00-05:00,100000.0,0
2024-12-17 15:30:00-05:00,100000.0,0
2024-12-18 09:30:00-05:00,100000.0,0
2024-12-18 10:30:00-05:00,100000.0,0
2024-12-18 11:30:00-05:00,100000.0,0
2024-12-18 12:30:00-05:00,100000.0,0
2024-12-18 13:30:00-05:00,100000.0,0
2024-12-18 14:30:00-05:00,100000.0,0
2024-12-18 15:30:00-05:00,100000.0,0
2024-12-19 09:30:00-05:00,100000.0,0
2024-12-19 10:30:00-05:00,100000.0,0
2024-12-19 11:30:00-05:00,100000.0,0
2024-12-19 12:30:00-05:00,100000.0,0
2024-12-19 13:30:00-05:00,100000.0,0
2024-12-19 14:30:00-05:00,100000.0,0
2024-12-19 15:30:00-05:00,100000.0,0
2024-12-20 09:30:00-05:00,100000.0,0
2024-12-20 10:30:00-05:00,100000.0,0
2024-12-20 11:30:00-05:00,100000.0,0
2024-12-20 12:30:00-05:00,100000.0,0
2024-12-20 13:30:00-05:00,100000.0,0
2024-12-20 14:30:00-05:00,100000.0,0
2024-12-20 15:30:00-05:00,100000.0,0
2024-12-23 09:30:00-05:00,100000.0,0
2024-12-23 10:30:00-05:00,100000.0,0
2024-12-23 11:30:00-05:00,100000.0,0
2024-12-23 12:30:00-05:00,100000.0,0
2024-12-23 13:30:00-05:00,100000.0,0
2024-12-23 14:30:00-05:00,100000.0,0
2024-12-23 15:30:00-05:00,100000.0,0
2024-12-24 09:30:00-05:00,100000.0,0
2024-12-24 10:30:00-05:00,100000.0,0
2024-12-24 11:30:00-05:00,100000.0,0
2024-12-26 09:30:00-05:00,100000.0,0
2024-12-26 10:30:00-05:00,100000.0,0
2024-12-26 11:30:00-05:00,100000.0,0
2024-12-26 12:30:00-05:00,100000.0,0
2024-12-26 13:30:00-05:00,100000.0,0
2024-12-26 14:30:00-05:00,100000.0,0
2024-12-26 15:30:00-05:00,100000.0,0
2024-12-27 09:30:00-05:00,100000.0,0
2024-12-27 10:30:00-05:00,100000.0,0
2024-12-27 11:30:00-05:00,100000.0,0
2024-12-27 12:30:00-05:00,100000.0,0
2024-12-27 13:30:00-05:00,100000.0,0
2024-12-27 14:30:00-05:00,100000.0,0
2024-12-27 15:30:00-05:00,100000.0,0
2024-12-30 09:30:00-05:00,100000.0,0
2024-12-30 10:30:00-05:00,100000.0,0
2024-12-30 11:30:00-05:00,100000.0,0
2024-12-30 12:30:00-05:00,100000.0,0
2024-12-30 13:30:00-05:00,100000.0,0
2024-12-30 14:30:00-05:00,100000.0,0
2024-12-30 15:30:00-05:00,100000.0,0
2024-12-31 09:30:00-05:00,100000.0,0
2024-12-31 10:30:00-05:00,100000.0,0
2024-12-31 11:30:00-05:00,100000.0,0
2024-12-31 12:30:00-05:00,100000.0,0
2024-12-31 13:30:00-05:00,100000.0,0
2024-12-31 14:30:00-05:00,100000.0,0
2024-12-31 15:30:00-05:00,100000.0,0
2025-01-02 09:30:00-05:00,100000.0,0
2025-01-02 10:30:00-05:00,100000.0,0
2025-01-02 11:30:00-05:00,100000.0,0
2025-01-02 12:30:00-05:00,100000.0,0
2025-01-02 13:30:00-05:00,100000.0,0
2025-01-02 14:30:00-05:00,100000.0,0
2025-01-02 15:30:00-05:00,100000.0,0
2025-01-03 09:30:00-05:00,100000.0,0
2025-01-03 10:30:00-05:00,100000.0,0
2025-01-03 11:30:00-05:00,100000.0,0
2025-01-03 12:30:00-05:00,100000.0,0
2025-01-03 13:30:00-05:00,100000.0,0
2025-01-03 14:30:00-05:00,100000.0,0
2025-01-03 15:30:00-05:00,100000.0,0
2025-01-06 09:30:00-05:00,100000.0,0
2025-01-06 10:30:00-05:00,100000.0,0
2025-01-06 11:30:00-05:00,100000.0,0
2025-01-06 12:30:00-05:00,100000.0,0
2025-01-06 13:30:00-05:00,100000.0,0
2025-01-06 14:30:00-05:00,100000.0,0
2025-01-06 15:30:00-05:00,100000.0,0
2025-01-07 09:30:00-05:00,100000.0,0
2025-01-07 10:30:00-05:00,100000.0,0
2025-01-07 11:30:00-05:00,100000.0,0
2025-01-07 12:30:00-05:00,100000.0,0
2025-01-07 13:30:00-05:00,100000.0,0
2025-01-07 14:30:00-05:00,100000.0,0
2025-01-07 15:30:00-05:00,100000.0,0
2025-01-08 09:30:00-05:00,100000.0,0
2025-01-08 10:30:00-05:00,100000.0,0
2025-01-08 11:30:00-05:00,100000.0,0
2025-01-08 12:30:00-05:00,100000.0,0
2025-01-08 13:30:00-05:00,100000.0,0
2025-01-08 14:30:00-05:00,100000.0,0
2025-01-08 15:30:00-05:00,100000.0,0
2025-01-10 09:30:00-05:00,100000.0,0
2025-01-10 10:30:00-05:00,100000.0,0
2025-01-10 11:30:00-05:00,100000.0,0
2025-01-10 12:30:00-05:00,100000.0,0
2025-01-10 13:30:00-05:00,100000.0,0
2025-01-10 14:30:00-05:00,100000.0,0
2025-01-10 15:30:00-05:00,100000.0,0
2025-01-13 09:30:00-05:00,100000.0,0
2025-01-13 10:30:00-05:00,100000.0,0
2025-01-13 11:30:00-05:00,100000.0,0
2025-01-13 12:30:00-05:00,100000.0,0
2025-01-13 13:30:00-05:00,100000.0,0
2025-01-13 14:30:00-05:00,100000.0,0
2025-01-13 15:30:00-05:00,100000.0,0
2025-01-14 09:30:00-05:00,100000.0,0
2025-01-14 10:30:00-05:00,100000.0,0
2025-01-14 11:30:00-05:00,100000.0,0
2025-01-14 12:30:00-05:00,100000.0,0
2025-01-14 13:30:00-05:00,100000.0,0
2025-01-14 14:30:00-05:00,100000.0,0
2025-01-14 15:30:00-05:00,100000.0,0
2025-01-15 09:30:00-05:00,100000.0,0
2025-01-15 10:30:00-05:00,100000.0,0
2025-01-15 11:30:00-05:00,100000.0,0
2025-01-15 12:30:00-05:00,100000.0,0
2025-01-15 13:30:00-05:00,100000.0,0
2025-01-15 14:30:00-05:00,100000.0,0
2025-01-15 15:30:00-05:00,100000.0,0
2025-01-16 09:30:00-05:00,100000.0,0
2025-01-16 10:30:00-05:00,100000.0,0
2025-01-16 11:30:00-05:00,100000.0,0
2025-01-16 12:30:00-05:00,100000.0,0
2025-01-16 13:30:00-05:00,100000.0,0
2025-01-16 14:30:00-05:00,100000.0,0
2025-01-16 15:30:00-05:00,100000.0,0
2025-01-17 09:30:00-05:00,100000.0,0
2025-01-17 10:30:00-05:00,100000.0,0
2025-01-17 11:30:00-05:00,100000.0,0
2025-01-17 12:30:00-05:00,100000.0,0
2025-01-17 13:30:00-05:00,100000.0,0
2025-01-17 14:30:00-05:00,100000.0,0
2025-01-17 15:30:00-05:00,100000.0,0
2025-01-21 09:30:00-05:00,100000.0,0
2025-01-21 10:30:00-05:00,100000.0,0
2025-01-21 11:30:00-05:00,100000.0,0
2025-01-21 12:30:00-05:00,100000.0,0
2025-01-21 13:30:00-05:00,100000.0,0
2025-01-21 14:30:00-05:00,100000.0,0
2025-01-21 15:30:00-05:00,100000.0,0
2025-01-22 09:30:00-05:00,100000.0,0
2025-01-22 10:30:00-05:00,100000.0,0
2025-01-22 11:30:00-05:00,100000.0,0
2025-01-22 12:30:00-05:00,100000.0,0
2025-01-22 13:30:00-05:00,100000.0,0
2025-01-22 14:30:00-05:00,100000.0,0
2025-01-22 15:30:00-05:00,100000.0,0
2025-01-23 09:30:00-05:00,100000.0,0
2025-01-23 10:30:00-05:00,100000.0,0
2025-01-23 11:30:00-05:00,100000.0,0
2025-01-23 12:30:00-05:00,100000.0,0
2025-01-23 13:30:00-05:00,100000.0,0
2025-01-23 14:30:00-05:00,100000.0,0
2025-01-23 15:30:00-05:00,100000.0,0
2025-01-24 09:30:00-05:00,100000.0,0
2025-01-24 10:30:00-05:00,100000.0,0
2025-01-24 11:30:00-05:00,100000.0,0
2025-01-24 12:30:00-05:00,100000.0,0
2025-01-24 13:30:00-05:00,100000.0,0
2025-01-24 14:30:00-05:00,100000.0,0
2025-01-24 15:30:00-05:00,100000.0,0
2025-01-27 09:30:00-05:00,100000.0,0
2025-01-27 10:30:00-05:00,100000.0,0
2025-01-27 11:30:00-05:00,100000.0,0
2025-01-27 12:30:00-05:00,100000.0,0
2025-01-27 13:30:00-05:00,100000.0,0
2025-01-27 14:30:00-05:00,100000.0,0
2025-01-27 15:30:00-05:00,100000.0,0
2025-01-28 09:30:00-05:00,100000.0,0
2025-01-28 10:30:00-05:00,100000.0,0
2025-01-28 11:30:00-05:00,100000.0,0
2025-01-28 12:30:00-05:00,100000.0,0
2025-01-28 13:30:00-05:00,100000.0,0
2025-01-28 14:30:00-05:00,100000.0,0
2025-01-28 15:30:00-05:00,100000.0,0
2025-01-29 09:30:00-05:00,100000.0,0
2025-01-29 10:30:00-05:00,100000.0,0
2025-01-29 11:30:00-05:00,100000.0,0
2025-01-29 12:30:00-05:00,100000.0,0
2025-01-29 13:30:00-05:00,100000.0,0
2025-01-29 14:30:00-05:00,100000.0,0
2025-01-29 15:30:00-05:00,100000.0,0
2025-01-30 09:30:00-05:00,100000.0,0
2025-01-30 10:30:00-05:00,100000.0,0
2025-01-30 11:30:00-05:00,100000.0,0
2025-01-30 12:30:00-05:00,100000.0,0
2025-01-30 13:30:00-05:00,100000.0,0
2025-01-30 14:30:00-05:00,100000.0,0
2025-01-30 15:30:00-05:00,100000.0,0
2025-01-31 09:30:00-05:00,100000.0,0
2025-01-31 10:30:00-05:00,100000.0,0
2025-01-31 11:30:00-05:00,100000.0,0
2025-01-31 12:30:00-05:00,100000.0,0
2025-01-31 13:30:00-05:00,100000.0,0
2025-01-31 14:30:00-05:00,100000.0,0
2025-01-31 15:30:00-05:00,100000.0,0
2025-02-03 09:30:00-05:00,100000.0,0
2025-02-03 10:30:00-05:00,100000.0,0
2025-02-03 11:30:00-05:00,100000.0,0
2025-02-03 12:30:00-05:00,100000.0,0
2025-02-03 13:30:00-05:00,100000.0,0
2025-02-03 14:30:00-05:00,100000.0,0
2025-02-03 15:30:00-05:00,100000.0,0
2025-02-04 09:30:00-05:00,100000.0,0
2025-02-04 10:30:00-05:00,100000.0,0
2025-02-04 11:30:00-05:00,100000.0,0
2025-02-04 12:30:00-05:00,100000.0,0
2025-02-04 13:30:00-05:00,100000.0,0
2025-02-04 14:30:00-05:00,100000.0,0
2025-02-04 15:30:00-05:00,100000.0,0
2025-02-05 09:30:00-05:00,100000.0,0
2025-02-05 10:30:00-05:00,100000.0,0
2025-02-05 11:30:00-05:00,100000.0,0
2025-02-05 12:30:00-05:00,100000.0,0
2025-02-05 13:30:00-05:00,100000.0,0
2025-02-05 14:30:00-05:00,100000.0,0
2025-02-05 15:30:00-05:00,100000.0,0
2025-02-06 09:30:00-05:00,100000.0,0
2025-02-06 10:30:00-05:00,100000.0,0
2025-02-06 11:30:00-05:00,100000.0,0
2025-02-06 12:30:00-05:00,100000.0,0
2025-02-06 13:30:00-05:00,100000.0,0
2025-02-06 14:30:00-05:00,100000.0,0
2025-02-06 15:30:00-05:00,100000.0,0
2025-02-07 09:30:00-05:00,100000.0,0
2025-02-07 10:30:00-05:00,100000.0,0
2025-02-07 11:30:00-05:00,100000.0,0
2025-02-07 12:30:00-05:00,100000.0,0
2025-02-07 13:30:00-05:00,100000.0,0
2025-02-07 14:30:00-05:00,100000.0,0
2025-02-07 15:30:00-05:00,100000.0,0
2025-02-10 09:30:00-05:00,100000.0,0
2025-02-10 10:30:00-05:00,100000.0,0
2025-02-10 11:30:00-05:00,100000.0,0
2025-02-10 12:30:00-05:00,100000.0,0
2025-02-10 13:30:00-05:00,100000.0,0
2025-02-10 14:30:00-05:00,100000.0,0
2025-02-10 15:30:00-05:00,100000.0,0
2025-02-11 09:30:00-05:00,100000.0,0
2025-02-11 10:30:00-05:00,100000.0,0
2025-02-11 11:30:00-05:00,100000.0,0
2025-02-11 12:30:00-05:00,100000.0,0
2025-02-11 13:30:00-05:00,100000.0,0
2025-02-11 14:30:00-05:00,100000.0,0
2025-02-11 15:30:00-05:00,100000.0,0
2025-02-12 09:30:00-05:00,100000.0,0
2025-02-12 10:30:00-05:00,100000.0,0
2025-02-12 11:30:00-05:00,100000.0,0
2025-02-12 12:30:00-05:00,100000.0,0
2025-02-12 13:30:00-05:00,100000.0,0
2025-02-12 14:30:00-05:00,100000.0,0
2025-02-12 15:30:00-05:00,100000.0,0
2025-02-13 09:30:00-05:00,100000.0,0
2025-02-13 10:30:00-05:00,100000.0,0
2025-02-13 11:30:00-05:00,100000.0,0
2025-02-13 12:30:00-05:00,100000.0,0
2025-02-13 13:30:00-05:00,100000.0,0
2025-02-13 14:30:00-05:00,100000.0,0
2025-02-13 15:30:00-05:00,100000.0,0
2025-02-14 09:30:00-05:00,100000.0,0
2025-02-14 10:30:00-05:00,100000.0,0
2025-02-14 11:30:00-05:00,100000.0,0
2025-02-14 12:30:00-05:00,100000.0,0
2025-02-14 13:30:00-05:00,100000.0,0
2025-02-14 14:30:00-05:00,100000.0,0
2025-02-14 15:30:00-05:00,100000.0,0
2025-02-18 09:30:00-05:00,100000.0,0
2025-02-18 10:30:00-05:00,100000.0,0
2025-02-18 11:30:00-05:00,100000.0,0
2025-02-18 12:30:00-05:00,100000.0,0
2025-02-18 13:30:00-05:00,100000.0,0
2025-02-18 14:30:00-05:00,100000.0,0
2025-02-18 15:30:00-05:00,100000.0,0
2025-02-19 09:30:00-05:00,100000.0,0
2025-02-19 10:30:00-05:00,100000.0,0
2025-02-19 11:30:00-05:00,100000.0,0
2025-02-19 12:30:00-05:00,100000.0,0
2025-02-19 13:30:00-05:00,100000.0,0
2025-02-19 14:30:00-05:00,100000.0,0
2025-02-19 15:30:00-05:00,100000.0,0
2025-02-20 09:30:00-05:00,100000.0,0
2025-02-20 10:30:00-05:00,100000.0,0
2025-02-20 11:30:00-05:00,100000.0,0
2025-02-20 12:30:00-05:00,100000.0,0
2025-02-20 13:30:00-05:00,100000.0,0
2025-02-20 14:30:00-05:00,100000.0,0
2025-02-20 15:30:00-05:00,100000.0,0
2025-02-21 09:30:00-05:00,100000.0,0
2025-02-21 10:30:00-05:00,100000.0,0
2025-02-21 11:30:00-05:00,100000.0,0
2025-02-21 12:30:00-05:00,100000.0,0
2025-02-21 13:30:00-05:00,100000.0,0
2025-02-21 14:30:00-05:00,100000.0,0
2025-02-21 15:30:00-05:00,100000.0,0
2025-02-24 09:30:00-05:00,100000.0,0
2025-02-24 10:30:00-05:00,100000.0,0
2025-02-24 11:30:00-05:00,100000.0,0
2025-02-24 12:30:00-05:00,100000.0,0
2025-02-24 13:30:00-05:00,100000.0,0
2025-02-24 14:30:00-05:00,100000.0,0
2025-02-24 15:30:00-05:00,100000.0,0
2025-02-25 09:30:00-05:00,100000.0,0
2025-02-25 10:30:00-05:00,100000.0,0
2025-02-25 11:30:00-05:00,100000.0,0
2025-02-25 12:30:00-05:00,100000.0,0
2025-02-25 13:30:00-05:00,100000.0,0
2025-02-25 14:30:00-05:00,100000.0,0
2025-02-25 15:30:00-05:00,100000.0,0
2025-02-26 09:30:00-05:00,100000.0,0
2025-02-26 10:30:00-05:00,100000.0,0
2025-02-26 11:30:00-05:00,100000.0,0
2025-02-26 12:30:00-05:00,100000.0,0
2025-02-26 13:30:00-05:00,100000.0,0
2025-02-26 14:30:00-05:00,100000.0,0
2025-02-26 15:30:00-05:00,100000.0,0
2025-02-27 09:30:00-05:00,100000.0,0
2025-02-27 10:30:00-05:00,100000.0,0
2025-02-27 11:30:00-05:00,100000.0,0
2025-02-27 12:30:00-05:00,100000.0,0
2025-02-27 13:30:00-05:00,100000.0,0
2025-02-27 14:30:00-05:00,100000.0,0
2025-02-27 15:30:00-05:00,100000.0,0
2025-02-28 09:30:00-05:00,100000.0,0
2025-02-28 10:30:00-05:00,100000.0,0
2025-02-28 11:30:00-05:00,100000.0,0
2025-02-28 12:30:00-05:00,100000.0,0
2025-02-28 13:30:00-05:00,100000.0,0
2025-02-28 14:30:00-05:00,100000.0,0
2025-02-28 15:30:00-05:00,100000.0,0
2025-03-03 09:30:00-05:00,100000.0,0
2025-03-03 10:30:00-05:00,100000.0,0
2025-03-03 11:30:00-05:00,100000.0,0
2025-03-03 12:30:00-05:00,100000.0,0
2025-03-03 13:30:00-05:00,100000.0,0
2025-03-03 14:30:00-05:00,100000.0,0
2025-03-03 15:30:00-05:00,100000.0,0
2025-03-04 09:30:00-05:00,100000.0,0
2025-03-04 10:30:00-05:00,100000.0,0
2025-03-04 11:30:00-05:00,100000.0,0
2025-03-04 12:30:00-05:00,100000.0,0
2025-03-04 13:30:00-05:00,100000.0,0
2025-03-04 14:30:00-05:00,100000.0,0
2025-03-04 15:30:00-05:00,100000.0,0
2025-03-05 09:30:00-05:00,100000.0,0
2025-03-05 10:30:00-05:00,100000.0,0
2025-03-05 11:30:00-05:00,100000.0,0
2025-03-05 12:30:00-05:00,100000.0,0
2025-03-05 13:30:00-05:00,100000.0,0
2025-03-05 14:30:00-05:00,100000.0,0
2025-03-05 15:30:00-05:00,100000.0,0
2025-03-06 09:30:00-05:00,100000.0,0
2025-03-06 10:30:00-05:00,100000.0,0
2025-03-06 11:30:00-05:00,100000.0,0
2025-03-06 12:30:00-05:00,100000.0,0
2025-03-06 13:30:00-05:00,100000.0,0
2025-03-06 14:30:00-05:00,100000.0,0
2025-03-06 15:30:00-05:00,100000.0,0
2025-03-07 09:30:00-05:00,100000.0,0
2025-03-07 10:30:00-05:00,100000.0,0
2025-03-07 11:30:00-05:00,100000.0,0
2025-03-07 12:30:00-05:00,100000.0,0
2025-03-07 13:30:00-05:00,100000.0,0
2025-03-07 14:30:00-05:00,100000.0,0
2025-03-07 15:30:00-05:00,100000.0,0
2025-03-10 09:30:00-04:00,100000.0,0
2025-03-10 10:30:00-04:00,100000.0,0
2025-03-10 11:30:00-04:00,100000.0,0
2025-03-10 12:30:00-04:00,100000.0,0
2025-03-10 13:30:00-04:00,100000.0,0
2025-03-10 14:30:00-04:00,100000.0,0
2025-03-10 15:30:00-04:00,100000.0,0
2025-03-11 09:30:00-04:00,100000.0,0
2025-03-11 10:30:00-04:00,100000.0,0
2025-03-11 11:30:00-04:00,100000.0,0
2025-03-11 12:30:00-04:00,100000.0,0
2025-03-11 13:30:00-04:00,100000.0,0
2025-03-11 14:30:00-04:00,100000.0,0
2025-03-11 15:30:00-04:00,100000.0,0
2025-03-12 09:30:00-04:00,100000.0,0
2025-03-12 10:30:00-04:00,100000.0,0
2025-03-12 11:30:00-04:00,100000.0,0
2025-03-12 12:30:00-04:00,100000.0,0
2025-03-12 13:30:00-04:00,100000.0,0
2025-03-12 14:30:00-04:00,100000.0,0
2025-03-12 15:30:00-04:00,100000.0,0
2025-03-13 09:30:00-04:00,100000.0,0
2025-03-13 10:30:00-04:00,100000.0,0
2025-03-13 11:30:00-04:00,100000.0,0
2025-03-13 12:30:00-04:00,100000.0,0
2025-03-13 13:30:00-04:00,100000.0,0
2025-03-13 14:30:00-04:00,100000.0,0
2025-03-13 15:30:00-04:00,100000.0,0
2025-03-14 09:30:00-04:00,100000.0,0
2025-03-14 10:30:00-04:00,100000.0,0
2025-03-14 11:30:00-04:00,100000.0,0
2025-03-14 12:30:00-04:00,100000.0,0
2025-03-14 13:30:00-04:00,100000.0,0
2025-03-14 14:30:00-04:00,100000.0,0
2025-03-14 15:30:00-04:00,100000.0,0
2025-03-17 09:30:00-04:00,100000.0,0
2025-03-17 10:30:00-04:00,100000.0,0
2025-03-17 11:30:00-04:00,100000.0,0
2025-03-17 12:30:00-04:00,100000.0,0
2025-03-17 13:30:00-04:00,100000.0,0
2025-03-17 14:30:00-04:00,100000.0,0
2025-03-17 15:30:00-04:00,100000.0,0
2025-03-18 09:30:00-04:00,100000.0,0
2025-03-18 10:30:00-04:00,100000.0,0
2025-03-18 11:30:00-04:00,100000.0,0
2025-03-18 12:30:00-04:00,100000.0,0
2025-03-18 13:30:00-04:00,100000.0,0
2025-03-18 14:30:00-04:00,100000.0,0
2025-03-18 15:30:00-04:00,100000.0,0
2025-03-19 09:30:00-04:00,100000.0,0
2025-03-19 10:30:00-04:00,100000.0,0
2025-03-19 11:30:00-04:00,100000.0,0
2025-03-19 12:30:00-04:00,100000.0,0
2025-03-19 13:30:00-04:00,100000.0,0
2025-03-19 14:30:00-04:00,100000.0,0
2025-03-19 15:30:00-04:00,100000.0,0
2025-03-20 09:30:00-04:00,100000.0,0
2025-03-20 10:30:00-04:00,100000.0,0
2025-03-20 11:30:00-04:00,100000.0,0
2025-03-20 12:30:00-04:00,100000.0,0
2025-03-20 13:30:00-04:00,100000.0,0
2025-03-20 14:30:00-04:00,100000.0,0
2025-03-20 15:30:00-04:00,100000.0,0
2025-03-21 09:30:00-04:00,100000.0,0
2025-03-21 10:30:00-04:00,100000.0,0
2025-03-21 11:30:00-04:00,100000.0,0
2025-03-21 12:30:00-04:00,100000.0,0
2025-03-21 13:30:00-04:00,100000.0,0
2025-03-21 14:30:00-04:00,100000.0,0
2025-03-21 15:30:00-04:00,100000.0,0
2025-03-24 09:30:00-04:00,100000.0,0
2025-03-24 10:30:00-04:00,100000.0,0
2025-03-24 11:30:00-04:00,100000.0,0
2025-03-24 12:30:00-04:00,100000.0,0
2025-03-24 13:30:00-04:00,100000.0,0
2025-03-24 14:30:00-04:00,100000.0,0
2025-03-24 15:30:00-04:00,100000.0,0
2025-03-25 09:30:00-04:00,100000.0,0
2025-03-25 10:30:00-04:00,100000.0,0
2025-03-25 11:30:00-04:00,100000.0,0
2025-03-25 12:30:00-04:00,100000.0,0
2025-03-25 13:30:00-04:00,100000.0,0
2025-03-25 14:30:00-04:00,100000.0,0
2025-03-25 15:30:00-04:00,100000.0,0
2025-03-26 09:30:00-04:00,100000.0,0
2025-03-26 10:30:00-04:00,100000.0,0
2025-03-26 11:30:00-04:00,100000.0,0
2025-03-26 12:30:00-04:00,100000.0,0
2025-03-26 13:30:00-04:00,100000.0,0
2025-03-26 14:30:00-04:00,100000.0,0
2025-03-26 15:30:00-04:00,100000.0,0
2025-03-27 09:30:00-04:00,100000.0,0
2025-03-27 10:30:00-04:00,100000.0,0
2025-03-27 11:30:00-04:00,100000.0,0
2025-03-27 12:30:00-04:00,100000.0,0
2025-03-27 13:30:00-04:00,100000.0,0
2025-03-27 14:30:00-04:00,100000.0,0
2025-03-27 15:30:00-04:00,100000.0,0
2025-03-28 09:30:00-04:00,100000.0,0
2025-03-28 10:30:00-04:00,100000.0,0
2025-03-28 11:30:00-04:00,100000.0,0
2025-03-28 12:30:00-04:00,100000.0,0
2025-03-28 13:30:00-04:00,100000.0,0
2025-03-28 14:30:00-04:00,100000.0,0
2025-03-28 15:30:00-04:00,100000.0,0
2025-03-31 09:30:00-04:00,100000.0,0
2025-03-31 10:30:00-04:00,100000.0,0
2025-03-31 11:30:00-04:00,100000.0,0
2025-03-31 12:30:00-04:00,100000.0,0
2025-03-31 13:30:00-04:00,100000.0,0
2025-03-31 14:30:00-04:00,100000.0,0
2025-03-31 15:30:00-04:00,100000.0,0
2025-04-01 09:30:00-04:00,100000.0,0
2025-04-01 10:30:00-04:00,100000.0,0
2025-04-01 11:30:00-04:00,100000.0,0
2025-04-01 12:30:00-04:00,100000.0,0
2025-04-01 13:30:00-04:00,100000.0,0
2025-04-01 14:30:00-04:00,100000.0,0
2025-04-01 15:30:00-04:00,100000.0,0
2025-04-02 09:30:00-04:00,100000.0,0
2025-04-02 10:30:00-04:00,100000.0,0
2025-04-02 11:30:00-04:00,100000.0,0
2025-04-02 12:30:00-04:00,100000.0,0
2025-04-02 13:30:00-04:00,100000.0,0
2025-04-02 14:30:00-04:00,100000.0,0
2025-04-02 15:30:00-04:00,100000.0,0
2025-04-03 09:30:00-04:00,100000.0,0
2025-04-03 10:30:00-04:00,100000.0,0
2025-04-03 11:30:00-04:00,100000.0,0
2025-04-03 12:30:00-04:00,100000.0,0
2025-04-03 13:30:00-04:00,100000.0,0
2025-04-03 14:30:00-04:00,100000.0,0
2025-04-03 15:30:00-04:00,100000.0,0
2025-04-04 09:30:00-04:00,100000.0,0
2025-04-04 10:30:00-04:00,100000.0,0
2025-04-04 11:30:00-04:00,100000.0,0
2025-04-04 12:30:00-04:00,100000.0,0
2025-04-04 13:30:00-04:00,100000.0,0
2025-04-04 14:30:00-04:00,100000.0,0
2025-04-04 15:30:00-04:00,100000.0,0
2025-04-07 09:30:00-04:00,100000.0,0
2025-04-07 10:30:00-04:00,100000.0,0
2025-04-07 11:30:00-04:00,100000.0,0
2025-04-07 12:30:00-04:00,100000.0,0
2025-04-07 13:30:00-04:00,100000.0,0
2025-04-07 14:30:00-04:00,100000.0,0
2025-04-07 15:30:00-04:00,100000.0,0
2025-04-08 09:30:00-04:00,100000.0,0
2025-04-08 10:30:00-04:00,100000.0,0
2025-04-08 11:30:00-04:00,100000.0,0
2025-04-08 12:30:00-04:00,100000.0,0
2025-04-08 13:30:00-04:00,100000.0,0
2025-04-08 14:30:00-04:00,100000.0,0
2025-04-08 15:30:00-04:00,100000.0,0
2025-04-09 09:30:00-04:00,100000.0,0
2025-04-09 10:30:00-04:00,100000.0,0
2025-04-09 11:30:00-04:00,100000.0,0
2025-04-09 12:30:00-04:00,100000.0,0
2025-04-09 13:30:00-04:00,100000.0,0
2025-04-09 14:30:00-04:00,100000.0,0
2025-04-09 15:30:00-04:00,100000.0,0
2025-04-10 09:30:00-04:00,100000.0,0
2025-04-10 10:30:00-04:00,100000.0,0
2025-04-10 11:30:00-04:00,100000.0,0
2025-04-10 12:30:00-04:00,100000.0,0
2025-04-10 13:30:00-04:00,100000.0,0
2025-04-10 14:30:00-04:00,100000.0,0
2025-04-10 15:30:00-04:00,100000.0,0
2025-04-11 09:30:00-04:00,100000.0,0
2025-04-11 10:30:00-04:00,100000.0,0
2025-04-11 11:30:00-04:00,100000.0,0
2025-04-11 12:30:00-04:00,100000.0,0
2025-04-11 13:30:00-04:00,100000.0,0
2025-04-11 14:30:00-04:00,100000.0,0
2025-04-11 15:30:00-04:00,100000.0,0
2025-04-14 09:30:00-04:00,100000.0,0
2025-04-14 10:30:00-04:00,100000.0,0
2025-04-14 11:30:00-04:00,100000.0,0
2025-04-14 12:30:00-04:00,100000.0,0
2025-04-14 13:30:00-04:00,100000.0,0
2025-04-14 14:30:00-04:00,100000.0,0
2025-04-14 15:30:00-04:00,100000.0,0
2025-04-15 09:30:00-04:00,100000.0,0
2025-04-15 10:30:00-04:00,100000.0,0
2025-04-15 11:30:00-04:00,100000.0,0
2025-04-15 12:30:00-04:00,100000.0,0
2025-04-15 13:30:00-04:00,100000.0,0
2025-04-15 14:30:00-04:00,100000.0,0
2025-04-15 15:30:00-04:00,100000.0,0
2025-04-16 09:30:00-04:00,100000.0,0
2025-04-16 10:30:00-04:00,100000.0,0
2025-04-16 11:30:00-04:00,100000.0,0
2025-04-16 12:30:00-04:00,100000.0,0
2025-04-16 13:30:00-04:00,100000.0,0
2025-04-16 14:30:00-04:00,100000.0,0
2025-04-16 15:30:00-04:00,100000.0,0
2025-04-17 09:30:00-04:00,100000.0,0
2025-04-17 10:30:00-04:00,100000.0,0
2025-04-17 11:30:00-04:00,100000.0,0
2025-04-17 12:30:00-04:00,100000.0,0
2025-04-17 13:30:00-04:00,100000.0,0
2025-04-17 14:30:00-04:00,100000.0,0
2025-04-17 15:30:00-04:00,100000.0,0
2025-04-21 09:30:00-04:00,100000.0,0
2025-04-21 10:30:00-04:00,100000.0,0
2025-04-21 11:30:00-04:00,100000.0,0
2025-04-21 12:30:00-04:00,100000.0,0
2025-04-21 13:30:00-04:00,100000.0,0
2025-04-21 14:30:00-04:00,100000.0,0
2025-04-21 15:30:00-04:00,100000.0,0
2025-04-22 09:30:00-04:00,100000.0,0
2025-04-22 10:30:00-04:00,100000.0,0
2025-04-22 11:30:00-04:00,100000.0,0
2025-04-22 12:30:00-04:00,100000.0,0
2025-04-22 13:30:00-04:00,100000.0,0
2025-04-22 14:30:00-04:00,100000.0,0
2025-04-22 15:30:00-04:00,100000.0,0
2025-04-23 09:30:00-04:00,100000.0,0
2025-04-23 10:30:00-04:00,100000.0,0
2025-04-23 11:30:00-04:00,100000.0,0
2025-04-23 12:30:00-04:00,100000.0,0
2025-04-23 13:30:00-04:00,100000.0,0
2025-04-23 14:30:00-04:00,100000.0,0
2025-04-23 15:30:00-04:00,100000.0,0
2025-04-24 09:30:00-04:00,100000.0,0
2025-04-24 10:30:00-04:00,100000.0,0
2025-04-24 11:30:00-04:00,100000.0,0
2025-04-24 12:30:00-04:00,100000.0,0
2025-04-24 13:30:00-04:00,100000.0,0
2025-04-24 14:30:00-04:00,100000.0,0
2025-04-24 15:30:00-04:00,100000.0,0
2025-04-25 09:30:00-04:00,100000.0,0
2025-04-25 10:30:00-04:00,100000.0,0
2025-04-25 11:30:00-04:00,100000.0,0
2025-04-25 12:30:00-04:00,100000.0,0
2025-04-25 13:30:00-04:00,100000.0,0
2025-04-25 14:30:00-04:00,100000.0,0
2025-04-25 15:30:00-04:00,100000.0,0
2025-04-28 09:30:00-04:00,100000.0,0
2025-04-28 10:30:00-04:00,100000.0,0
2025-04-28 11:30:00-04:00,100000.0,0
2025-04-28 12:30:00-04:00,100000.0,0
2025-04-28 13:30:00-04:00,100000.0,0
2025-04-28 14:30:00-04:00,100000.0,0
2025-04-28 15:30:00-04:00,100000.0,0
2025-04-29 09:30:00-04:00,100000.0,0
2025-04-29 10:30:00-04:00,100000.0,0
2025-04-29 11:30:00-04:00,100000.0,0
2025-04-29 12:30:00-04:00,100000.0,0
2025-04-29 13:30:00-04:00,100000.0,0
2025-04-29 14:30:00-04:00,100000.0,0
2025-04-29 15:30:00-04:00,100000.0,0
2025-04-30 09:30:00-04:00,100000.0,0
2025-04-30 10:30:00-04:00,100000.0,0
2025-04-30 11:30:00-04:00,100000.0,0
2025-04-30 12:30:00-04:00,100000.0,0
2025-04-30 13:30:00-04:00,100000.0,0
2025-04-30 14:30:00-04:00,100000.0,0
2025-04-30 15:30:00-04:00,100000.0,0
2025-05-01 09:30:00-04:00,100000.0,0
2025-05-01 10:30:00-04:00,100000.0,0
2025-05-01 11:30:00-04:00,100000.0,0
2025-05-01 12:30:00-04:00,100000.0,0
2025-05-01 13:30:00-04:00,100000.0,0
2025-05-01 14:30:00-04:00,100000.0,0
2025-05-01 15:30:00-04:00,100000.0,0
2025-05-02 09:30:00-04:00,100000.0,0
2025-05-02 10:30:00-04:00,100000.0,0
2025-05-02 11:30:00-04:00,100000.0,0
2025-05-02 12:30:00-04:00,100000.0,0
2025-05-02 13:30:00-04:00,100000.0,0
2025-05-02 14:30:00-04:00,100000.0,0
2025-05-02 15:30:00-04:00,100000.0,0
2025-05-05 09:30:00-04:00,100000.0,0
2025-05-05 10:30:00-04:00,100000.0,0
2025-05-05 11:30:00-04:00,100000.0,0
2025-05-05 12:30:00-04:00,100000.0,0
2025-05-05 13:30:00-04:00,100000.0,0
2025-05-05 14:30:00-04:00,100000.0,0
2025-05-05 15:30:00-04:00,100000.0,0
2025-05-06 09:30:00-04:00,100000.0,0
2025-05-06 10:30:00-04:00,100000.0,0
2025-05-06 11:30:00-04:00,100000.0,0
2025-05-06 12:30:00-04:00,100000.0,0
2025-05-06 13:30:00-04:00,100000.0,0
2025-05-06 14:30:00-04:00,100000.0,0
2025-05-06 15:30:00-04:00,100000.0,0
2025-05-07 09:30:00-04:00,100000.0,0
2025-05-07 10:30:00-04:00,100000.0,0
2025-05-07 11:30:00-04:00,100000.0,0
2025-05-07 12:30:00-04:00,100000.0,0
2025-05-07 13:30:00-04:00,100000.0,0
2025-05-07 14:30:00-04:00,100000.0,0
2025-05-07 15:30:00-04:00,100000.0,0
2025-05-08 09:30:00-04:00,100000.0,0
2025-05-08 10:30:00-04:00,100000.0,0
2025-05-08 11:30:00-04:00,100000.0,0
2025-05-08 12:30:00-04:00,100000.0,0
2025-05-08 13:30:00-04:00,100000.0,0
2025-05-08 14:30:00-04:00,100000.0,0
2025-05-08 15:30:00-04:00,100000.0,0
2025-05-09 09:30:00-04:00,100000.0,0
2025-05-09 10:30:00-04:00,100000.0,0
2025-05-09 11:30:00-04:00,100000.0,0
2025-05-09 12:30:00-04:00,100000.0,0
2025-05-09 13:30:00-04:00,100000.0,0
2025-05-09 14:30:00-04:00,100000.0,0
2025-05-09 15:30:00-04:00,100000.0,0
2025-05-12 09:30:00-04:00,100000.0,0
2025-05-12 10:30:00-04:00,100000.0,0
2025-05-12 11:30:00-04:00,100000.0,0
2025-05-12 12:30:00-04:00,100000.0,0
2025-05-12 13:30:00-04:00,100000.0,0
2025-05-12 14:30:00-04:00,100000.0,0
2025-05-12 15:30:00-04:00,100000.0,0
2025-05-13 09:30:00-04:00,100000.0,0
2025-05-13 10:30:00-04:00,100000.0,0
2025-05-13 11:30:00-04:00,100000.0,0
2025-05-13 12:30:00-04:00,100000.0,0
2025-05-13 13:30:00-04:00,100000.0,0
2025-05-13 14:30:00-04:00,100000.0,0
2025-05-13 15:30:00-04:00,100000.0,0
2025-05-14 09:30:00-04:00,100000.0,0
2025-05-14 10:30:00-04:00,100000.0,0
2025-05-14 11:30:00-04:00,100000.0,0
2025-05-14 12:30:00-04:00,100000.0,0
2025-05-14 13:30:00-04:00,100000.0,0
2025-05-14 14:30:00-04:00,100000.0,0
2025-05-14 15:30:00-04:00,100000.0,0
2025-05-15 09:30:00-04:00,100000.0,0
2025-05-15 10:30:00-04:00,100000.0,0
2025-05-15 11:30:00-04:00,100000.0,0
2025-05-15 12:30:00-04:00,100000.0,0
2025-05-15 13:30:00-04:00,100000.0,0
2025-05-15 14:30:00-04:00,100000.0,0
2025-05-15 15:30:00-04:00,100000.0,0
2025-05-16 09:30:00-04:00,100000.0,0
2025-05-16 10:30:00-04:00,100000.0,0
2025-05-16 11:30:00-04:00,100000.0,0
2025-05-16 12:30:00-04:00,100000.0,0
2025-05-16 13:30:00-04:00,100000.0,0
2025-05-16 14:30:00-04:00,100000.0,0
2025-05-16 15:30:00-04:00,100000.0,0
2025-05-19 09:30:00-04:00,100000.0,0
2025-05-19 10:30:00-04:00,100000.0,0
2025-05-19 11:30:00-04:00,100000.0,0
2025-05-19 12:30:00-04:00,100000.0,0
2025-05-19 13:30:00-04:00,100000.0,0
2025-05-19 14:30:00-04:00,100000.0,0
2025-05-19 15:30:00-04:00,100000.0,0
2025-05-20 09:30:00-04:00,100000.0,0
2025-05-20 10:30:00-04:00,100000.0,0
2025-05-20 11:30:00-04:00,100000.0,0
2025-05-20 12:30:00-04:00,100000.0,0
2025-05-20 13:30:00-04:00,100000.0,0
2025-05-20 14:30:00-04:00,100000.0,0
2025-05-20 15:30:00-04:00,100000.0,0
2025-05-21 09:30:00-04:00,100000.0,0
2025-05-21 10:30:00-04:00,100000.0,0
2025-05-21 11:30:00-04:00,100000.0,0
2025-05-21 12:30:00-04:00,100000.0,0
2025-05-21 13:30:00-04:00,100000.0,0
2025-05-21 14:30:00-04:00,100000.0,0
2025-05-21 15:30:00-04:00,100000.0,0
2025-05-22 09:30:00-04:00,100000.0,0
2025-05-22 10:30:00-04:00,100000.0,0
2025-05-22 11:30:00-04:00,100000.0,0
2025-05-22 12:30:00-04:00,100000.0,0
2025-05-22 13:30:00-04:00,100000.0,0
2025-05-22 14:30:00-04:00,100000.0,0
2025-05-22 15:30:00-04:00,100000.0,0
2025-05-23 09:30:00-04:00,100000.0,0
2025-05-23 10:30:00-04:00,100000.0,0
2025-05-23 11:30:00-04:00,100000.0,0
2025-05-23 12:30:00-04:00,100000.0,0
2025-05-23 13:30:00-04:00,100000.0,0
2025-05-23 14:30:00-04:00,100000.0,0
2025-05-23 15:30:00-04:00,100000.0,0
2025-05-27 09:30:00-04:00,100000.0,0
2025-05-27 10:30:00-04:00,100000.0,0
2025-05-27 11:30:00-04:00,100000.0,0
2025-05-27 12:30:00-04:00,100000.0,0
2025-05-27 13:30:00-04:00,100000.0,0
2025-05-27 14:30:00-04:00,100000.0,0
2025-05-27 15:30:00-04:00,100000.0,0
2025-05-28 09:30:00-04:00,100000.0,0
2025-05-28 10:30:00-04:00,100000.0,0
2025-05-28 11:30:00-04:00,100000.0,0
2025-05-28 12:30:00-04:00,100000.0,0
2025-05-28 13:30:00-04:00,100000.0,0
2025-05-28 14:30:00-04:00,100000.0,0
2025-05-28 15:30:00-04:00,100000.0,0
2025-05-29 09:30:00-04:00,100000.0,0
2025-05-29 10:30:00-04:00,100000.0,0
2025-05-29 11:30:00-04:00,100000.0,0
2025-05-29 12:30:00-04:00,100000.0,0
2025-05-29 13:30:00-04:00,100000.0,0
2025-05-29 14:30:00-04:00,100000.0,0
2025-05-29 15:30:00-04:00,100000.0,0
2025-05-30 09:30:00-04:00,100000.0,0
2025-05-30 10:30:00-04:00,100000.0,0
2025-05-30 11:30:00-04:00,100000.0,0
2025-05-30 12:30:00-04:00,100000.0,0
2025-05-30 13:30:00-04:00,100000.0,0
2025-05-30 14:30:00-04:00,100000.0,0
2025-05-30 15:30:00-04:00,100000.0,0
2025-06-02 09:30:00-04:00,100000.0,0
2025-06-02 10:30:00-04:00,100000.0,0
2025-06-02 11:30:00-04:00,100000.0,0
2025-06-02 12:30:00-04:00,100000.0,0
2025-06-02 13:30:00-04:00,100000.0,0
2025-06-02 14:30:00-04:00,100000.0,0
2025-06-02 15:30:00-04:00,100000.0,0
2025-06-03 09:30:00-04:00,100000.0,0
2025-06-03 10:30:00-04:00,100000.0,0
2025-06-03 11:30:00-04:00,100000.0,0
2025-06-03 12:30:00-04:00,100000.0,0
2025-06-03 13:30:00-04:00,100000.0,0
2025-06-03 14:30:00-04:00,100000.0,0
2025-06-03 15:30:00-04:00,100000.0,0
2025-06-04 09:30:00-04:00,100000.0,0
2025-06-04 10:30:00-04:00,100000.0,0
2025-06-04 11:30:00-04:00,100000.0,0
2025-06-04 12:30:00-04:00,100000.0,0
2025-06-04 13:30:00-04:00,100000.0,0
2025-06-04 14:30:00-04:00,100000.0,0
2025-06-04 15:30:00-04:00,100000.0,0
2025-06-05 09:30:00-04:00,100000.0,0
2025-06-05 10:30:00-04:00,100000.0,0
2025-06-05 11:30:00-04:00,100000.0,0
2025-06-05 12:30:00-04:00,100000.0,0
2025-06-05 13:30:00-04:00,100000.0,0
2025-06-05 14:30:00-04:00,100000.0,0
2025-06-05 15:30:00-04:00,100000.0,0
2025-06-06 09:30:00-04:00,100000.0,0
2025-06-06 10:30:00-04:00,100000.0,0
2025-06-06 11:30:00-04:00,100000.0,0
2025-06-06 12:30:00-04:00,100000.0,0
2025-06-06 13:30:00-04:00,100000.0,0
2025-06-06 14:30:00-04:00,100000.0,0
2025-06-06 15:30:00-04:00,100000.0,0
2025-06-09 09:30:00-04:00,100000.0,0
2025-06-09 10:30:00-04:00,100000.0,0
2025-06-09 11:30:00-04:00,100000.0,0
2025-06-09 12:30:00-04:00,100000.0,0
2025-06-09 13:30:00-04:00,100000.0,0
2025-06-09 14:30:00-04:00,100000.0,0
2025-06-09 15:30:00-04:00,100000.0,0
2025-06-10 09:30:00-04:00,100000.0,0
2025-06-10 10:30:00-04:00,99924.5395433963,1
2025-06-10 11:30:00-04:00,101285.41238694084,1
2025-06-10 12:30:00-04:00,101314.03480240691,1
2025-06-10 13:30:00-04:00,100320.4250555041,1
2025-06-10 14:30:00-04:00,101834.44235633555,1
2025-06-10 15:30:00-04:00,101412.16778543044,1
2025-06-11 09:30:00-04:00,103209.81429317413,1
2025-06-11 10:30:00-04:00,102856.68160872559,1
2025-06-11 11:30:00-04:00,100775.03721296873,1
2025-06-11 12:30:00-04:00,101183.93291392476,1
2025-06-11 13:30:00-04:00,98768.11455032977,1
2025-06-11 14:30:00-04:00,99120.87855367744,1
2025-06-11 15:30:00-04:00,100440.48747400858,1
2025-06-12 09:30:00-04:00,101330.01571012565,1
2025-06-12 10:30:00-04:00,100737.8642319708,1
2025-06-12 11:30:00-04:00,101462.72672639861,1
2025-06-12 12:30:00-04:00,101035.24098993305,1
2025-06-12 13:30:00-04:00,100180.28369704424,1
2025-06-12 14:30:00-04:00,100737.8642319708,1
2025-06-12 15:30:00-04:00,100775.03721296873,1
2025-06-13 09:30:00-04:00,94678.8101297322,1
2025-06-13 10:30:00-04:00,97448.12985887661,1
2025-06-13 11:30:00-04:00,97503.51710426203,1
2025-06-13 12:30:00-04:00,96537.4166395015,1
2025-06-13 13:30:00-04:00,95124.87172166498,1
2025-06-13 14:30:00-04:00,94400.01631725836,1
2025-06-13 15:30:00-04:00,94456.1480148667,1
2025-06-16 09:30:00-04:00,101314.03480240691,1
2025-06-16 10:30:00-04:00,101260.88091369026,1
2025-06-16 11:30:00-04:00,101629.99450585752,1
2025-06-16 12:30:00-04:00,102020.30726132517,1
2025-06-16 13:30:00-04:00,101332.61774789529,1
2025-06-16 14:30:00-04:00,101630.37027697958,1
2025-06-16 15:30:00-04:00,101555.65563388285,1
2025-06-17 09:30:00-04:00,102838.09157321605,1
2025-06-17 10:30:00-04:00,101890.94273504477,1
2025-06-17 11:30:00-04:00,101927.37835384095,1
2025-06-17 12:30:00-04:00,100998.0750989563,1
2025-06-17 13:30:00-04:00,99492.60127363553,1
2025-06-17 14:30:00-04:00,99994.42588207578,1
2025-06-17 15:30:00-04:00,99492.60127363553,1
2025-06-18 09:30:00-04:00,102665.95294921286,1
2025-06-18 10:30:00-04:00,101499.89261737537,1
2025-06-18 11:30:00-04:00,101834.44235633555,1
2025-06-18 12:30:00-04:00,100770.57758965237,1
2025-06-18 13:30:00-04:00,101035.24098993305,1
2025-06-18 14:30:00-04:00,99492.60127363553,1
2025-06-18 15:30:00-04:00,100327.85539769098,1
2025-06-20 09:30:00-04:00,100496.25049051605,1
2025-06-20 10:30:00-04:00,98154.40231779487,1
2025-06-20 11:30:00-04:00,98433.19613026873,1
2025-06-20 12:30:00-04:00,97243.68909841977,1
2025-06-20 13:30:00-04:00,98991.14534629615,1
2025-06-20 14:30:00-04:00,98488.95205675504,1
2025-06-20 15:30:00-04:00,98842.08474120358,1
2025-06-23 09:30:00-04:00,100765.37351411309,1
2025-06-23 10:30:00-04:00,99566.94723563139,1
2025-06-23 11:30:00-04:00,97466.71989438616,1
2025-06-23 12:30:00-04:00,99678.83485972603,1
2025-06-23 13:30:00-04:00,99763.5818827793,1
2025-06-23 14:30:00-04:00,99827.1510125957,1
2025-06-23 15:30:00-04:00,100180.28369704424,1
2025-06-24 09:30:00-04:00,107057.49788229578,1
2025-06-24 10:30:00-04:00,108469.66702901025,1
2025-06-24 11:30:00-04:00,108692.7049149978,1
2025-06-24 12:30:00-04:00,108246.63623304386,1
2025-06-24 13:30:00-04:00,108785.63382248204,1
2025-06-24 14:30:00-04:00,108636.94189849033,1
2025-06-24 15:30:00-04:00,109175.93948792851,1
2025-06-25 09:30:00-04:00,109955.81345661971,1
2025-06-25 10:30:00-04:00,109547.6622078866,1
2025-06-25 11:30:00-04:00,109863.62191133722,1
2025-06-25 12:30:00-04:00,110737.16923973558,1
2025-06-25 13:30:00-04:00,110402.6195007754,1
2025-06-25 14:30:00-04:00,110811.51520173142,1
2025-06-25 15:30:00-04:00,111424.85166314429,1
2025-06-26 09:30:00-04:00,113599.42496638537,1
2025-06-26 10:30:00-04:00,112474.22442655457,1
2025-06-26 11:30:00-04:00,113413.56006139575,1
2025-06-26 12:30:00-04:00,112967.86715056386,1
2025-06-26 13:30:00-04:00,113599.42496638537,1
2025-06-26 14:30:00-04:00,113378.99620818863,1
2025-06-26 15:30:00-04:00,113599.42496638537,1
2025-06-27 09:30:00-04:00,115272.16657116504,1
2025-06-27 10:30:00-04:00,114710.87086514504,1
2025-06-27 11:30:00-04:00,114268.5244443057,1
2025-06-27 12:30:00-04:00,113562.62066648832,1
2025-06-27 13:30:00-04:00,111369.09573665798,1
2025-06-27 14:30:00-04:00,111935.60260823843,1
2025-06-27 15:30:00-04:00,113246.28519191567,1
2025-06-30 09:30:00-04:00,113246.28519191567,1
2025-06-30 10:30:00-04:00,113097.60035794512,1
2025-06-30 11:30:00-04:00,113423.59953137345,1
2025-06-30 12:30:00-04:00,113060.4273769472,1
2025-06-30 13:30:00-04:00,112651.53167599118,1
2025-06-30 14:30:00-04:00,112707.66337359953,1
2025-06-30 15:30:00-04:00,113004.6714504609,1
2025-07-01 09:30:00-04:00,110458.37542726171,1
2025-07-01 10:30:00-04:00,110253.55889568283,1
2025-07-01 11:30:00-04:00,113134.77333894305,1
2025-07-01 12:30:00-04:00,112818.80654547126,1
2025-07-01 13:30:00-04:00,113153.35628443143,1
2025-07-01 14:30:00-04:00,112744.46767349658,1
2025-07-01 15:30:00-04:00,111759.40140210446,1
2025-07-02 09:30:00-04:00,113525.07900438952,1
2025-07-02 10:30:00-04:00,116498.84658401193,1
2025-07-02 11:30:00-04:00,116982.08824696382,1
2025-07-02 12:30:00-04:00,116907.74228496796,1
2025-07-02 13:30:00-04:00,117298.04795041443,1
2025-07-02 14:30:00-04:00,116833.39632297211,1
2025-07-02 15:30:00-04:00,116944.91526596589,1
2025-07-03 09:30:00-04:00,118985.29573850933,1
2025-07-03 10:30:00-04:00,118729.55158486137,1
2025-07-03 11:30:00-04:00,118394.62607477917,1
2025-07-07 09:30:00-04:00,114900.45094122812,1
2025-07-07 10:30:00-04:00,113859.62874334969,1
2025-07-07 11:30:00-04:00,114194.17848230986,1
2025-07-07 12:30:00-04:00,113710.5681382571,1
2025-07-07 13:30:00-04:00,111666.10381351935,1
2025-07-07 14:30:00-04:00,112409.9179345364,1
2025-07-07 15:30:00-04:00,112707.29469249865,1
2025-07-08 09:30:00-04:00,116963.49821145427,1
2025-07-08 10:30:00-04:00,118171.59527881278,1
2025-07-08 11:30:00-04:00,119323.92932966382,1
2025-07-08 12:30:00-04:00,118645.54192400987,1
2025-07-08 13:30:00-04:00,119082.31558820905,1
2025-07-08 14:30:00-04:00,118599.07392525718,1
2025-07-08 15:30:00-04:00,117985.7374638443,1
2025-07-09 09:30:00-04:00,119403.855138321,1
2025-07-09 10:30:00-04:00,117706.94365137046,1
2025-07-09 11:30:00-04:00,117845.22742428358,1
2025-07-09 12:30:00-04:00,118542.94222764882,1
2025-07-09 13:30:00-04:00,118859.27770222149,1
2025-07-09 14:30:00-04:00,118989.37959070364,1
2025-07-09 15:30:00-04:00,118954.81573749654,1
2025-07-10 09:30:00-04:00,121515.97244506949,1
2025-07-10 10:30:00-04:00,122902.86566631045,1
2025-07-10 11:30:00-04:00,122390.63290679162,1
2025-07-10 12:30:00-04:00,122339.65565457437,1
2025-07-10 13:30:00-04:00,122409.21585228,1
2025-07-10 14:30:00-04:00,121887.69516502759,1
2025-07-10 15:30:00-04:00,121925.9812793493,1
2025-07-11 09:30:00-04:00,120922.3320624688,1
2025-07-11 10:30:00-04:00,120722.35092532833,1
2025-07-11 11:30:00-04:00,121089.60693194889,1
2025-07-11 12:30:00-04:00,121758.70640986922,1
2025-07-11 13:30:00-04:00,121777.2893553576,1
2025-07-11 14:30:00-04:00,121535.67561390283,1
2025-07-11 15:30:00-04:00,121331.22776342482,1
2025-07-14 09:30:00-04:00,116467.62213077622,1
2025-07-14 10:30:00-04:00,117818.46259436423,1
2025-07-14 11:30:00-04:00,118153.0123333244,1
2025-07-14 12:30:00-04:00,118877.86773773104,1
2025-07-14 13:30:00-04:00,119142.53113801172,1
2025-07-14 14:30:00-04:00,118543.31799877087,1
2025-07-14 15:30:00-04:00,118431.7990557771,1
2025-07-15 09:30:00-04:00,124026.20862059452,1
2025-07-15 10:30:00-04:00,123450.03805015844,1
2025-07-15 11:30:00-04:00,123041.14234920242,1
2025-07-15 12:30:00-04:00,122148.64339421483,1
2025-07-15 13:30:00-04:00,123189.83427319412,1
2025-07-15 14:30:00-04:00,121479.91259739536,1
2025-07-15 15:30:00-04:00,121331.22776342482,1
2025-07-16 09:30:00-04:00,116424.50771203726,1
2025-07-16 10:30:00-04:00,115272.16657116504,1
2025-07-16 11:30:00-04:00,115979.18348230622,1
2025-07-16 12:30:00-04:00,117539.66878189037,1
2025-07-16 13:30:00-04:00,117762.69957785675,1
2025-07-16 14:30:00-04:00,119286.75634866589,1
2025-07-16 15:30:00-04:00,120457.68043502647,1
2025-07-17 09:30:00-04:00,120420.50745402856,1
2025-07-17 10:30:00-04:00,121572.84859490076,1
2025-07-17 11:30:00-04:00,121833.05237186508,1
2025-07-17 12:30:00-04:00,121694.02414672902,1
2025-07-17 13:30:00-04:00,121767.62565650196,1
2025-07-17 14:30:00-04:00,121554.63433051328,1
2025-07-17 15:30:00-04:00,121554.25855939121,1
2025-07-18 09:30:00-04:00,119974.44586209577,1
2025-07-18 10:30:00-04:00,121230.11697150962,1
2025-07-18 11:30:00-04:00,121289.59515911053,1
2025-07-18 12:30:00-04:00,121368.40074442275,1
2025-07-18 13:30:00-04:00,121405.57372542068,1
2025-07-18 14:30:00-04:00,121907.39833386093,1
2025-07-18 15:30:00-04:00,121665.77750238498,1
2025-07-21 09:30:00-04:00,125265.5230511676,1
2025-07-21 10:30:00-04:00,124713.89104400325,1
2025-07-21 11:30:00-04:00,123548.546804304,1
2025-07-21 12:30:00-04:00,124249.23941656093,1
2025-07-21 13:30:00-04:00,124397.92425053146,1
2025-07-21 14:30:00-04:00,123041.14234920242,1
2025-07-21 15:30:00-04:00,122074.66611331984,1
2025-07-22 09:30:00-04:00,116405.91767652771,1
2025-07-22 10:30:00-04:00,117762.33089675588,1
2025-07-22 11:30:00-04:00,117018.8854568397,1
2025-07-22 12:30:00-04:00,117428.14983889658,1
2025-07-22 13:30:00-04:00,117298.04795041443,1
2025-07-22 14:30:00-04:00,118069.37135357378,1
2025-07-22 15:30:00-04:00,117762.69957785675,1
2025-07-23 09:30:00-04:00,114082.2908582152,1
2025-07-23 10:30:00-04:00,114175.5884468003,1
2025-07-23 11:30:00-04:00,114733.17607174802,1
2025-07-23 12:30:00-04:00,114844.68792472067,1
2025-07-23 13:30:00-04:00,115420.48981405588,1
2025-07-23 14:30:00-04:00,115196.70747584538,1
2025-07-23 15:30:00-04:00,115903.72438698658,1
2025-07-24 09:30:00-04:00,114156.63682021106,1
2025-07-24 10:30:00-04:00,115221.99049134007,1
2025-07-24 11:30:00-04:00,114863.27796023019,1
2025-07-24 12:30:00-04:00,114993.37984871236,1
2025-07-24 13:30:00-04:00,115272.16657116504,1
2025-07-24 14:30:00-04:00,115378.93519997447,1
2025-07-24 15:30:00-04:00,115197.82769919035,1
2025-07-25 09:30:00-04:00,113450.12537085917,0
2025-07-25 10:30:00-04:00,113450.12537085917,0
2025-07-25 11:30:00-04:00,113450.12537085917,0
2025-07-25 12:30:00-04:00,113450.12537085917,0
2025-07-25 13:30:00-04:00,113450.12537085917,0
2025-07-25 14:30:00-04:00,113450.12537085917,0
2025-07-25 15:30:00-04:00,113450.12537085917,0
2025-07-28 09:30:00-04:00,113450.12537085917,0
2025-07-28 10:30:00-04:00,113450.12537085917,0
2025-07-28 11:30:00-04:00,113450.12537085917,0
2025-07-28 12:30:00-04:00,113450.12537085917,0
2025-07-28 13:30:00-04:00,113450.12537085917,0
2025-07-28 14:30:00-04:00,113450.12537085917,0
2025-07-28 15:30:00-04:00,113450.12537085917,0
2025-07-29 09:30:00-04:00,113450.12537085917,0
2025-07-29 10:30:00-04:00,113450.12537085917,0
2025-07-29 11:30:00-04:00,113450.12537085917,0
2025-07-29 12:30:00-04:00,113450.12537085917,0
2025-07-29 13:30:00-04:00,113450.12537085917,0
2025-07-29 14:30:00-04:00,113450.12537085917,0
2025-07-29 15:30:00-04:00,113450.12537085917,0
2025-07-30 09:30:00-04:00,113450.12537085917,0
2025-07-30 10:30:00-04:00,113450.12537085917,0
2025-07-30 11:30:00-04:00,113450.12537085917,0
2025-07-30 12:30:00-04:00,113450.12537085917,0
2025-07-30 13:30:00-04:00,113450.12537085917,0
2025-07-30 14:30:00-04:00,113450.12537085917,0
2025-07-30 15:30:00-04:00,113450.12537085917,0
2025-07-31 09:30:00-04:00,113450.12537085917,0
2025-07-31 10:30:00-04:00,113450.12537085917,0
2025-07-31 11:30:00-04:00,113450.12537085917,0
2025-07-31 12:30:00-04:00,113450.12537085917,0
2025-07-31 13:30:00-04:00,113450.12537085917,0
2025-07-31 14:30:00-04:00,113450.12537085917,0
2025-07-31 15:30:00-04:00,113450.12537085917,0
2025-08-01 09:30:00-04:00,113450.12537085917,0
2025-08-01 10:30:00-04:00,113450.12537085917,0
2025-08-01 11:30:00-04:00,113450.12537085917,0
2025-08-01 12:30:00-04:00,113450.12537085917,0
2025-08-01 13:30:00-04:00,113450.12537085917,0
2025-08-01 14:30:00-04:00,113450.12537085917,0
2025-08-01 15:30:00-04:00,113450.12537085917,0
2025-08-04 09:30:00-04:00,113450.12537085917,0
2025-08-04 10:30:00-04:00,113450.12537085917,0
2025-08-04 11:30:00-04:00,113450.12537085917,0
2025-08-04 12:30:00-04:00,113450.12537085917,0
2025-08-04 13:30:00-04:00,113450.12537085917,0
2025-08-04 14:30:00-04:00,113450.12537085917,0
2025-08-04 15:30:00-04:00,113450.12537085917,0
2025-08-05 09:30:00-04:00,113450.12537085917,0
2025-08-05 10:30:00-04:00,113450.12537085917,0
2025-08-05 11:30:00-04:00,113450.12537085917,0
2025-08-05 12:30:00-04:00,113450.12537085917,0
2025-08-05 13:30:00-04:00,113450.12537085917,0
2025-08-05 14:30:00-04:00,113450.12537085917,0
2025-08-05 15:30:00-04:00,113450.12537085917,0
2025-08-06 09:30:00-04:00,113450.12537085917,0
2025-08-06 10:30:00-04:00,113450.12537085917,0
2025-08-06 11:30:00-04:00,113450.12537085917,0
2025-08-06 12:30:00-04:00,113450.12537085917,0
2025-08-06 13:30:00-04:00,113450.12537085917,0
2025-08-06 14:30:00-04:00,113450.12537085917,0
2025-08-06 15:30:00-04:00,113450.12537085917,0
2025-08-07 09:30:00-04:00,113450.12537085917,0
2025-08-07 10:30:00-04:00,113450.12537085917,0
2025-08-07 11:30:00-04:00,113450.12537085917,0
2025-08-07 12:30:00-04:00,113450.12537085917,0
2025-08-07 13:30:00-04:00,113450.12537085917,0
2025-08-07 14:30:00-04:00,113450.12537085917,0
2025-08-07 15:30:00-04:00,113450.12537085917,0
2025-08-08 09:30:00-04:00,113450.12537085917,0
2025-08-08 10:30:00-04:00,113450.12537085917,0
2025-08-08 11:30:00-04:00,113450.12537085917,0
2025-08-08 12:30:00-04:00,113450.12537085917,0
2025-08-08 13:30:00-04:00,113450.12537085917,0
2025-08-08 14:30:00-04:00,113450.12537085917,0
2025-08-08 15:30:00-04:00,113450.12537085917,0
2025-08-11 09:30:00-04:00,113450.12537085917,0
2025-08-11 10:30:00-04:00,113450.12537085917,0
2025-08-11 11:30:00-04:00,113450.12537085917,0
2025-08-11 12:30:00-04:00,113450.12537085917,0
2025-08-11 13:30:00-04:00,113450.12537085917,0
2025-08-11 14:30:00-04:00,113450.12537085917,0
2025-08-11 15:30:00-04:00,113450.12537085917,0
2025-08-12 09:30:00-04:00,113450.12537085917,0
2025-08-12 10:30:00-04:00,113450.12537085917,0
2025-08-12 11:30:00-04:00,113450.12537085917,0
2025-08-12 12:30:00-04:00,113450.12537085917,0
2025-08-12 13:30:00-04:00,113450.12537085917,0
2025-08-12 14:30:00-04:00,113450.12537085917,0
2025-08-12 15:30:00-04:00,113450.12537085917,0
2025-08-13 09:30:00-04:00,113450.12537085917,0
2025-08-13 10:30:00-04:00,112893.81730990655,1
2025-08-13 11:30:00-04:00,112956.69444664667,1
2025-08-13 12:30:00-04:00,113958.08706044596,1
2025-08-13 13:30:00-04:00,113648.39692257918,1
2025-08-13 14:30:00-04:00,114434.41810205471,1
2025-08-13 15:30:00-04:00,114685.94463961227,1
2025-08-14 09:30:00-04:00,112610.84920554611,1
2025-08-14 10:30:00-04:00,112364.03620441943,1
2025-08-14 11:30:00-04:00,111824.82802607057,1
2025-08-14 12:30:00-04:00,113255.38633284142,1
2025-08-14 13:30:00-04:00,113035.30136208677,1
2025-08-14 14:30:00-04:00,113758.4394079565,1
2025-08-14 15:30:00-04:00,115000.3543107756,1
2025-08-15 09:30:00-04:00,109985.53534772768,1
2025-08-15 10:30:00-04:00,109340.99822043235,1
2025-08-15 11:30:00-04:00,108036.20618087312,1
2025-08-15 12:30:00-04:00,108539.2592559882,1
2025-08-15 13:30:00-04:00,109089.15984585903,1
2025-08-15 14:30:00-04:00,108837.63330830148,1
2025-08-15 15:30:00-04:00,108554.97704095682,1
2025-08-18 09:30:00-04:00,108869.38671212016,1
2025-08-18 10:30:00-04:00,108964.02324954467,1
2025-08-18 11:30:00-04:00,108955.53768459595,1
2025-08-18 12:30:00-04:00,109083.18696763364,1
2025-08-18 13:30:00-04:00,108982.88938899954,1
2025-08-18 14:30:00-04:00,108931.64017482872,1
2025-08-18 15:30:00-04:00,109215.23795008642,1
2025-08-19 09:30:00-04:00,108272.00893659636,1
2025-08-19 10:30:00-04:00,107769.27369536275,1
2025-08-19 11:30:00-04:00,106805.29552659174,1
2025-08-19 12:30:00-04:00,105841.00552080495,1
2025-08-19 13:30:00-04:00,105736.49709300628,0
2025-08-19 14:30:00-04:00,105736.49709300628,0
2025-08-19 15:30:00-04:00,105736.49709300628,0
2025-08-20 09:30:00-04:00,105736.49709300628,0
2025-08-20 10:30:00-04:00,105736.49709300628,0
2025-08-20 11:30:00-04:00,105736.49709300628,0
2025-08-20 12:30:00-04:00,105736.49709300628,0
2025-08-20 13:30:00-04:00,105736.49709300628,0
2025-08-20 14:30:00-04:00,105736.49709300628,0
2025-08-20 15:30:00-04:00,105736.49709300628,0
2025-08-21 09:30:00-04:00,105736.49709300628,0
2025-08-21 10:30:00-04:00,105736.49709300628,0
2025-08-21 11:30:00-04:00,105736.49709300628,0
2025-08-21 12:30:00-04:00,105736.49709300628,0
2025-08-21 13:30:00-04:00,105736.49709300628,0
2025-08-21 14:30:00-04:00,105736.49709300628,0
2025-08-21 15:30:00-04:00,105736.49709300628,0
2025-08-22 09:30:00-04:00,105736.49709300628,0
2025-08-22 10:30:00-04:00,105736.49709300628,0
2025-08-22 11:30:00-04:00,105736.49709300628,0
2025-08-22 12:30:00-04:00,105736.49709300628,0
2025-08-22 13:30:00-04:00,105736.49709300628,0
2025-08-22 14:30:00-04:00,105736.49709300628,0
2025-08-22 15:30:00-04:00,105736.49709300628,0
2025-08-25 09:30:00-04:00,105736.49709300628,0
2025-08-25 10:30:00-04:00,106193.09217467059,1
2025-08-25 11:30:00-04:00,106162.17724258674,1
2025-08-25 12:30:00-04:00,106301.31802714495,1
2025-08-25 13:30:00-04:00,105791.13318458307,1
2025-08-25 14:30:00-04:00,106023.03645802851,1
2025-08-25 15:30:00-04:00,105373.71083090843,1
2025-08-26 09:30:00-04:00,106185.27409973697,0
2025-08-26 10:30:00-04:00,106185.27409973697,0
2025-08-26 11:30:00-04:00,106185.27409973697,0
2025-08-26 12:30:00-04:00,106185.27409973697,0
2025-08-26 13:30:00-04:00,106185.27409973697,0
2025-08-26 14:30:00-04:00,106185.27409973697,0
2025-08-26 15:30:00-04:00,106185.27409973697,0
2025-08-27 09:30:00-04:00,106185.27409973697,0
2025-08-27 10:30:00-04:00,106185.27409973697,0
2025-08-27 11:30:00-04:00,106185.27409973697,0
2025-08-27 12:30:00-04:00,106185.27409973697,0
2025-08-27 13:30:00-04:00,106185.27409973697,0
2025-08-27 14:30:00-04:00,106185.27409973697,0
2025-08-27 15:30:00-04:00,106185.27409973697,0
2025-08-28 09:30:00-04:00,106185.27409973697,0
2025-08-28 10:30:00-04:00,106185.27409973697,0
2025-08-28 11:30:00-04:00,106185.27409973697,0
2025-08-28 12:30:00-04:00,106185.27409973697,0
2025-08-28 13:30:00-04:00,106185.27409973697,0
2025-08-28 14:30:00-04:00,106185.27409973697,0
2025-08-28 15:30:00-04:00,106185.27409973697,0
2025-08-29 09:30:00-04:00,106185.27409973697,0
2025-08-29 10:30:00-04:00,106185.27409973697,0
2025-08-29 11:30:00-04:00,106185.27409973697,0
2025-08-29 12:30:00-04:00,106185.27409973697,0
2025-08-29 13:30:00-04:00,106185.27409973697,0
2025-08-29 14:30:00-04:00,106185.27409973697,0
2025-08-29 15:30:00-04:00,106185.27409973697,0
2025-09-02 09:30:00-04:00,106185.27409973697,0
2025-09-02 10:30:00-04:00,106185.27409973697,0
2025-09-02 11:30:00-04:00,106185.27409973697,0
2025-09-02 12:30:00-04:00,106185.27409973697,0
2025-09-02 13:30:00-04:00,106185.27409973697,0
2025-09-02 14:30:00-04:00,106185.27409973697,0
2025-09-02 15:30:00-04:00,106185.27409973697,0
2025-09-03 09:30:00-04:00,106185.27409973697,0
2025-09-03 10:30:00-04:00,106185.27409973697,0
2025-09-03 11:30:00-04:00,106185.27409973697,0
2025-09-03 12:30:00-04:00,106185.27409973697,0
2025-09-03 13:30:00-04:00,106185.27409973697,0
2025-09-03 14:30:00-04:00,106185.27409973697,0
2025-09-03 15:30:00-04:00,106185.27409973697,0
2025-09-04 09:30:00-04:00,106185.27409973697,0
2025-09-04 10:30:00-04:00,106185.27409973697,0
2025-09-04 11:30:00-04:00,106185.27409973697,0
2025-09-04 12:30:00-04:00,106185.27409973697,0
2025-09-04 13:30:00-04:00,106185.27409973697,0
2025-09-04 14:30:00-04:00,106185.27409973697,0
2025-09-04 15:30:00-04:00,106185.27409973697,0
2025-09-05 09:30:00-04:00,106185.27409973697,0
2025-09-05 10:30:00-04:00,106185.27409973697,0
2025-09-05 11:30:00-04:00,106185.27409973697,0
2025-09-05 12:30:00-04:00,106185.27409973697,0
2025-09-05 13:30:00-04:00,106185.27409973697,0
2025-09-05 14:30:00-04:00,106185.27409973697,0
2025-09-05 15:30:00-04:00,106185.27409973697,0
2025-09-08 09:30:00-04:00,106185.27409973697,0
2025-09-08 10:30:00-04:00,106185.27409973697,0
2025-09-08 11:30:00-04:00,106185.27409973697,0
2025-09-08 12:30:00-04:00,106185.27409973697,0
2025-09-08 13:30:00-04:00,106185.27409973697,0
2025-09-08 14:30:00-04:00,106185.27409973697,0
2025-09-08 15:30:00-04:00,106185.27409973697,0
2025-09-09 09:30:00-04:00,106185.27409973697,0
2025-09-09 10:30:00-04:00,106185.27409973697,0
2025-09-09 11:30:00-04:00,106185.27409973697,0
2025-09-09 12:30:00-04:00,106185.27409973697,0
2025-09-09 13:30:00-04:00,106185.27409973697,0
2025-09-09 14:30:00-04:00,106185.27409973697,0
2025-09-09 15:30:00-04:00,106185.27409973697,0
2025-09-10 09:30:00-04:00,106185.27409973697,0
2025-09-10 10:30:00-04:00,106185.27409973697,0
2025-09-10 11:30:00-04:00,106185.27409973697,0
2025-09-10 12:30:00-04:00,106185.27409973697,0
2025-09-10 13:30:00-04:00,106185.27409973697,0
2025-09-10 14:30:00-04:00,106185.27409973697,0
2025-09-10 15:30:00-04:00,106185.27409973697,0
2025-09-11 09:30:00-04:00,106185.27409973697,0
2025-09-11 10:30:00-04:00,106610.26152782395,1
2025-09-11 11:30:00-04:00,106202.32203087998,1
2025-09-11 12:30:00-04:00,106478.93758809735,1
2025-09-11 13:30:00-04:00,106100.41074381312,1
2025-09-11 14:30:00-04:00,106085.84881494723,1
2025-09-11 15:30:00-04:00,106144.08542291359,1
2025-09-12 09:30:00-04:00,105823.78963284713,1
2025-09-12 10:30:00-04:00,106042.17413584674,1
2025-09-12 11:30:00-04:00,106784.67144929792,1
2025-09-12 12:30:00-04:00,106522.61782094644,1
2025-09-12 13:30:00-04:00,106755.55869906335,1
2025-09-12 14:30:00-04:00,106828.35168214701,1
2025-09-12 15:30:00-04:00,106435.26290899688,1
2025-09-15 09:30:00-04:00,108400.70122099896,1
2025-09-15 10:30:00-04:00,107585.4109244641,1
2025-09-15 11:30:00-04:00,107634.61713718412,1
2025-09-15 12:30:00-04:00,107527.17431649772,1
2025-09-15 13:30:00-04:00,108279.8627586556,1
2025-09-15 14:30:00-04:00,108153.20396776477,1
2025-09-15 15:30:00-04:00,108667.4199981862,1
2025-09-16 09:30:00-04:00,109598.02277719349,1
2025-09-16 10:30:00-04:00,108342.47016678119,1
2025-09-16 11:30:00-04:00,108517.17443693172,1
2025-09-16 12:30:00-04:00,108881.14490609866,1
2025-09-16 13:30:00-04:00,109561.62350877735,1
2025-09-16 14:30:00-04:00,109713.90729577316,1
2025-09-16 15:30:00-04:00,109994.60485822184,1
2025-09-17 09:30:00-04:00,110118.64227976685,1
2025-09-17 10:30:00-04:00,109594.52391556666,1
2025-09-17 11:30:00-04:00,109740.11543548261,1
2025-09-17 12:30:00-04:00,109580.25633537731,1
2025-09-17 13:30:00-04:00,110105.2466381099,1
2025-09-17 14:30:00-04:00,110482.61274893381,1
2025-09-17 15:30:00-04:00,109914.81970563314,1
2025-09-18 09:30:00-04:00,120193.34775425731,1
2025-09-18 10:30:00-04:00,119771.14067712399,1
2025-09-18 11:30:00-04:00,120469.9688652233,1
2025-09-18 12:30:00-04:00,119450.84488705751,1
2025-09-18 13:30:00-04:00,118970.4012019578,1
2025-09-18 14:30:00-04:00,119268.28206261818,1
2025-09-18 15:30:00-04:00,119159.67295472285,1
2025-09-19 09:30:00-04:00,116509.96838348733,1
2025-09-19 10:30:00-04:00,115055.25279402848,1
2025-09-19 11:30:00-04:00,116888.48967402296,1
2025-09-19 12:30:00-04:00,116480.84452575553,1
2025-09-19 13:30:00-04:00,116757.46563672152,1
2025-09-19 14:30:00-04:00,117198.31109420343,1
2025-09-19 15:30:00-04:00,117237.90932182124,1
2025-09-22 09:30:00-04:00,119712.90406915761,1
2025-09-22 10:30:00-04:00,120586.43097365883,1
2025-09-22 11:30:00-04:00,121692.9043100256,1
2025-09-22 12:30:00-04:00,121736.57898912606,1
2025-09-22 13:30:00-04:00,122245.84662953242,1
2025-09-22 14:30:00-04:00,122003.00341763676,1
2025-09-22 15:30:00-04:00,121496.9458439293,1
2025-09-23 09:30:00-04:00,123527.31858472624,1
2025-09-23 10:30:00-04:00,123527.31858472624,1
2025-09-23 11:30:00-04:00,122755.70296729186,1
2025-09-23 12:30:00-04:00,121592.73690002352,1
2025-09-23 13:30:00-04:00,120251.58436222369,1
2025-09-23 14:30:00-04:00,120361.6485522559,1
2025-09-23 15:30:00-04:00,121183.3478746913,1
2025-09-24 09:30:00-04:00,120251.87315715161,1
2025-09-24 10:30:00-04:00,121168.7859458254,1
2025-09-24 11:30:00-04:00,118733.10063117891,1
2025-09-24 12:30:00-04:00,120324.37179155875,1
2025-09-24 13:30:00-04:00,120867.41733103544,1
2025-09-24 14:30:00-04:00,120610.60088762695,1
2025-09-24 15:30:00-04:00,120673.79143935702,1
2025-09-25 09:30:00-04:00,117354.67133268192,1
2025-09-25 10:30:00-04:00,117116.19336719686,1
2025-09-25 11:30:00-04:00,118984.9631308237,1
2025-09-25 12:30:00-04:00,118868.48991489095,1
2025-09-25 13:30:00-04:00,118883.05184375684,1
2025-09-25 14:30:00-04:00,118839.37716465637,1
2025-09-25 15:30:00-04:00,119712.90406915761,1
2025-09-26 09:30:00-04:00,117718.34189942371,1
2025-09-26 10:30:00-04:00,118460.84476662352,1
2025-09-26 11:30:00-04:00,119392.3194841632,1
2025-09-26 12:30:00-04:00,120440.8450074915,1
2025-09-26 13:30:00-04:00,120673.79143935702,1
2025-09-26 14:30:00-04:00,120237.0224333578,1
2025-09-26 15:30:00-04:00,120207.90968312322,1
2025-09-29 09:30:00-04:00,124240.69759419424,1
2025-09-29 10:30:00-04:00,123074.24377279631,1
2025-09-29 11:30:00-04:00,122341.64879312388,1
2025-09-29 12:30:00-04:00,122012.91130516413,1
2025-09-29 13:30:00-04:00,121780.25366822655,1
2025-09-29 14:30:00-04:00,120547.71023832205,1
2025-09-29 15:30:00-04:00,120237.0224333578,1
2025-09-30 09:30:00-04:00,122098.80558122823,1
2025-09-30 10:30:00-04:00,120833.93933439025,1
2025-09-30 11:30:00-04:00,120557.6070183522,1
2025-09-30 12:30:00-04:00,119319.82084975607,1
2025-09-30 13:30:00-04:00,120362.51493703968,1
2025-09-30 14:30:00-04:00,121595.0694744414,1
2025-09-30 15:30:00-04:00,122741.14103842597,1
2025-10-01 09:30:00-04:00,123737.25028233536,1
2025-10-01 10:30:00-04:00,123812.67018851344,1
2025-10-01 11:30:00-04:00,125230.69771462823,1
2025-10-01 12:30:00-04:00,125769.37800769432,1
2025-10-01 13:30:00-04:00,126155.76340626736,1
2025-10-01 14:30:00-04:00,127034.24425453228,1
2025-10-01 15:30:00-04:00,128593.78129533173,1
2025-10-02 09:30:00-04:00,134242.61008560105,1
2025-10-02 10:30:00-04:00,133878.63961643405,1
2025-10-02 11:30:00-04:00,134664.81716273434,1
2025-10-02 12:30:00-04:00,134883.19055823673,1
2025-10-02 13:30:00-04:00,134926.86523733722,1
2025-10-02 14:30:00-04:00,135688.8839771666,1
2025-10-02 15:30:00-04:00,134912.0256210406,1
2025-10-03 09:30:00-04:00,136106.13711053625,1
2025-10-03 10:30:00-04:00,136717.31603800948,1
2025-10-03 11:30:00-04:00,136513.78225880367,1
2025-10-03 12:30:00-04:00,134135.74485477048,1
2025-10-03 13:30:00-04:00,133514.66914726712,1
2025-10-03 14:30:00-04:00,132932.31417510056,1
2025-10-03 15:30:00-04:00,132568.3437059336,1
2025-10-06 09:30:00-04:00,145278.18626904505,1
2025-10-06 10:30:00-04:00,145580.72117104396,1
2025-10-06 11:30:00-04:00,146540.44225403445,1
2025-10-06 12:30:00-04:00,146311.87217607675,1
2025-10-06 13:30:00-04:00,145496.57077204465,1
2025-10-06 14:30:00-04:00,144200.8367904101,1
2025-10-06 15:30:00-04:00,142628.48169780953,1
2025-10-07 09:30:00-04:00,143254.51134907658,1
2025-10-07 10:30:00-04:00,137678.49220313682,1
2025-10-07 11:30:00-04:00,135465.25673547538,1
2025-10-07 12:30:00-04:00,136528.34418766957,1
2025-10-07 13:30:00-04:00,135203.4863483032,1
2025-10-07 14:30:00-04:00,134912.31441596855,1
2025-10-07 15:30:00-04:00,134344.52137266786,1
2025-10-08 09:30:00-04:00,139731.27987333987,1
2025-10-08 10:30:00-04:00,141868.22905003943,1
2025-10-08 11:30:00-04:00,142452.6166941987,1
2025-10-08 12:30:00-04:00,143152.60006200973,1
2025-10-08 13:30:00-04:00,143239.96052770794,1
2025-10-08 14:30:00-04:00,144783.4805575046,1
2025-10-08 15:30:00-04:00,145918.777849178,1
2025-10-09 09:30:00-04:00,143909.66485807544,1
2025-10-09 10:30:00-04:00,142337.02097054696,1
2025-10-09 11:30:00-04:00,143662.15649734403,1
2025-10-09 12:30:00-04:00,140954.22642563935,1
2025-10-09 13:30:00-04:00,142337.30976547487,1
2025-10-09 14:30:00-04:00,142717.87483550044,1
2025-10-09 15:30:00-04:00,144258.49580852065,1
2025-10-10 09:30:00-04:00,143969.64534310662,1
2025-10-10 10:30:00-04:00,131097.8999003999,1
2025-10-10 11:30:00-04:00,130958.95541783511,0
2025-10-10 12:30:00-04:00,130958.95541783511,0
2025-10-10 13:30:00-04:00,130958.95541783511,0
2025-10-10 14:30:00-04:00,130958.95541783511,0
2025-10-10 15:30:00-04:00,130958.95541783511,0
2025-10-13 09:30:00-04:00,130958.95541783511,0
2025-10-13 10:30:00-04:00,130958.95541783511,0
2025-10-13 11:30:00-04:00,130958.95541783511,0
2025-10-13 12:30:00-04:00,130958.95541783511,0
2025-10-13 13:30:00-04:00,130958.95541783511,0
2025-10-13 14:30:00-04:00,130958.95541783511,0
2025-10-13 15:30:00-04:00,130958.95541783511,0
2025-10-14 09:30:00-04:00,130958.95541783511,0
2025-10-14 10:30:00-04:00,130958.95541783511,0
2025-10-14 11:30:00-04:00,130958.95541783511,0
2025-10-14 12:30:00-04:00,130958.95541783511,0
2025-10-14 13:30:00-04:00,130958.95541783511,0
2025-10-14 14:30:00-04:00,130958.95541783511,0
2025-10-14 15:30:00-04:00,130958.95541783511,0
2025-10-15 09:30:00-04:00,130958.95541783511,0
2025-10-15 10:30:00-04:00,130958.95541783511,0
2025-10-15 11:30:00-04:00,130958.95541783511,0
2025-10-15 12:30:00-04:00,130958.95541783511,0
2025-10-15 13:30:00-04:00,130958.95541783511,0
2025-10-15 14:30:00-04:00,130958.95541783511,0
2025-10-15 15:30:00-04:00,130958.95541783511,0
2025-10-16 09:30:00-04:00,130958.95541783511,0
2025-10-16 10:30:00-04:00,130500.35366258939,1
2025-10-16 11:30:00-04:00,128022.83675184772,1
2025-10-16 12:30:00-04:00,129843.05719396754,1
2025-10-16 13:30:00-04:00,126202.62595358647,1
2025-10-16 14:30:00-04:00,126910.48517269592,1
2025-10-16 15:30:00-04:00,128793.90182003133,1
2025-10-17 09:30:00-04:00,128022.83675184772,1
2025-10-17 10:30:00-04:00,124078.77826821811,1
2025-10-17 11:30:00-04:00,127188.57547844852,1
2025-10-17 12:30:00-04:00,125241.70224171609,1
2025-10-17 13:30:00-04:00,127251.7716836641,1
2025-10-17 14:30:00-04:00,128123.96225282295,1
2025-10-17 15:30:00-04:00,127795.30919658275,1
2025-10-20 09:30:00-04:00,134165.82035982073,1
2025-10-20 10:30:00-04:00,134368.322102094,1
2025-10-20 11:30:00-04:00,134005.53943037114,1
2025-10-20 12:30:00-04:00,133875.34733966299,1
2025-10-20 13:30:00-04:00,133205.4077724546,1
2025-10-20 14:30:00-04:00,133293.12831001618,1
2025-10-20 15:30:00-04:00,132750.35266192464,1
2025-10-21 09:30:00-04:00,129182.472169573,1
2025-10-21 10:30:00-04:00,131081.82047126768,1
2025-10-21 11:30:00-04:00,132270.0113542216,1
2025-10-21 12:30:00-04:00,130783.24660991032,1
2025-10-21 13:30:00-04:00,131258.78527604503,1
2025-10-21 14:30:00-04:00,130980.69497029243,1
2025-10-21 15:30:00-04:00,131005.97152360696,1
2025-10-22 09:30:00-04:00,124647.85271863268,1
2025-10-22 10:30:00-04:00,121634.12762748632,1
2025-10-22 11:30:00-04:00,121556.61456452218,0
2025-10-22 12:30:00-04:00,121556.61456452218,0
2025-10-22 13:30:00-04:00,121556.61456452218,0
2025-10-22 14:30:00-04:00,121556.61456452218,0
2025-10-22 15:30:00-04:00,121556.61456452218,0
2025-10-23 09:30:00-04:00,121556.61456452218,0
2025-10-23 10:30:00-04:00,121556.61456452218,0
2025-10-23 11:30:00-04:00,121556.61456452218,0
2025-10-23 12:30:00-04:00,121556.61456452218,0
2025-10-23 13:30:00-04:00,121556.61456452218,0
2025-10-23 14:30:00-04:00,121556.61456452218,0
2025-10-23 15:30:00-04:00,121556.61456452218,0
2025-10-24 09:30:00-04:00,121556.61456452218,0
2025-10-24 10:30:00-04:00,121556.61456452218,0
2025-10-24 11:30:00-04:00,121556.61456452218,0
2025-10-24 12:30:00-04:00,121556.61456452218,0
2025-10-24 13:30:00-04:00,121556.61456452218,0
2025-10-24 14:30:00-04:00,121556.61456452218,0
2025-10-24 15:30:00-04:00,121556.61456452218,0
2025-10-27 09:30:00-04:00,121556.61456452218,0
2025-10-27 10:30:00-04:00,121556.61456452218,0
2025-10-27 11:30:00-04:00,121556.61456452218,0
2025-10-27 12:30:00-04:00,121556.61456452218,0
2025-10-27 13:30:00-04:00,121556.61456452218,0
2025-10-27 14:30:00-04:00,121556.61456452218,0
2025-10-27 15:30:00-04:00,121556.61456452218,0
2025-10-28 09:30:00-04:00,121556.61456452218,0
2025-10-28 10:30:00-04:00,121623.85565805076,1
2025-10-28 11:30:00-04:00,122778.79030505745,1
2025-10-28 12:30:00-04:00,123051.03351668993,1
2025-10-28 13:30:00-04:00,123167.25953523626,1
2025-10-28 14:30:00-04:00,123323.26873973085,1
2025-10-28 15:30:00-04:00,122537.95823542266,1
2025-10-29 09:30:00-04:00,129270.68727856848,1
2025-10-29 10:30:00-04:00,129574.34163219863,1
2025-10-29 11:30:00-04:00,128830.91531341788,1
2025-10-29 12:30:00-04:00,128363.28712951195,1
2025-10-29 13:30:00-04:00,128580.03359560578,1
2025-10-29 14:30:00-04:00,128269.05370351892,1
2025-10-29 15:30:00-04:00,127846.65692500232,1
2025-10-30 09:30:00-04:00,125501.19845560752,1
2025-10-30 10:30:00-04:00,125920.0323222902,1
2025-10-30 11:30:00-04:00,125930.50536581993,1
2025-10-30 12:30:00-04:00,126108.50716286781,1
2025-10-30 13:30:00-04:00,125408.21923848875,1
2025-10-30 14:30:00-04:00,124684.47680930166,1
2025-10-30 15:30:00-04:00,123403.89759430423,1
2025-10-31 09:30:00-04:00,127019.46223516672,1
2025-10-31 10:30:00-04:00,127490.65333090656,1
2025-10-31 11:30:00-04:00,124024.81886157574,1
2025-10-31 12:30:00-04:00,122799.7284035254,1
2025-10-31 13:30:00-04:00,124537.88615425145,1
2025-10-31 14:30:00-04:00,125920.0323222902,1
2025-10-31 15:30:00-04:00,124244.70484415104,1
2025-11-03 09:30:00-05:00,125522.14454266701,1
2025-11-03 10:30:00-05:00,125815.32585276742,1
2025-11-03 11:30:00-05:00,126569.22521507791,1
2025-11-03 12:30:00-05:00,126956.63995117135,1
2025-11-03 13:30:00-05:00,126551.41864449988,1
2025-11-03 14:30:00-05:00,126139.9183048655,1
2025-11-03 15:30:00-05:00,126024.73879181297,1
2025-11-04 09:30:00-05:00,121543.23479206892,1
2025-11-04 10:30:00-05:00,119522.3687747722,1
2025-11-04 11:30:00-05:00,118642.81685587943,1
2025-11-04 12:30:00-05:00,117187.3753603156,1
2025-11-04 13:30:00-05:00,117648.09341252569,1
2025-11-04 14:30:00-05:00,115815.70223580659,1
2025-11-04 15:30:00-05:00,115724.19785648369,0
2025-11-05 09:30:00-05:00,115724.19785648369,0
2025-11-05 10:30:00-05:00,115724.19785648369,0
2025-11-05 11:30:00-05:00,115724.19785648369,0
2025-11-05 12:30:00-05:00,115724.19785648369,0
2025-11-05 13:30:00-05:00,115724.19785648369,0
2025-11-05 14:30:00-05:00,115724.19785648369,0
2025-11-05 15:30:00-05:00,115724.19785648369,0
2025-11-06 09:30:00-05:00,115724.19785648369,0
2025-11-06 10:30:00-05:00,115724.19785648369,0
2025-11-06 11:30:00-05:00,115724.19785648369,0
2025-11-06 12:30:00-05:00,115724.19785648369,0
2025-11-06 13:30:00-05:00,115724.19785648369,0
2025-11-06 14:30:00-05:00,115724.19785648369,0
2025-11-06 15:30:00-05:00,115724.19785648369,0
2025-11-07 09:30:00-05:00,115724.19785648369,0
2025-11-07 10:30:00-05:00,115724.19785648369,0
2025-11-07 11:30:00-05:00,115724.19785648369,0
2025-11-07 12:30:00-05:00,115724.19785648369,0
2025-11-07 13:30:00-05:00,115724.19785648369,0
2025-11-07 14:30:00-05:00,115724.19785648369,0
2025-11-07 15:30:00-05:00,115724.19785648369,0
2025-11-10 09:30:00-05:00,115724.19785648369,0
2025-11-10 10:30:00-05:00,115724.19785648369,0
2025-11-10 11:30:00-05:00,115724.19785648369,0
2025-11-10 12:30:00-05:00,115724.19785648369,0
2025-11-10 13:30:00-05:00,115724.19785648369,0
2025-11-10 14:30:00-05:00,115724.19785648369,0
2025-11-10 15:30:00-05:00,115724.19785648369,0
2025-11-11 09:30:00-05:00,115724.19785648369,0
2025-11-11 10:30:00-05:00,115724.19785648369,0
2025-11-11 11:30:00-05:00,115724.19785648369,0
2025-11-11 12:30:00-05:00,115724.19785648369,0
2025-11-11 13:30:00-05:00,115724.19785648369,0
2025-11-11 14:30:00-05:00,115724.19785648369,0
2025-11-11 15:30:00-05:00,115724.19785648369,0
2025-11-12 09:30:00-05:00,115724.19785648369,0
2025-11-12 10:30:00-05:00,115724.19785648369,0
2025-11-12 11:30:00-05:00,115724.19785648369,0
2025-11-12 12:30:00-05:00,115724.19785648369,0
2025-11-12 13:30:00-05:00,115724.19785648369,0
2025-11-12 14:30:00-05:00,115724.19785648369,0
2025-11-12 15:30:00-05:00,115724.19785648369,0
2025-11-13 09:30:00-05:00,115724.19785648369,0
2025-11-13 10:30:00-05:00,115724.19785648369,0
2025-11-13 11:30:00-05:00,115724.19785648369,0
2025-11-13 12:30:00-05:00,115724.19785648369,0
2025-11-13 13:30:00-05:00,115724.19785648369,0
2025-11-13 14:30:00-05:00,115724.19785648369,0
2025-11-13 15:30:00-05:00,115724.19785648369,0
2025-11-14 09:30:00-05:00,115724.19785648369,0
2025-11-14 10:30:00-05:00,115724.19785648369,0
2025-11-14 11:30:00-05:00,115724.19785648369,0
2025-11-14 12:30:00-05:00,115724.19785648369,0
2025-11-14 13:30:00-05:00,115724.19785648369,0
2025-11-14 14:30:00-05:00,115724.19785648369,0
2025-11-14 15:30:00-05:00,115724.19785648369,0
2025-11-17 09:30:00-05:00,115724.19785648369,0
2025-11-17 10:30:00-05:00,115724.19785648369,0
2025-11-17 11:30:00-05:00,115724.19785648369,0
2025-11-17 12:30:00-05:00,115724.19785648369,0
2025-11-17 13:30:00-05:00,115724.19785648369,0
2025-11-17 14:30:00-05:00,115724.19785648369,0
2025-11-17 15:30:00-05:00,115724.19785648369,0
2025-11-18 09:30:00-05:00,115724.19785648369,0
2025-11-18 10:30:00-05:00,115724.19785648369,0
2025-11-18 11:30:00-05:00,115724.19785648369,0
2025-11-18 12:30:00-05:00,115724.19785648369,0
2025-11-18 13:30:00-05:00,115724.19785648369,0
2025-11-18 14:30:00-05:00,115724.19785648369,0
2025-11-18 15:30:00-05:00,115724.19785648369,0
2025-11-19 09:30:00-05:00,115724.19785648369,0
2025-11-19 10:30:00-05:00,115724.19785648369,0
2025-11-19 11:30:00-05:00,115724.19785648369,0
2025-11-19 12:30:00-05:00,115724.19785648369,0
2025-11-19 13:30:00-05:00,115724.19785648369,0
2025-11-19 14:30:00-05:00,115724.19785648369,0
2025-11-19 15:30:00-05:00,115724.19785648369,0
2025-11-20 09:30:00-05:00,115724.19785648369,0
2025-11-20 10:30:00-05:00,115724.19785648369,0
2025-11-20 11:30:00-05:00,115724.19785648369,0
2025-11-20 12:30:00-05:00,115724.19785648369,0
2025-11-20 13:30:00-05:00,115724.19785648369,0
2025-11-20 14:30:00-05:00,115724.19785648369,0
2025-11-20 15:30:00-05:00,115724.19785648369,0
2025-11-21 09:30:00-05:00,115724.19785648369,0
2025-11-21 10:30:00-05:00,115724.19785648369,0
2025-11-21 11:30:00-05:00,115724.19785648369,0
2025-11-21 12:30:00-05:00,115724.19785648369,0
2025-11-21 13:30:00-05:00,115724.19785648369,0
2025-11-21 14:30:00-05:00,115724.19785648369,0
2025-11-21 15:30:00-05:00,115724.19785648369,0
2025-11-24 09:30:00-05:00,115724.19785648369,0
2025-11-24 10:30:00-05:00,115724.19785648369,0
2025-11-24 11:30:00-05:00,115724.19785648369,0
2025-11-24 12:30:00-05:00,115724.19785648369,0
2025-11-24 13:30:00-05:00,115724.19785648369,0
2025-11-24 14:30:00-05:00,115724.19785648369,0
2025-11-24 15:30:00-05:00,115724.19785648369,0
2025-11-25 09:30:00-05:00,115724.19785648369,0
2025-11-25 10:30:00-05:00,115724.19785648369,0
2025-11-25 11:30:00-05:00,115724.19785648369,0
2025-11-25 12:30:00-05:00,115724.19785648369,0
2025-11-25 13:30:00-05:00,115724.19785648369,0
2025-11-25 14:30:00-05:00,115724.19785648369,0
2025-11-25 15:30:00-05:00,115724.19785648369,0
2025-11-26 09:30:00-05:00,115724.19785648369,0
2025-11-26 10:30:00-05:00,115724.19785648369,0
2025-11-26 11:30:00-05:00,115724.19785648369,0
2025-11-26 12:30:00-05:00,115724.19785648369,0
2025-11-26 13:30:00-05:00,115724.19785648369,0
2025-11-26 14:30:00-05:00,115724.19785648369,0
2025-11-26 15:30:00-05:00,115724.19785648369,0
2025-11-28 09:30:00-05:00,115724.19785648369,0
2025-11-28 10:30:00-05:00,115724.19785648369,0
2025-11-28 11:30:00-05:00,115724.19785648369,0
2025-12-01 09:30:00-05:00,115724.19785648369,0
2025-12-01 10:30:00-05:00,115724.19785648369,0
2025-12-01 11:30:00-05:00,115724.19785648369,0
2025-12-01 12:30:00-05:00,115724.19785648369,0
2025-12-01 13:30:00-05:00,115724.19785648369,0
2025-12-01 14:30:00-05:00,115724.19785648369,0
2025-12-01 15:30:00-05:00,115724.19785648369,0
2025-12-02 09:30:00-05:00,115724.19785648369,0
2025-12-02 10:30:00-05:00,113191.70082500363,1
2025-12-02 11:30:00-05:00,115355.88184929706,1
2025-12-02 12:30:00-05:00,115610.49709484835,1
2025-12-02 13:30:00-05:00,116106.34850905805,1
2025-12-02 14:30:00-05:00,116957.80170384172,1
2025-12-02 15:30:00-05:00,116034.83964980299,1
2025-12-03 09:30:00-05:00,117880.76375788044,1
2025-12-03 10:30:00-05:00,117689.80637062469,1
2025-12-03 11:30:00-05:00,118496.06370009085,1
2025-12-03 12:30:00-05:00,119090.1578458951,1
2025-12-03 13:30:00-05:00,120058.5181106369,1
2025-12-03 14:30:00-05:00,121636.24555088462,1
2025-12-03 15:30:00-05:00,121979.97370423423,1
2025-12-04 09:30:00-05:00,120161.6333191156,1
2025-12-04 10:30:00-05:00,119711.1882094244,1
2025-12-04 11:30:00-05:00,119938.8510496198,1
2025-12-04 12:30:00-05:00,120151.24086011351,1
2025-12-04 13:30:00-05:00,118984.06411334101,1
2025-12-04 14:30:00-05:00,117488.23799135044,1
2025-12-04 15:30:00-05:00,119068.9358618581,1
2025-12-05 09:30:00-05:00,123535.20843142369,1
2025-12-05 10:30:00-05:00,122484.94684842473,1
2025-12-05 11:30:00-05:00,122558.14731510304,1
2025-12-05 12:30:00-05:00,123397.29791044498,1
2025-12-05 13:30:00-05:00,123036.60511997045,1
2025-12-05 14:30:00-05:00,122887.44419555487,1
2025-12-05 15:30:00-05:00,121827.20293814037,1
2025-12-08 09:30:00-05:00,123906.52030773213,1
2025-12-08 10:30:00-05:00,123588.25529770073,1
2025-12-08 11:30:00-05:00,123573.61358560198,1
2025-12-08 12:30:00-05:00,124245.99920798509,1
2025-12-08 13:30:00-05:00,123779.21268495648,1
2025-12-08 14:30:00-05:00,123850.71345039613,1
2025-12-08 15:30:00-05:00,124967.39288274957,1
2025-12-09 09:30:00-05:00,123842.8624494366,1
2025-12-09 10:30:00-05:00,124394.5207209823,1
2025-12-09 11:30:00-05:00,124617.30299047811,1
2025-12-09 12:30:00-05:00,124521.82024994252,1
2025-12-09 13:30:00-05:00,124268.91279944532,1
2025-12-09 14:30:00-05:00,124055.04182072934,1
2025-12-09 15:30:00-05:00,124500.60635972096,1
2025-12-10 09:30:00-05:00,124489.99536770248,1
2025-12-10 10:30:00-05:00,124330.86286268677,1
2025-12-10 11:30:00-05:00,124001.9949544523,1
2025-12-10 12:30:00-05:00,124646.57832086018,1
2025-12-10 13:30:00-05:00,125729.9436089359,1
2025-12-10 14:30:00-05:00,129008.0440745238,1
2025-12-10 15:30:00-05:00,128425.83164975933,1
2025-12-11 09:30:00-05:00,122421.29708394464,1
2025-12-11 10:30:00-05:00,120341.9878081683,1
2025-12-11 11:30:00-05:00,122421.5075231456,1
2025-12-11 12:30:00-05:00,123503.38354918364,1
2025-12-11 13:30:00-05:00,124806.56067649521,1
2025-12-11 14:30:00-05:00,125349.29956344566,1
2025-12-11 15:30:00-05:00,126654.1763919959,1
2025-12-12 09:30:00-05:00,116266.75174309504,1
2025-12-12 10:30:00-05:00,116143.31646061946,0
2025-12-12 11:30:00-05:00,116143.31646061946,0
2025-12-12 12:30:00-05:00,116143.31646061946,0
2025-12-12 13:30:00-05:00,116143.31646061946,0
2025-12-12 14:30:00-05:00,116143.31646061946,0
2025-12-12 15:30:00-05:00,116143.31646061946,0
2025-12-15 09:30:00-05:00,116143.31646061946,0
2025-12-15 10:30:00-05:00,116143.31646061946,0
2025-12-15 11:30:00-05:00,116143.31646061946,0
2025-12-15 12:30:00-05:00,116143.31646061946,0
2025-12-15 13:30:00-05:00,116143.31646061946,0
2025-12-15 14:30:00-05:00,116143.31646061946,0
2025-12-15 15:30:00-05:00,116143.31646061946,0
2025-12-16 09:30:00-05:00,116143.31646061946,0
2025-12-16 10:30:00-05:00,116143.31646061946,0
2025-12-16 11:30:00-05:00,116143.31646061946,0
2025-12-16 12:30:00-05:00,116143.31646061946,0
2025-12-16 13:30:00-05:00,116143.31646061946,0
2025-12-16 14:30:00-05:00,116143.31646061946,0
2025-12-16 15:30:00-05:00,116143.31646061946,0
2025-12-17 09:30:00-05:00,116143.31646061946,0
2025-12-17 10:30:00-05:00,116143.31646061946,0
2025-12-17 11:30:00-05:00,116143.31646061946,0
2025-12-17 12:30:00-05:00,116143.31646061946,0
2025-12-17 13:30:00-05:00,116143.31646061946,0
2025-12-17 14:30:00-05:00,116143.31646061946,0
2025-12-17 15:30:00-05:00,116143.31646061946,0
2025-12-18 09:30:00-05:00,116143.31646061946,0
2025-12-18 10:30:00-05:00,116143.31646061946,0
2025-12-18 11:30:00-05:00,116143.31646061946,0
2025-12-18 12:30:00-05:00,116143.31646061946,0
2025-12-18 13:30:00-05:00,116143.31646061946,0
2025-12-18 14:30:00-05:00,116143.31646061946,0
2025-12-18 15:30:00-05:00,116143.31646061946,0
2025-12-19 09:30:00-05:00,116143.31646061946,0
2025-12-19 10:30:00-05:00,116143.31646061946,0
2025-12-19 11:30:00-05:00,116143.31646061946,0
2025-12-19 12:30:00-05:00,116143.31646061946,0
2025-12-19 13:30:00-05:00,116143.31646061946,0
2025-12-19 14:30:00-05:00,116143.31646061946,0
2025-12-19 15:30:00-05:00,116143.31646061946,0
2025-12-22 09:30:00-05:00,116143.31646061946,0
2025-12-22 10:30:00-05:00,116143.31646061946,0
2025-12-22 11:30:00-05:00,116143.31646061946,0
2025-12-22 12:30:00-05:00,116143.31646061946,0
2025-12-22 13:30:00-05:00,116143.31646061946,0
2025-12-22 14:30:00-05:00,116143.31646061946,0
2025-12-22 15:30:00-05:00,116143.31646061946,0
2025-12-23 09:30:00-05:00,116143.31646061946,0
2025-12-23 10:30:00-05:00,116143.31646061946,0
2025-12-23 11:30:00-05:00,116143.31646061946,0
2025-12-23 12:30:00-05:00,116143.31646061946,0
2025-12-23 13:30:00-05:00,116143.31646061946,0
2025-12-23 14:30:00-05:00,116143.31646061946,0
2025-12-23 15:30:00-05:00,116143.31646061946,0
2025-12-24 09:30:00-05:00,116143.31646061946,0
2025-12-24 10:30:00-05:00,116143.31646061946,0
2025-12-24 11:30:00-05:00,116143.31646061946,0
2025-12-26 09:30:00-05:00,116143.31646061946,0
2025-12-26 10:30:00-05:00,116111.07916160156,1
2025-12-26 11:30:00-05:00,115904.25335487322,1
2025-12-26 12:30:00-05:00,116154.11474099172,1
2025-12-26 13:30:00-05:00,116155.78834685689,1
2025-12-26 14:30:00-05:00,115966.92590974805,1
2025-12-26 15:30:00-05:00,115549.0902816284,1
2025-12-29 09:30:00-05:00,113728.38243045908,1
2025-12-29 10:30:00-05:00,113679.28202219562,1
2025-12-29 11:30:00-05:00,112791.38629341123,1
2025-12-29 12:30:00-05:00,113376.35936059941,1
2025-12-29 13:30:00-05:00,113804.63510149703,1
2025-12-29 14:30:00-05:00,114450.60711769489,1
2025-12-29 15:30:00-05:00,114838.35768800012,1
2025-12-30 09:30:00-05:00,115218.58500146381,1
2025-12-30 10:30:00-05:00,116436.99397996455,1
2025-12-30 11:30:00-05:00,115581.68574824058,1
2025-12-30 12:30:00-05:00,115350.62453467418,1
2025-12-30 13:30:00-05:00,115308.84017490705,1
2025-12-30 14:30:00-05:00,114671.64263517373,1
2025-12-30 15:30:00-05:00,114483.61700099747,1
2025-12-31 09:30:00-05:00,113520.09022621077,1
2025-12-31 10:30:00-05:00,113637.50563198022,1
2025-12-31 11:30:00-05:00,113439.03191547425,1
2025-12-31 12:30:00-05:00,113365.91127826969,1
2025-12-31 13:30:00-05:00,112707.82554342868,1
2025-12-31 14:30:00-05:00,111349.86174442779,1
2025-12-31 15:30:00-05:00,111036.48303095013,1
2026-01-02 09:30:00-05:00,117418.63109087439,0
2026-01-02 10:30:00-05:00,117418.63109087439,0
2026-01-02 11:30:00-05:00,117418.63109087439,0
2026-01-02 12:30:00-05:00,117418.63109087439,0
2026-01-02 13:30:00-05:00,117418.63109087439,0
2026-01-02 14:30:00-05:00,117418.63109087439,0
2026-01-02 15:30:00-05:00,117418.63109087439,0
2026-01-05 09:30:00-05:00,117418.63109087439,0
2026-01-05 10:30:00-05:00,117418.63109087439,0
2026-01-05 11:30:00-05:00,117418.63109087439,0
2026-01-05 12:30:00-05:00,117418.63109087439,0
2026-01-05 13:30:00-05:00,117418.63109087439,0
2026-01-05 14:30:00-05:00,117418.63109087439,0
2026-01-05 15:30:00-05:00,117418.63109087439,0
2026-01-06 09:30:00-05:00,117418.63109087439,0
2026-01-06 10:30:00-05:00,117418.63109087439,0
2026-01-06 11:30:00-05:00,117418.63109087439,0
2026-01-06 12:30:00-05:00,117418.63109087439,0
2026-01-06 13:30:00-05:00,117418.63109087439,0
2026-01-06 14:30:00-05:00,117418.63109087439,0
2026-01-06 15:30:00-05:00,117418.63109087439,0
2026-01-07 09:30:00-05:00,117418.63109087439,0
2026-01-07 10:30:00-05:00,117418.63109087439,0
2026-01-07 11:30:00-05:00,117418.63109087439,0
2026-01-07 12:30:00-05:00,117418.63109087439,0
2026-01-07 13:30:00-05:00,117418.63109087439,0
2026-01-07 14:30:00-05:00,117418.63109087439,0
2026-01-07 15:30:00-05:00,117418.63109087439,0
2026-01-08 09:30:00-05:00,117418.63109087439,0
2026-01-08 10:30:00-05:00,117418.63109087439,0
2026-01-08 11:30:00-05:00,117418.63109087439,0
2026-01-08 12:30:00-05:00,117418.63109087439,0
2026-01-08 13:30:00-05:00,117418.63109087439,0
2026-01-08 14:30:00-05:00,117418.63109087439,0
2026-01-08 15:30:00-05:00,117418.63109087439,0
2026-01-09 09:30:00-05:00,117418.63109087439,0
2026-01-09 10:30:00-05:00,118068.01902676615,1
2026-01-09 11:30:00-05:00,118476.44024154975,1
2026-01-09 12:30:00-05:00,118680.11418982423,1
2026-01-09 13:30:00-05:00,119129.76702584806,1
2026-01-09 14:30:00-05:00,119908.38852557534,1
2026-01-09 15:30:00-05:00,118882.0262760909,1
2026-01-12 09:30:00-05:00,119519.0777757117,1
2026-01-12 10:30:00-05:00,119519.0777757117,1
2026-01-12 11:30:00-05:00,120090.643362161,1
2026-01-12 12:30:00-05:00,120899.35152460402,1
2026-01-12 13:30:00-05:00,120802.02383713811,1
2026-01-12 14:30:00-05:00,120934.74402463064,1
2026-01-12 15:30:00-05:00,120191.52177535913,1
2026-01-13 09:30:00-05:00,122191.14739864436,1
2026-01-13 10:30:00-05:00,123429.85789785936,1
2026-01-13 11:30:00-05:00,124119.99477230551,1
2026-01-13 12:30:00-05:00,123208.65983551486,1
2026-01-13 13:30:00-05:00,123536.03539793921,1
2026-01-13 14:30:00-05:00,121942.88011541359,1
2026-01-13 15:30:00-05:00,122722.02814861447,1
2026-01-14 09:30:00-05:00,119887.86047053416,1
2026-01-14 10:30:00-05:00,119634.09833797635,1
2026-01-14 11:30:00-05:00,118563.50052628049,1
2026-01-14 12:30:00-05:00,118758.33141237019,1
2026-01-14 13:30:00-05:00,118988.20377617075,1
2026-01-14 14:30:00-05:00,119200.5520259013,1
2026-01-14 15:30:00-05:00,121536.40302422483,1
2026-01-15 09:30:00-05:00,131240.88755368785,0
2026-01-15 10:30:00-05:00,131240.88755368785,0
2026-01-15 11:30:00-05:00,131240.88755368785,0
2026-01-15 12:30:00-05:00,131240.88755368785,0
2026-01-15 13:30:00-05:00,131240.88755368785,0
2026-01-15 14:30:00-05:00,131240.88755368785,0
2026-01-15 15:30:00-05:00,131240.88755368785,0
2026-01-16 09:30:00-05:00,131240.88755368785,0
2026-01-16 10:30:00-05:00,131240.88755368785,0
2026-01-16 11:30:00-05:00,131240.88755368785,0
2026-01-16 12:30:00-05:00,131240.88755368785,0
2026-01-16 13:30:00-05:00,131240.88755368785,0
2026-01-16 14:30:00-05:00,131240.88755368785,0
2026-01-16 15:30:00-05:00,131240.88755368785,0
2026-01-20 09:30:00-05:00,131240.88755368785,0
2026-01-20 10:30:00-05:00,131240.88755368785,0
2026-01-20 11:30:00-05:00,131240.88755368785,0
2026-01-20 12:30:00-05:00,131240.88755368785,0
2026-01-20 13:30:00-05:00,131240.88755368785,0
2026-01-20 14:30:00-05:00,131240.88755368785,0
2026-01-20 15:30:00-05:00,131240.88755368785,0
2026-01-21 09:30:00-05:00,131240.88755368785,0
2026-01-21 10:30:00-05:00,131240.88755368785,0
2026-01-21 11:30:00-05:00,131240.88755368785,0
2026-01-21 12:30:00-05:00,131240.88755368785,0
2026-01-21 13:30:00-05:00,131240.88755368785,0
2026-01-21 14:30:00-05:00,131240.88755368785,0
2026-01-21 15:30:00-05:00,131240.88755368785,0
2026-01-22 09:30:00-05:00,131240.88755368785,0
2026-01-22 10:30:00-05:00,131240.88755368785,0
2026-01-22 11:30:00-05:00,131240.88755368785,0
2026-01-22 12:30:00-05:00,131240.88755368785,0
2026-01-22 13:30:00-05:00,131240.88755368785,0
2026-01-22 14:30:00-05:00,131240.88755368785,0
2026-01-22 15:30:00-05:00,131240.88755368785,0
2026-01-23 09:30:00-05:00,131240.88755368785,0
2026-01-23 10:30:00-05:00,129232.73178779933,1
2026-01-23 11:30:00-05:00,128360.04925145059,1
2026-01-23 12:30:00-05:00,127769.95210763218,1
2026-01-23 13:30:00-05:00,127304.51846245951,1
2026-01-23 14:30:00-05:00,126543.21508957526,1
2026-01-23 15:30:00-05:00,128559.5171902552,1
2026-01-26 09:30:00-05:00,126988.6936976046,1
2026-01-26 10:30:00-05:00,127337.76417575551,1
2026-01-26 11:30:00-05:00,127720.08036720245,1
2026-01-26 12:30:00-05:00,127861.8708297262,1
2026-01-26 13:30:00-05:00,128210.44671210427,1
2026-01-26 14:30:00-05:00,127287.89877629722,1
2026-01-26 15:30:00-05:00,127113.36353722177,1
2026-01-27 09:30:00-05:00,134410.62956995238,1
2026-01-27 10:30:00-05:00,135599.1432121275,1
2026-01-27 11:30:00-05:00,135508.21368157916,1
2026-01-27 12:30:00-05:00,135341.48417835485,1
2026-01-27 13:30:00-05:00,135399.66893235143,1
2026-01-27 14:30:00-05:00,135225.12735230452,1
2026-01-27 15:30:00-05:00,134261.0333715775,1
2026-01-28 09:30:00-05:00,140095.51338316948,1
2026-01-28 10:30:00-05:00,141483.48862317775,1
2026-01-28 11:30:00-05:00,141741.31252220803,1
2026-01-28 12:30:00-05:00,142397.7298863894,1
2026-01-28 13:30:00-05:00,141707.89560268295,1
2026-01-28 14:30:00-05:00,143168.3481463291,1
2026-01-28 15:30:00-05:00,142770.07172975037,1
2026-01-29 09:30:00-05:00,137269.69750369465,1
2026-01-29 10:30:00-05:00,136078.69820071236,1
2026-01-29 11:30:00-05:00,139556.61958378466,1
2026-01-29 12:30:00-05:00,140594.19274163817,1
2026-01-29 13:30:00-05:00,140760.41496714676,1
2026-01-29 14:30:00-05:00,139679.95147842655,1
2026-01-29 15:30:00-05:00,143370.14322165473,1
2026-01-30 09:30:00-05:00,136754.40480003512,1
2026-01-30 10:30:00-05:00,136270.01799120771,1
2026-01-30 11:30:00-05:00,135583.8487889976,1
2026-01-30 12:30:00-05:00,132149.97179359535,1
2026-01-30 13:30:00-05:00,132450.0075395475,1
2026-01-30 14:30:00-05:00,127071.8048103589,1
2026-01-30 15:30:00-05:00,126946.07341602985,0
2026-02-02 09:30:00-05:00,126946.07341602985,0
2026-02-02 10:30:00-05:00,126946.07341602985,0
2026-02-02 11:30:00-05:00,126946.07341602985,0
2026-02-02 12:30:00-05:00,126946.07341602985,0
2026-02-02 13:30:00-05:00,126946.07341602985,0
2026-02-02 14:30:00-05:00,126946.07341602985,0
2026-02-02 15:30:00-05:00,126946.07341602985,0
2026-02-03 09:30:00-05:00,126946.07341602985,0
2026-02-03 10:30:00-05:00,126946.07341602985,0
2026-02-03 11:30:00-05:00,126946.07341602985,0
2026-02-03 12:30:00-05:00,126946.07341602985,0
2026-02-03 13:30:00-05:00,126946.07341602985,0
2026-02-03 14:30:00-05:00,126946.07341602985,0
2026-02-03 15:30:00-05:00,126946.07341602985,0
2026-02-04 09:30:00-05:00,126946.07341602985,0
2026-02-04 10:30:00-05:00,126946.07341602985,0
2026-02-04 11:30:00-05:00,126946.07341602985,0
2026-02-04 12:30:00-05:00,126946.07341602985,0
2026-02-04 13:30:00-05:00,126946.07341602985,0
2026-02-04 14:30:00-05:00,126946.07341602985,0
2026-02-04 15:30:00-05:00,126946.07341602985,0
2026-02-05 09:30:00-05:00,126946.07341602985,0
2026-02-05 10:30:00-05:00,126946.07341602985,0
2026-02-05 11:30:00-05:00,126946.07341602985,0
2026-02-05 12:30:00-05:00,126946.07341602985,0
2026-02-05 13:30:00-05:00,126946.07341602985,0
2026-02-05 14:30:00-05:00,126946.07341602985,0
2026-02-05 15:30:00-05:00,126946.07341602985,0
2026-02-06 09:30:00-05:00,126946.07341602985,0
2026-02-06 10:30:00-05:00,126946.07341602985,0
2026-02-06 11:30:00-05:00,126946.07341602985,0
2026-02-06 12:30:00-05:00,126946.07341602985,0
2026-02-06 13:30:00-05:00,126946.07341602985,0
2026-02-06 14:30:00-05:00,126946.07341602985,0
2026-02-06 15:30:00-05:00,126946.07341602985,0
2026-02-09 09:30:00-05:00,126946.07341602985,0
2026-02-09 10:30:00-05:00,126946.07341602985,0
2026-02-09 11:30:00-05:00,126946.07341602985,0
2026-02-09 12:30:00-05:00,126946.07341602985,0
2026-02-09 13:30:00-05:00,126946.07341602985,0
2026-02-09 14:30:00-05:00,126946.07341602985,0
2026-02-09 15:30:00-05:00,126946.07341602985,0
2026-02-10 09:30:00-05:00,126946.07341602985,0
2026-02-10 10:30:00-05:00,126946.07341602985,0
2026-02-10 11:30:00-05:00,126946.07341602985,0
2026-02-10 12:30:00-05:00,126946.07341602985,0
2026-02-10 13:30:00-05:00,126946.07341602985,0
2026-02-10 14:30:00-05:00,126946.07341602985,0
2026-02-10 15:30:00-05:00,126946.07341602985,0
2026-02-11 09:30:00-05:00,126946.07341602985,0
2026-02-11 10:30:00-05:00,126946.07341602985,0
2026-02-11 11:30:00-05:00,126946.07341602985,0
2026-02-11 12:30:00-05:00,126946.07341602985,0
2026-02-11 13:30:00-05:00,126946.07341602985,0
2026-02-11 14:30:00-05:00,126946.07341602985,0
2026-02-11 15:30:00-05:00,126946.07341602985,0
2026-02-12 09:30:00-05:00,126946.07341602985,0
2026-02-12 10:30:00-05:00,126946.07341602985,0
2026-02-12 11:30:00-05:00,126946.07341602985,0
2026-02-12 12:30:00-05:00,126946.07341602985,0
2026-02-12 13:30:00-05:00,126946.07341602985,0
2026-02-12 14:30:00-05:00,126946.07341602985,0
2026-02-12 15:30:00-05:00,126946.07341602985,0
2026-02-13 09:30:00-05:00,126946.07341602985,0
2026-02-13 10:30:00-05:00,126946.07341602985,0
2026-02-13 11:30:00-05:00,126946.07341602985,0
2026-02-13 12:30:00-05:00,126946.07341602985,0
2026-02-13 13:30:00-05:00,126946.07341602985,0
2026-02-13 14:30:00-05:00,126946.07341602985,0
2026-02-13 15:30:00-05:00,126946.07341602985,0
2026-02-17 09:30:00-05:00,126946.07341602985,0
2026-02-17 10:30:00-05:00,126946.07341602985,0
2026-02-17 11:30:00-05:00,126946.07341602985,0
2026-02-17 12:30:00-05:00,126946.07341602985,0
2026-02-17 13:30:00-05:00,126946.07341602985,0
2026-02-17 14:30:00-05:00,126946.07341602985,0
2026-02-17 15:30:00-05:00,126946.07341602985,0
2026-02-18 09:30:00-05:00,126946.07341602985,0
2026-02-18 10:30:00-05:00,126946.07341602985,0
2026-02-18 11:30:00-05:00,126946.07341602985,0
2026-02-18 12:30:00-05:00,126946.07341602985,0
2026-02-18 13:30:00-05:00,126946.07341602985,0
2026-02-18 14:30:00-05:00,126946.07341602985,0
2026-02-18 15:30:00-05:00,126946.07341602985,0
2026-02-19 09:30:00-05:00,126946.07341602985,0
2026-02-19 10:30:00-05:00,126946.07341602985,0
2026-02-19 11:30:00-05:00,126946.07341602985,0
2026-02-19 12:30:00-05:00,126946.07341602985,0
2026-02-19 13:30:00-05:00,126946.07341602985,0
2026-02-19 14:30:00-05:00,126946.07341602985,0
2026-02-19 15:30:00-05:00,126946.07341602985,0
2026-02-20 09:30:00-05:00,126946.07341602985,0
2026-02-20 10:30:00-05:00,126946.07341602985,0
2026-02-20 11:30:00-05:00,126946.07341602985,0
2026-02-20 12:30:00-05:00,126946.07341602985,0
2026-02-20 13:30:00-05:00,126946.07341602985,0
2026-02-20 14:30:00-05:00,126946.07341602985,0
2026-02-20 15:30:00-05:00,126946.07341602985,0
2026-02-23 09:30:00-05:00,126946.07341602985,0
2026-02-23 10:30:00-05:00,126946.07341602985,0
2026-02-23 11:30:00-05:00,126946.07341602985,0
2026-02-23 12:30:00-05:00,126946.07341602985,0
2026-02-23 13:30:00-05:00,126946.07341602985,0
2026-02-23 14:30:00-05:00,126946.07341602985,0
2026-02-23 15:30:00-05:00,126946.07341602985,0
2026-02-24 09:30:00-05:00,126946.07341602985,0
2026-02-24 10:30:00-05:00,126946.07341602985,0
2026-02-24 11:30:00-05:00,126946.07341602985,0
2026-02-24 12:30:00-05:00,126946.07341602985,0
2026-02-24 13:30:00-05:00,126946.07341602985,0
2026-02-24 14:30:00-05:00,126946.07341602985,0
2026-02-24 15:30:00-05:00,126946.07341602985,0
2026-02-25 09:30:00-05:00,126946.07341602985,0
2026-02-25 10:30:00-05:00,126946.07341602985,0
2026-02-25 11:30:00-05:00,126946.07341602985,0
2026-02-25 12:30:00-05:00,126946.07341602985,0
2026-02-25 13:30:00-05:00,126946.07341602985,0
2026-02-25 14:30:00-05:00,126946.07341602985,0
2026-02-25 15:30:00-05:00,126946.07341602985,0
2026-02-26 09:30:00-05:00,126946.07341602985,0
2026-02-26 10:30:00-05:00,126946.07341602985,0
2026-02-26 11:30:00-05:00,126946.07341602985,0
2026-02-26 12:30:00-05:00,126946.07341602985,0
2026-02-26 13:30:00-05:00,126946.07341602985,0
2026-02-26 14:30:00-05:00,126946.07341602985,0
2026-02-26 15:30:00-05:00,126946.07341602985,0
2026-02-27 09:30:00-05:00,126946.07341602985,0
2026-02-27 10:30:00-05:00,126946.07341602985,0
2026-02-27 11:30:00-05:00,126946.07341602985,0
2026-02-27 12:30:00-05:00,126946.07341602985,0
2026-02-27 13:30:00-05:00,126946.07341602985,0
2026-02-27 14:30:00-05:00,126946.07341602985,0
2026-02-27 15:30:00-05:00,126946.07341602985,0
2026-03-02 09:30:00-05:00,126946.07341602985,0
2026-03-02 10:30:00-05:00,126946.07341602985,0
2026-03-02 11:30:00-05:00,126946.07341602985,0
2026-03-02 12:30:00-05:00,126946.07341602985,0
2026-03-02 13:30:00-05:00,126946.07341602985,0
2026-03-02 14:30:00-05:00,126946.07341602985,0
2026-03-02 15:30:00-05:00,126946.07341602985,0
2026-03-03 09:30:00-05:00,126946.07341602985,0
2026-03-03 10:30:00-05:00,126946.07341602985,0
2026-03-03 11:30:00-05:00,126946.07341602985,0
2026-03-03 12:30:00-05:00,126946.07341602985,0
2026-03-03 13:30:00-05:00,126946.07341602985,0
2026-03-03 14:30:00-05:00,126946.07341602985,0
2026-03-03 15:30:00-05:00,126946.07341602985,0
2026-03-04 09:30:00-05:00,126946.07341602985,0
2026-03-04 10:30:00-05:00,126946.07341602985,0
2026-03-04 11:30:00-05:00,126946.07341602985,0
2026-03-04 12:30:00-05:00,126946.07341602985,0
2026-03-04 13:30:00-05:00,126946.07341602985,0
2026-03-04 14:30:00-05:00,126946.07341602985,0
2026-03-04 15:30:00-05:00,126946.07341602985,0
2026-03-05 09:30:00-05:00,126946.07341602985,0
2026-03-05 10:30:00-05:00,126946.07341602985,0
2026-03-05 11:30:00-05:00,126946.07341602985,0
2026-03-05 12:30:00-05:00,126946.07341602985,0
2026-03-05 13:30:00-05:00,126946.07341602985,0
2026-03-05 14:30:00-05:00,126946.07341602985,0
2026-03-05 15:30:00-05:00,126946.07341602985,0
2026-03-06 09:30:00-05:00,126946.07341602985,0
2026-03-06 10:30:00-05:00,126946.07341602985,0
2026-03-06 11:30:00-05:00,126946.07341602985,0
2026-03-06 12:30:00-05:00,126946.07341602985,0
2026-03-06 13:30:00-05:00,126946.07341602985,0
2026-03-06 14:30:00-05:00,126946.07341602985,0
2026-03-06 15:30:00-05:00,126946.07341602985,0
2026-03-09 09:30:00-04:00,126946.07341602985,0
2026-03-09 10:30:00-04:00,126946.07341602985,0
2026-03-09 11:30:00-04:00,126946.07341602985,0
2026-03-09 12:30:00-04:00,126946.07341602985,0
2026-03-09 13:30:00-04:00,126946.07341602985,0
2026-03-09 14:30:00-04:00,126946.07341602985,0
2026-03-09 15:30:00-04:00,126946.07341602985,0
2026-03-10 09:30:00-04:00,126946.07341602985,0
2026-03-10 10:30:00-04:00,126946.07341602985,0
2026-03-10 11:30:00-04:00,126946.07341602985,0
2026-03-10 12:30:00-04:00,126946.07341602985,0
2026-03-10 13:30:00-04:00,126946.07341602985,0
2026-03-10 14:30:00-04:00,126946.07341602985,0
2026-03-10 15:30:00-04:00,126946.07341602985,0
2026-03-11 09:30:00-04:00,126946.07341602985,0
2026-03-11 10:30:00-04:00,126946.07341602985,0
2026-03-11 11:30:00-04:00,126946.07341602985,0
2026-03-11 12:30:00-04:00,126946.07341602985,0
2026-03-11 13:30:00-04:00,126946.07341602985,0
2026-03-11 14:30:00-04:00,126946.07341602985,0
2026-03-11 15:30:00-04:00,126946.07341602985,0
2026-03-12 09:30:00-04:00,126946.07341602985,0
2026-03-12 10:30:00-04:00,126946.07341602985,0
2026-03-12 11:30:00-04:00,126946.07341602985,0
2026-03-12 12:30:00-04:00,126946.07341602985,0
2026-03-12 13:30:00-04:00,126946.07341602985,0
2026-03-12 14:30:00-04:00,126946.07341602985,0
2026-03-12 15:30:00-04:00,126946.07341602985,0
2026-03-13 09:30:00-04:00,126946.07341602985,0
2026-03-13 10:30:00-04:00,126946.07341602985,0
2026-03-13 11:30:00-04:00,126946.07341602985,0
2026-03-13 12:30:00-04:00,126946.07341602985,0
2026-03-13 13:30:00-04:00,126946.07341602985,0
2026-03-13 14:30:00-04:00,126946.07341602985,0
2026-03-13 15:30:00-04:00,126946.07341602985,0
2026-03-16 09:30:00-04:00,126946.07341602985,0
2026-03-16 10:30:00-04:00,126946.07341602985,0
2026-03-16 11:30:00-04:00,126946.07341602985,0
2026-03-16 12:30:00-04:00,126946.07341602985,0
2026-03-16 13:30:00-04:00,126946.07341602985,0
2026-03-16 14:30:00-04:00,126946.07341602985,0
2026-03-16 15:30:00-04:00,126946.07341602985,0
2026-03-17 09:30:00-04:00,126946.07341602985,0
2026-03-17 10:30:00-04:00,126946.07341602985,0
2026-03-17 11:30:00-04:00,126946.07341602985,0
2026-03-17 12:30:00-04:00,126946.07341602985,0
2026-03-17 13:30:00-04:00,126946.07341602985,0
2026-03-17 14:30:00-04:00,126946.07341602985,0
2026-03-17 15:30:00-04:00,126946.07341602985,0
2026-03-18 09:30:00-04:00,126946.07341602985,0
2026-03-18 10:30:00-04:00,126946.07341602985,0
2026-03-18 11:30:00-04:00,126946.07341602985,0
2026-03-18 12:30:00-04:00,126946.07341602985,0
2026-03-18 13:30:00-04:00,126946.07341602985,0
2026-03-18 14:30:00-04:00,126946.07341602985,0
2026-03-18 15:30:00-04:00,126946.07341602985,0
2026-03-19 09:30:00-04:00,126946.07341602985,0
2026-03-19 10:30:00-04:00,126946.07341602985,0
2026-03-19 11:30:00-04:00,126946.07341602985,0
2026-03-19 12:30:00-04:00,126946.07341602985,0
2026-03-19 13:30:00-04:00,126946.07341602985,0
2026-03-19 14:30:00-04:00,126946.07341602985,0
2026-03-19 15:30:00-04:00,126946.07341602985,0
2026-03-20 09:30:00-04:00,126946.07341602985,0
2026-03-20 10:30:00-04:00,126946.07341602985,0
2026-03-20 11:30:00-04:00,126946.07341602985,0
2026-03-20 12:30:00-04:00,126946.07341602985,0
2026-03-20 13:30:00-04:00,126946.07341602985,0
2026-03-20 14:30:00-04:00,126946.07341602985,0
2026-03-20 15:30:00-04:00,126946.07341602985,0
2026-03-23 09:30:00-04:00,126946.07341602985,0
2026-03-23 10:30:00-04:00,126946.07341602985,0
2026-03-23 11:30:00-04:00,126946.07341602985,0
2026-03-23 12:30:00-04:00,126946.07341602985,0
2026-03-23 13:30:00-04:00,126946.07341602985,0
2026-03-23 14:30:00-04:00,126946.07341602985,0
2026-03-23 15:30:00-04:00,126946.07341602985,0
2026-03-24 09:30:00-04:00,126946.07341602985,0
2026-03-24 10:30:00-04:00,126946.07341602985,0
2026-03-24 11:30:00-04:00,126946.07341602985,0
2026-03-24 12:30:00-04:00,126946.07341602985,0
2026-03-24 13:30:00-04:00,126946.07341602985,0
2026-03-24 14:30:00-04:00,126946.07341602985,0
2026-03-24 15:30:00-04:00,126946.07341602985,0
2026-03-25 09:30:00-04:00,126946.07341602985,0
2026-03-25 10:30:00-04:00,126946.07341602985,0
2026-03-25 11:30:00-04:00,126946.07341602985,0
2026-03-25 12:30:00-04:00,126946.07341602985,0
2026-03-25 13:30:00-04:00,126946.07341602985,0
2026-03-25 14:30:00-04:00,126946.07341602985,0
2026-03-25 15:30:00-04:00,126946.07341602985,0
2026-03-26 09:30:00-04:00,126946.07341602985,0
2026-03-26 10:30:00-04:00,126946.07341602985,0
2026-03-26 11:30:00-04:00,126946.07341602985,0
2026-03-26 12:30:00-04:00,126946.07341602985,0
2026-03-26 13:30:00-04:00,126946.07341602985,0
2026-03-26 14:30:00-04:00,126946.07341602985,0
2026-03-26 15:30:00-04:00,126946.07341602985,0
2026-03-27 09:30:00-04:00,126946.07341602985,0
2026-03-27 10:30:00-04:00,126946.07341602985,0
2026-03-27 11:30:00-04:00,126946.07341602985,0
2026-03-27 12:30:00-04:00,126946.07341602985,0
2026-03-27 13:30:00-04:00,126946.07341602985,0
2026-03-27 14:30:00-04:00,126946.07341602985,0
2026-03-27 15:30:00-04:00,126946.07341602985,0
2026-03-30 09:30:00-04:00,126946.07341602985,0
2026-03-30 10:30:00-04:00,126946.07341602985,0
2026-03-30 11:30:00-04:00,126946.07341602985,0
2026-03-30 12:30:00-04:00,126946.07341602985,0
2026-03-30 13:30:00-04:00,126946.07341602985,0
2026-03-30 14:30:00-04:00,126946.07341602985,0
2026-03-30 15:30:00-04:00,126946.07341602985,0
2026-03-31 09:30:00-04:00,126946.07341602985,0
2026-03-31 10:30:00-04:00,126946.07341602985,0
2026-03-31 11:30:00-04:00,126946.07341602985,0
2026-03-31 12:30:00-04:00,126946.07341602985,0
2026-03-31 13:30:00-04:00,126946.07341602985,0
2026-03-31 14:30:00-04:00,126946.07341602985,0
2026-03-31 15:30:00-04:00,126946.07341602985,0
2026-04-01 09:30:00-04:00,126946.07341602985,0
2026-04-01 10:30:00-04:00,126946.07341602985,0
2026-04-01 11:30:00-04:00,126946.07341602985,0
2026-04-01 12:30:00-04:00,126946.07341602985,0
2026-04-01 13:30:00-04:00,126946.07341602985,0
2026-04-01 14:30:00-04:00,126946.07341602985,0
2026-04-01 15:30:00-04:00,126946.07341602985,0
2026-04-02 09:30:00-04:00,126946.07341602985,0
2026-04-02 10:30:00-04:00,126946.07341602985,0
2026-04-02 11:30:00-04:00,126946.07341602985,0
2026-04-02 12:30:00-04:00,126946.07341602985,0
2026-04-02 13:30:00-04:00,126946.07341602985,0
2026-04-02 14:30:00-04:00,126946.07341602985,0
2026-04-02 15:30:00-04:00,126946.07341602985,0
2026-04-06 09:30:00-04:00,126946.07341602985,0
2026-04-06 10:30:00-04:00,126946.07341602985,0
2026-04-06 11:30:00-04:00,126946.07341602985,0
2026-04-06 12:30:00-04:00,126946.07341602985,0
2026-04-06 13:30:00-04:00,126946.07341602985,0
2026-04-06 14:30:00-04:00,126946.07341602985,0
2026-04-06 15:30:00-04:00,126946.07341602985,0
2026-04-07 09:30:00-04:00,126946.07341602985,0
2026-04-07 10:30:00-04:00,126946.07341602985,0
2026-04-07 11:30:00-04:00,126946.07341602985,0
2026-04-07 12:30:00-04:00,126946.07341602985,0
2026-04-07 13:30:00-04:00,126946.07341602985,0
2026-04-07 14:30:00-04:00,126946.07341602985,0
2026-04-07 15:30:00-04:00,126946.07341602985,0
2026-04-08 09:30:00-04:00,126946.07341602985,0
2026-04-08 10:30:00-04:00,126946.07341602985,0
2026-04-08 11:30:00-04:00,126946.07341602985,0
2026-04-08 12:30:00-04:00,126946.07341602985,0
2026-04-08 13:30:00-04:00,126946.07341602985,0
2026-04-08 14:30:00-04:00,126946.07341602985,0
2026-04-08 15:30:00-04:00,126946.07341602985,0
2026-04-09 09:30:00-04:00,126946.07341602985,0
2026-04-09 10:30:00-04:00,126946.07341602985,0
2026-04-09 11:30:00-04:00,126946.07341602985,0
2026-04-09 12:30:00-04:00,126946.07341602985,0
2026-04-09 13:30:00-04:00,126946.07341602985,0
2026-04-09 14:30:00-04:00,126946.07341602985,0
2026-04-09 15:30:00-04:00,126946.07341602985,0
2026-04-10 09:30:00-04:00,126946.07341602985,0
2026-04-10 10:30:00-04:00,126946.07341602985,0
2026-04-10 11:30:00-04:00,126946.07341602985,0
2026-04-10 12:30:00-04:00,126946.07341602985,0
2026-04-10 13:30:00-04:00,126946.07341602985,0
2026-04-10 14:30:00-04:00,126946.07341602985,0
2026-04-10 15:30:00-04:00,126946.07341602985,0
2026-04-13 09:30:00-04:00,126946.07341602985,0
2026-04-13 10:30:00-04:00,126946.07341602985,0
2026-04-13 11:30:00-04:00,126946.07341602985,0
2026-04-13 12:30:00-04:00,126946.07341602985,0
2026-04-13 13:30:00-04:00,126946.07341602985,0
2026-04-13 14:30:00-04:00,126946.07341602985,0
2026-04-13 15:30:00-04:00,126946.07341602985,0
2026-04-14 09:30:00-04:00,126946.07341602985,0
2026-04-14 10:30:00-04:00,126946.07341602985,0
2026-04-14 11:30:00-04:00,126946.07341602985,0
2026-04-14 12:30:00-04:00,126946.07341602985,0
2026-04-14 13:30:00-04:00,126946.07341602985,0
2026-04-14 14:30:00-04:00,126946.07341602985,0
2026-04-14 15:30:00-04:00,126946.07341602985,0
2026-04-15 09:30:00-04:00,126946.07341602985,0
2026-04-15 10:30:00-04:00,126946.07341602985,0
2026-04-15 11:30:00-04:00,126946.07341602985,0
2026-04-15 12:30:00-04:00,126946.07341602985,0
2026-04-15 13:30:00-04:00,126946.07341602985,0
2026-04-15 14:30:00-04:00,126946.07341602985,0
2026-04-15 15:30:00-04:00,126946.07341602985,0
2026-04-16 09:30:00-04:00,126946.07341602985,0
2026-04-16 10:30:00-04:00,126946.07341602985,0
2026-04-16 11:30:00-04:00,126946.07341602985,0
2026-04-16 12:30:00-04:00,126946.07341602985,0
2026-04-16 13:30:00-04:00,126946.07341602985,0
2026-04-16 14:30:00-04:00,126946.07341602985,0
2026-04-16 15:30:00-04:00,126946.07341602985,0
2026-04-17 09:30:00-04:00,126946.07341602985,0
2026-04-17 10:30:00-04:00,128060.24366426731,1
2026-04-17 11:30:00-04:00,128695.32848212388,1
2026-04-17 12:30:00-04:00,127315.53613317576,1
2026-04-17 13:30:00-04:00,127917.87617868722,1
2026-04-17 14:30:00-04:00,127392.1968339327,1
2026-04-17 15:30:00-04:00,129122.54791432038,1
2026-04-20 09:30:00-04:00,128723.46943472873,1
2026-04-20 10:30:00-04:00,128804.95119535887,1
2026-04-20 11:30:00-04:00,128169.75775743583,1
2026-04-20 12:30:00-04:00,128246.41845819278,1
2026-04-20 13:30:00-04:00,129834.40205300038,1
2026-04-20 14:30:00-04:00,130194.92876438575,1
2026-04-20 15:30:00-04:00,130458.64157498961,1
2026-04-21 09:30:00-04:00,133891.95476823574,1
2026-04-21 10:30:00-04:00,132035.66289847367,1
2026-04-21 11:30:00-04:00,133087.01323259302,1
2026-04-21 12:30:00-04:00,131663.42193068925,1
2026-04-21 13:30:00-04:00,132659.90242046298,1
2026-04-21 14:30:00-04:00,134477.86811754137,1
2026-04-21 15:30:00-04:00,132802.27826143277,1
2026-04-22 09:30:00-04:00,137084.3402986669,1
2026-04-22 10:30:00-04:00,138340.62327665166,1
2026-04-22 11:30:00-04:00,138650.41606160701,1
2026-04-22 12:30:00-04:00,140282.2069647599,1
2026-04-22 13:30:00-04:00,140238.50827648104,1
2026-04-22 14:30:00-04:00,140933.818743499,1
2026-04-22 15:30:00-04:00,141114.52075715247,1
2026-04-23 09:30:00-04:00,149131.07436577813,1
2026-04-23 10:30:00-04:00,151970.16059693892,1
2026-04-23 11:30:00-04:00,152305.27856816066,1
2026-04-23 12:30:00-04:00,147586.90643470563,1
2026-04-23 13:30:00-04:00,147882.59532179963,1
2026-04-23 14:30:00-04:00,146009.76813576533,1
2026-04-23 15:30:00-04:00,148813.47764681664,1
2026-04-24 09:30:00-04:00,161955.3693563925,1
2026-04-24 10:30:00-04:00,163937.61037091853,1
2026-04-24 11:30:00-04:00,166828.81752320428,1
2026-04-24 12:30:00-04:00,165678.91536723997,1
2026-04-24 13:30:00-04:00,165455.826461495,1
2026-04-24 14:30:00-04:00,165437.97099364566,1
2026-04-24 15:30:00-04:00,165799.38337634227,1
2026-04-27 09:30:00-04:00,156183.89225697523,1
2026-04-27 10:30:00-04:00,156036.0436357334,1
2026-04-27 11:30:00-04:00,156676.8184739949,1
2026-04-27 12:30:00-04:00,156377.18584294917,1
2026-04-27 13:30:00-04:00,157903.28942142916,1
2026-04-27 14:30:00-04:00,159102.4883767903,1
2026-04-27 15:30:00-04:00,160498.8160420107,1
2026-04-28 09:30:00-04:00,145330.55014936402,1
2026-04-28 10:30:00-04:00,145189.05677123574,0
2026-04-28 11:30:00-04:00,145189.05677123574,0
2026-04-28 12:30:00-04:00,145189.05677123574,0
2026-04-28 13:30:00-04:00,145189.05677123574,0
2026-04-28 14:30:00-04:00,145189.05677123574,0
2026-04-28 15:30:00-04:00,145189.05677123574,0
2026-04-29 09:30:00-04:00,145189.05677123574,0
2026-04-29 10:30:00-04:00,145189.05677123574,0
2026-04-29 11:30:00-04:00,145189.05677123574,0
2026-04-29 12:30:00-04:00,145189.05677123574,0
2026-04-29 13:30:00-04:00,145189.05677123574,0
2026-04-29 14:30:00-04:00,145189.05677123574,0
2026-04-29 15:30:00-04:00,145189.05677123574,0
2026-04-30 09:30:00-04:00,145189.05677123574,0
2026-04-30 10:30:00-04:00,145189.05677123574,0
2026-04-30 11:30:00-04:00,145189.05677123574,0
2026-04-30 12:30:00-04:00,145189.05677123574,0
2026-04-30 13:30:00-04:00,145189.05677123574,0
2026-04-30 14:30:00-04:00,145189.05677123574,0
2026-04-30 15:30:00-04:00,145189.05677123574,0
2026-05-01 09:30:00-04:00,145189.05677123574,0
2026-05-01 10:30:00-04:00,145189.05677123574,0
2026-05-01 11:30:00-04:00,145189.05677123574,0
2026-05-01 12:30:00-04:00,145189.05677123574,0
2026-05-01 13:30:00-04:00,145189.05677123574,0
2026-05-01 14:30:00-04:00,145189.05677123574,0
2026-05-01 15:30:00-04:00,145189.05677123574,0
2026-05-04 09:30:00-04:00,145189.05677123574,0
2026-05-04 10:30:00-04:00,143160.550165281,1
2026-05-04 11:30:00-04:00,142132.9140080165,1
2026-05-04 12:30:00-04:00,143973.8008522805,1
2026-05-04 13:30:00-04:00,143245.450711531,1
2026-05-04 14:30:00-04:00,143240.98477370624,1
2026-05-04 15:30:00-04:00,143026.50384828166,1
2026-05-05 09:30:00-04:00,155859.72732631868,1
2026-05-05 10:30:00-04:00,157218.10879341632,1
2026-05-05 11:30:00-04:00,158567.57202131583,1
2026-05-05 12:30:00-04:00,160220.86902226333,1
2026-05-05 13:30:00-04:00,160077.89082961454,1
2026-05-05 14:30:00-04:00,157790.07610981708,1
2026-05-05 15:30:00-04:00,157973.26819756566,1
2026-05-06 09:30:00-04:00,163652.6047384109,1
2026-05-06 10:30:00-04:00,173804.79278485064,1
2026-05-06 11:30:00-04:00,172500.01620810136,1
2026-05-06 12:30:00-04:00,173277.51211960014,1
2026-05-06 13:30:00-04:00,173721.40588470304,1
2026-05-06 14:30:00-04:00,175985.35681459727,1
2026-05-06 15:30:00-04:00,177173.95082564623,1
2026-05-07 09:30:00-04:00,173161.34319035115,1
2026-05-07 10:30:00-04:00,171521.43718465226,1
2026-05-07 11:30:00-04:00,166118.07514669938,1
2026-05-07 12:30:00-04:00,162615.93443211162,1
2026-05-07 13:30:00-04:00,162763.38538081088,1
2026-05-07 14:30:00-04:00,162151.21780576167,1
2026-05-07 15:30:00-04:00,164921.62653965945,1
2026-05-08 09:30:00-04:00,178299.99443424598,1
2026-05-08 10:30:00-04:00,180427.56721395603,1
2026-05-08 11:30:00-04:00,182687.94539359043,1
2026-05-08 12:30:00-04:00,186682.60745887825,1
2026-05-08 13:30:00-04:00,185243.86638383794,1
2026-05-08 14:30:00-04:00,184868.52305978845,1
2026-05-08 15:30:00-04:00,187612.12253028632,1
2026-05-11 09:30:00-04:00,189658.28569529793,1
2026-05-11 10:30:00-04:00,195851.83918097807,1
2026-05-11 11:30:00-04:00,197380.0217405758,1
2026-05-11 12:30:00-04:00,198148.58577642502,1
2026-05-11 13:30:00-04:00,199078.01902912487,1
2026-05-11 14:30:00-04:00,196236.11438067706,1
2026-05-11 15:30:00-04:00,199194.1879583738,1
2026-05-12 09:30:00-04:00,180230.32958129293,1
2026-05-12 10:30:00-04:00,168701.88268000522,1
2026-05-12 11:30:00-04:00,168553.29566490557,0
2026-05-12 12:30:00-04:00,168553.29566490557,0
2026-05-12 13:30:00-04:00,168553.29566490557,0
2026-05-12 14:30:00-04:00,168553.29566490557,0
2026-05-12 15:30:00-04:00,168553.29566490557,0
2026-05-13 09:30:00-04:00,168553.29566490557,0
2026-05-13 10:30:00-04:00,168553.29566490557,0
2026-05-13 11:30:00-04:00,168553.29566490557,0
2026-05-13 12:30:00-04:00,168553.29566490557,0
2026-05-13 13:30:00-04:00,168553.29566490557,0
2026-05-13 14:30:00-04:00,168553.29566490557,0
2026-05-13 15:30:00-04:00,168553.29566490557,0
2026-05-14 09:30:00-04:00,168553.29566490557,0
2026-05-14 10:30:00-04:00,168553.29566490557,0
2026-05-14 11:30:00-04:00,168553.29566490557,0
2026-05-14 12:30:00-04:00,168553.29566490557,0
2026-05-14 13:30:00-04:00,168553.29566490557,0
2026-05-14 14:30:00-04:00,168553.29566490557,0
2026-05-14 15:30:00-04:00,168553.29566490557,0
2026-05-15 09:30:00-04:00,168553.29566490557,0
2026-05-15 10:30:00-04:00,168553.29566490557,0
2026-05-15 11:30:00-04:00,168553.29566490557,0
2026-05-15 12:30:00-04:00,168553.29566490557,0
2026-05-15 13:30:00-04:00,168553.29566490557,0
2026-05-15 14:30:00-04:00,168553.29566490557,0
2026-05-15 15:30:00-04:00,168553.29566490557,0
2026-05-18 09:30:00-04:00,168553.29566490557,0
2026-05-18 10:30:00-04:00,168553.29566490557,0
2026-05-18 11:30:00-04:00,168553.29566490557,0
2026-05-18 12:30:00-04:00,168553.29566490557,0
2026-05-18 13:30:00-04:00,168553.29566490557,0
2026-05-18 14:30:00-04:00,168553.29566490557,0
2026-05-18 15:30:00-04:00,168553.29566490557,0
2026-05-19 09:30:00-04:00,168553.29566490557,0
2026-05-19 10:30:00-04:00,168553.29566490557,0
2026-05-19 11:30:00-04:00,168553.29566490557,0
2026-05-19 12:30:00-04:00,168553.29566490557,0
2026-05-19 13:30:00-04:00,168553.29566490557,0
2026-05-19 14:30:00-04:00,168553.29566490557,0
2026-05-19 15:30:00-04:00,168553.29566490557,0
2026-05-20 09:30:00-04:00,168553.29566490557,0
2026-05-20 10:30:00-04:00,168553.29566490557,0
2026-05-20 11:30:00-04:00,168553.29566490557,0
2026-05-20 12:30:00-04:00,168553.29566490557,0
2026-05-20 13:30:00-04:00,168553.29566490557,0
2026-05-20 14:30:00-04:00,168553.29566490557,0
2026-05-20 15:30:00-04:00,168553.29566490557,0
2026-05-21 09:30:00-04:00,168553.29566490557,0
2026-05-21 10:30:00-04:00,168068.47668367153,1
2026-05-21 11:30:00-04:00,169059.79372804248,1
2026-05-21 12:30:00-04:00,172301.21414700823,1
2026-05-21 13:30:00-04:00,172981.76021279424,1
2026-05-21 14:30:00-04:00,172517.5665469023,1
2026-05-21 15:30:00-04:00,173934.91366382022,1
2026-05-22 09:30:00-04:00,182489.66906979735,1
2026-05-22 10:30:00-04:00,185321.9863324214,1
2026-05-22 11:30:00-04:00,185066.29385848154,1
2026-05-22 12:30:00-04:00,187048.90393741327,1
2026-05-22 13:30:00-04:00,185884.51217607007,1
2026-05-22 14:30:00-04:00,182816.17847898166,1
2026-05-22 15:30:00-04:00,183477.04850529222,1
2026-05-26 09:30:00-04:00,209302.22847131934,1
2026-05-26 10:30:00-04:00,206568.26739626232,1
2026-05-26 11:30:00-04:00,206910.50323114084,1
2026-05-26 12:30:00-04:00,207488.76750538885,1
2026-05-26 13:30:00-04:00,210150.35100753713,1
2026-05-26 14:30:00-04:00,211438.26123755804,1
2026-05-26 15:30:00-04:00,211320.3370546616,1
2026-05-27 09:30:00-04:00,196128.04560350432,1
2026-05-27 10:30:00-04:00,198708.59599615948,1
2026-05-27 11:30:00-04:00,202618.76165918802,1
2026-05-27 12:30:00-04:00,201636.0281219708,1
2026-05-27 13:30:00-04:00,203873.55035601015,1
2026-05-27 14:30:00-04:00,202595.16001574154,1
2026-05-27 15:30:00-04:00,205144.2335471981,1
2026-05-28 09:30:00-04:00,204074.24835964068,1
2026-05-28 10:30:00-04:00,212952.7640515319,1
2026-05-28 11:30:00-04:00,214258.77767845883,1
2026-05-28 12:30:00-04:00,213011.76816014803,1
2026-05-28 13:30:00-04:00,213334.3399604562,1
2026-05-28 14:30:00-04:00,211005.55643776985,1
2026-05-28 15:30:00-04:00,210470.55784153863,1
2026-05-29 09:30:00-04:00,213165.190847455,1
2026-05-29 10:30:00-04:00,210777.39121124745,1
2026-05-29 11:30:00-04:00,209809.68781522804,1
2026-05-29 12:30:00-04:00,208535.1510494998,1
2026-05-29 13:30:00-04:00,208723.96419707133,1
2026-05-29 14:30:00-04:00,207705.11990528292,1
2026-05-29 15:30:00-04:00,209990.63774995247,1
2026-06-01 09:30:00-04:00,207221.26220482067,1
2026-06-01 10:30:00-04:00,212799.1973053636,1
2026-06-01 11:30:00-04:00,212593.69733968907,1
2026-06-01 12:30:00-04:00,215206.8170399079,1
2026-06-01 13:30:00-04:00,215191.07860930858,1
2026-06-01 14:30:00-04:00,213019.6433779002,1
2026-06-01 15:30:00-04:00,212240.75312945235,1
2026-06-02 09:30:00-04:00,229309.3752346017,1
2026-06-02 10:30:00-04:00,237605.68904336877,1
2026-06-02 11:30:00-04:00,235645.5761566134,1
2026-06-02 12:30:00-04:00,235316.23358982312,1
2026-06-02 13:30:00-04:00,237904.6592002305,1
2026-06-02 14:30:00-04:00,239151.6567136362,1
2026-06-02 15:30:00-04:00,243278.17477655882,1
2026-06-03 09:30:00-04:00,256180.854710404,1
2026-06-03 10:30:00-04:00,252420.41422390853,1
2026-06-03 11:30:00-04:00,250028.53291996356,1
2026-06-03 12:30:00-04:00,252112.632466696,1
2026-06-03 13:30:00-04:00,257282.30475425493,1
2026-06-03 14:30:00-04:00,253199.22043802065,1
2026-06-03 15:30:00-04:00,254001.6282955792,1
2026-06-04 09:30:00-04:00,229218.8942647869,1
2026-06-04 10:30:00-04:00,229023.3860296551,0
2026-06-04 11:30:00-04:00,229023.3860296551,0
2026-06-04 12:30:00-04:00,229023.3860296551,0
2026-06-04 13:30:00-04:00,229023.3860296551,0
2026-06-04 14:30:00-04:00,229023.3860296551,0
2026-06-04 15:30:00-04:00,229023.3860296551,0
2026-06-05 09:30:00-04:00,229023.3860296551,0
2026-06-05 10:30:00-04:00,229023.3860296551,0
2026-06-05 11:30:00-04:00,229023.3860296551,0
2026-06-05 12:30:00-04:00,229023.3860296551,0
2026-06-05 13:30:00-04:00,229023.3860296551,0
2026-06-05 14:30:00-04:00,229023.3860296551,0
2026-06-05 15:30:00-04:00,229023.3860296551,0
2026-06-08 09:30:00-04:00,229023.3860296551,0
2026-06-08 10:30:00-04:00,229023.3860296551,0
2026-06-08 11:30:00-04:00,229023.3860296551,0
2026-06-08 12:30:00-04:00,229023.3860296551,0
2026-06-08 13:30:00-04:00,229023.3860296551,0
2026-06-08 14:30:00-04:00,229023.3860296551,0
2026-06-08 15:30:00-04:00,229023.3860296551,0
2026-06-09 09:30:00-04:00,229023.3860296551,0
2026-06-09 10:30:00-04:00,229023.3860296551,0
2026-06-09 11:30:00-04:00,229023.3860296551,0
2026-06-09 12:30:00-04:00,229023.3860296551,0
2026-06-09 13:30:00-04:00,229023.3860296551,0
2026-06-09 14:30:00-04:00,229023.3860296551,0
2026-06-09 15:30:00-04:00,229023.3860296551,0
2026-06-10 09:30:00-04:00,229023.3860296551,0
2026-06-10 10:30:00-04:00,229023.3860296551,0
2026-06-10 11:30:00-04:00,229023.3860296551,0
2026-06-10 12:30:00-04:00,229023.3860296551,0
2026-06-10 13:30:00-04:00,229023.3860296551,0
2026-06-10 14:30:00-04:00,229023.3860296551,0
2026-06-10 15:30:00-04:00,229023.3860296551,0
2026-06-11 09:30:00-04:00,229023.3860296551,0
2026-06-11 10:30:00-04:00,229023.3860296551,0
2026-06-11 11:30:00-04:00,229023.3860296551,0
2026-06-11 12:30:00-04:00,229023.3860296551,0
2026-06-11 13:30:00-04:00,229023.3860296551,0
2026-06-11 14:30:00-04:00,229023.3860296551,0
2026-06-11 15:30:00-04:00,229023.3860296551,0
2026-06-12 09:30:00-04:00,229023.3860296551,0
2026-06-12 10:30:00-04:00,229023.3860296551,0
2026-06-12 11:30:00-04:00,229023.3860296551,0
2026-06-12 12:30:00-04:00,229023.3860296551,0
2026-06-12 13:30:00-04:00,229023.3860296551,0
2026-06-12 14:30:00-04:00,229023.3860296551,0
2026-06-12 15:30:00-04:00,229023.3860296551,0
2026-06-15 09:30:00-04:00,229023.3860296551,0
2026-06-15 10:30:00-04:00,229868.64065510329,1
2026-06-15 11:30:00-04:00,231849.73965648888,1
2026-06-15 12:30:00-04:00,231843.02413757102,1
2026-06-15 13:30:00-04:00,232432.50443834448,1
2026-06-15 14:30:00-04:00,231938.9242581923,1
2026-06-15 15:30:00-04:00,232836.9627786523,1
2026-06-16 09:30:00-04:00,224185.61708040745,1
2026-06-16 10:30:00-04:00,213662.78596759972,1
2026-06-16 11:30:00-04:00,213601.07743037445,0
2026-06-16 12:30:00-04:00,213601.07743037445,0
2026-06-16 13:30:00-04:00,213601.07743037445,0
2026-06-16 14:30:00-04:00,213601.07743037445,0
2026-06-16 15:30:00-04:00,213601.07743037445,0
2026-06-17 09:30:00-04:00,213601.07743037445,0
2026-06-17 10:30:00-04:00,213601.07743037445,0
2026-06-17 11:30:00-04:00,213601.07743037445,0
2026-06-17 12:30:00-04:00,213601.07743037445,0
2026-06-17 13:30:00-04:00,213601.07743037445,0
2026-06-17 14:30:00-04:00,213601.07743037445,0
2026-06-17 15:30:00-04:00,213601.07743037445,0
2026-06-18 09:30:00-04:00,213601.07743037445,0
2026-06-18 10:30:00-04:00,213601.07743037445,0
2026-06-18 11:30:00-04:00,213601.07743037445,0
2026-06-18 12:30:00-04:00,213601.07743037445,0
2026-06-18 13:30:00-04:00,213601.07743037445,0
2026-06-18 14:30:00-04:00,213601.07743037445,0
2026-06-18 15:30:00-04:00,213601.07743037445,0
2026-06-22 09:30:00-04:00,213601.07743037445,0
2026-06-22 10:30:00-04:00,211532.6890690909,1
2026-06-22 11:30:00-04:00,211690.77773294397,1
2026-06-22 12:30:00-04:00,211829.54405899704,1
2026-06-22 13:30:00-04:00,212285.96189656662,1
2026-06-22 14:30:00-04:00,210503.2524744758,1
2026-06-22 15:30:00-04:00,215707.64781923886,1
2026-06-23 09:30:00-04:00,183920.54185870104,1
2026-06-23 10:30:00-04:00,183900.33164105186,0
2026-06-23 11:30:00-04:00,183900.33164105186,0
2026-06-23 12:30:00-04:00,183900.33164105186,0
2026-06-23 13:30:00-04:00,183900.33164105186,0
2026-06-23 14:30:00-04:00,183900.33164105186,0
2026-06-23 15:30:00-04:00,183900.33164105186,0
2026-06-24 09:30:00-04:00,183900.33164105186,0
2026-06-24 10:30:00-04:00,183900.33164105186,0
2026-06-24 11:30:00-04:00,183900.33164105186,0
2026-06-24 12:30:00-04:00,183900.33164105186,0
2026-06-24 13:30:00-04:00,183900.33164105186,0
2026-06-24 14:30:00-04:00,183900.33164105186,0
2026-06-24 15:30:00-04:00,183900.33164105186,0
2026-06-25 09:30:00-04:00,183900.33164105186,0
2026-06-25 10:30:00-04:00,183900.33164105186,0
2026-06-25 11:30:00-04:00,183900.33164105186,0
2026-06-25 12:30:00-04:00,183900.33164105186,0
2026-06-25 13:30:00-04:00,183900.33164105186,0
2026-06-25 14:30:00-04:00,183900.33164105186,0
2026-06-25 15:30:00-04:00,183900.33164105186,0
2026-06-26 09:30:00-04:00,183900.33164105186,0
2026-06-26 10:30:00-04:00,183900.33164105186,0
2026-06-26 11:30:00-04:00,183900.33164105186,0
2026-06-26 12:30:00-04:00,183900.33164105186,0
2026-06-26 13:30:00-04:00,183900.33164105186,0
2026-06-26 14:30:00-04:00,183900.33164105186,0
2026-06-26 15:30:00-04:00,183900.33164105186,0
2026-06-29 09:30:00-04:00,183900.33164105186,0
2026-06-29 10:30:00-04:00,183900.33164105186,0
2026-06-29 11:30:00-04:00,183900.33164105186,0
2026-06-29 12:30:00-04:00,183900.33164105186,0
2026-06-29 13:30:00-04:00,183900.33164105186,0
2026-06-29 14:30:00-04:00,183900.33164105186,0
2026-06-29 15:30:00-04:00,183900.33164105186,0
2026-06-30 09:30:00-04:00,183900.33164105186,0
2026-06-30 10:30:00-04:00,183900.33164105186,0
2026-06-30 11:30:00-04:00,183900.33164105186,0
2026-06-30 12:30:00-04:00,183900.33164105186,0
2026-06-30 13:30:00-04:00,184240.57900604713,1
2026-06-30 14:30:00-04:00,185929.30084146085,1
2026-06-30 15:30:00-04:00,184567.414767055,1
2026-07-01 09:30:00-04:00,168366.69851362525,1
2026-07-01 10:30:00-04:00,168130.01729587468,0
2026-07-01 11:30:00-04:00,168130.01729587468,0
2026-07-01 12:30:00-04:00,168130.01729587468,0
2026-07-01 13:30:00-04:00,168130.01729587468,0
2026-07-01 14:30:00-04:00,168130.01729587468,0
2026-07-01 15:30:00-04:00,168130.01729587468,0
2026-07-02 09:30:00-04:00,168130.01729587468,0
2026-07-02 10:30:00-04:00,168130.01729587468,0
2026-07-02 11:30:00-04:00,168130.01729587468,0
2026-07-02 12:30:00-04:00,168130.01729587468,0
2026-07-02 13:30:00-04:00,168130.01729587468,0
2026-07-02 14:30:00-04:00,168130.01729587468,0
2026-07-02 15:30:00-04:00,168130.01729587468,0
2026-07-06 09:30:00-04:00,168130.01729587468,0
2026-07-06 10:30:00-04:00,168130.01729587468,0
2026-07-06 11:30:00-04:00,168130.01729587468,0
2026-07-06 12:30:00-04:00,168130.01729587468,0
2026-07-06 13:30:00-04:00,168130.01729587468,0
2026-07-06 14:30:00-04:00,168130.01729587468,0
2026-07-06 15:30:00-04:00,168130.01729587468,0
2026-07-07 09:30:00-04:00,168130.01729587468,0
2026-07-07 10:30:00-04:00,168130.01729587468,0
2026-07-07 11:30:00-04:00,168130.01729587468,0
2026-07-07 12:30:00-04:00,168130.01729587468,0
2026-07-07 13:30:00-04:00,168130.01729587468,0
2026-07-07 14:30:00-04:00,168130.01729587468,0
2026-07-07 15:30:00-04:00,168130.01729587468,0
2026-07-08 09:30:00-04:00,168130.01729587468,0
2026-07-08 10:30:00-04:00,168130.01729587468,0
2026-07-08 11:30:00-04:00,168130.01729587468,0
2026-07-08 12:30:00-04:00,168130.01729587468,0
2026-07-08 13:30:00-04:00,168130.01729587468,0
2026-07-08 14:30:00-04:00,168130.01729587468,0
2026-07-08 15:30:00-04:00,168130.01729587468,0
2026-07-09 09:30:00-04:00,168130.01729587468,0
2026-07-09 10:30:00-04:00,168130.01729587468,0
2026-07-09 11:30:00-04:00,168130.01729587468,0
2026-07-09 12:30:00-04:00,168130.01729587468,0
2026-07-09 13:30:00-04:00,168130.01729587468,0
2026-07-09 14:30:00-04:00,168130.01729587468,0
2026-07-09 15:30:00-04:00,168130.01729587468,0
2026-07-10 09:30:00-04:00,168130.01729587468,0
2026-07-10 10:30:00-04:00,168130.01729587468,0
2026-07-10 11:30:00-04:00,168130.01729587468,0
2026-07-10 12:30:00-04:00,168130.01729587468,0
2026-07-10 13:30:00-04:00,168130.01729587468,0
2026-07-10 14:30:00-04:00,168130.01729587468,0
2026-07-10 15:30:00-04:00,168130.01729587468,0
2026-07-13 09:30:00-04:00,168130.01729587468,0
2026-07-13 10:30:00-04:00,168130.01729587468,0
2026-07-13 11:30:00-04:00,168130.01729587468,0
2026-07-13 12:30:00-04:00,168130.01729587468,0
2026-07-13 13:30:00-04:00,168130.01729587468,0
2026-07-13 14:30:00-04:00,168130.01729587468,0
2026-07-13 15:30:00-04:00,168130.01729587468,0
2026-07-14 09:30:00-04:00,168130.01729587468,0
2026-07-14 10:30:00-04:00,168130.01729587468,0
2026-07-14 11:30:00-04:00,168130.01729587468,0
2026-07-14 12:30:00-04:00,168130.01729587468,0
2026-07-14 13:30:00-04:00,168130.01729587468,0
2026-07-14 14:30:00-04:00,168130.01729587468,0
2026-07-14 15:30:00-04:00,168130.01729587468,0
2026-07-15 09:30:00-04:00,168130.01729587468,0
2026-07-15 10:30:00-04:00,168130.01729587468,0
2026-07-15 11:30:00-04:00,168130.01729587468,0
2026-07-15 12:30:00-04:00,168130.01729587468,0
2026-07-15 13:30:00-04:00,168130.01729587468,0
2026-07-15 14:30:00-04:00,168130.01729587468,0
2026-07-15 15:30:00-04:00,168130.01729587468,0
2026-07-16 09:30:00-04:00,168130.01729587468,0
2026-07-16 10:30:00-04:00,168130.01729587468,0
2026-07-16 11:30:00-04:00,168130.01729587468,0
2026-07-16 12:30:00-04:00,168130.01729587468,0
2026-07-16 13:30:00-04:00,168130.01729587468,0
2026-07-16 14:30:00-04:00,168130.01729587468,0
2026-07-16 15:30:00-04:00,168130.01729587468,0
2026-07-17 09:30:00-04:00,168130.01729587468,0
2026-07-17 10:30:00-04:00,168130.01729587468,0
2026-07-17 11:30:00-04:00,168130.01729587468,0
2026-07-17 12:30:00-04:00,168130.01729587468,0
2026-07-17 13:30:00-04:00,168130.01729587468,0
2026-07-17 14:30:00-04:00,168130.01729587468,0
2026-07-17 15:30:00-04:00,168130.01729587468,0
2026-07-20 09:30:00-04:00,168130.01729587468,0
2026-07-20 10:30:00-04:00,168130.01729587468,0
2026-07-20 11:30:00-04:00,168130.01729587468,0
2026-07-20 12:30:00-04:00,168130.01729587468,0
2026-07-20 13:30:00-04:00,168130.01729587468,0
2026-07-20 14:30:00-04:00,168130.01729587468,0
2026-07-20 15:30:00-04:00,168130.01729587468,0
2026-07-21 09:30:00-04:00,168130.01729587468,0
2026-07-21 10:30:00-04:00,168130.01729587468,0
2026-07-21 11:30:00-04:00,168130.01729587468,0
2026-07-21 12:30:00-04:00,168130.01729587468,0
2026-07-21 13:30:00-04:00,168130.01729587468,0
2026-07-21 14:30:00-04:00,168130.01729587468,0
2026-07-21 15:30:00-04:00,168130.01729587468,0
2026-07-22 09:30:00-04:00,168130.01729587468,0
2026-07-22 10:30:00-04:00,168130.01729587468,0
2026-07-22 11:30:00-04:00,168130.01729587468,0
2026-07-22 12:30:00-04:00,168130.01729587468,0
2026-07-22 13:30:00-04:00,168130.01729587468,0
2026-07-22 14:30:00-04:00,168130.01729587468,0
2026-07-22 15:30:00-04:00,168130.01729587468,0
2026-07-23 09:30:00-04:00,168130.01729587468,0
2026-07-23 10:30:00-04:00,168130.01729587468,0
2026-07-23 11:30:00-04:00,168130.01729587468,0
2026-07-23 12:30:00-04:00,168130.01729587468,0
2026-07-23 13:30:00-04:00,168130.01729587468,0
2026-07-23 14:30:00-04:00,168130.01729587468,0
2026-07-23 15:30:00-04:00,168130.01729587468,0
2026-07-24 09:30:00-04:00,168130.01729587468,0
2026-07-24 10:30:00-04:00,168130.01729587468,0
2026-07-24 11:30:00-04:00,168130.01729587468,0
2026-07-24 12:30:00-04:00,168130.01729587468,0
2026-07-24 13:30:00-04:00,168130.01729587468,0
2026-07-24 14:30:00-04:00,168130.01729587468,0
2026-07-24 15:30:00-04:00,168130.01729587468,0
2026-07-27 09:30:00-04:00,168130.01729587468,0
2026-07-27 10:30:00-04:00,168130.01729587468,0
2026-07-27 11:30:00-04:00,168130.01729587468,0
2026-07-27 12:30:00-04:00,168130.01729587468,0
2026-07-27 13:30:00-04:00,168130.01729587468,0
2026-07-27 14:30:00-04:00,168130.01729587468,0
2026-07-27 15:30:00-04:00,168130.01729587468,0
2026-07-28 09:30:00-04:00,168130.01729587468,0
2026-07-28 10:30:00-04:00,168130.01729587468,0
2026-07-28 11:30:00-04:00,168130.01729587468,0
2026-07-28 12:30:00-04:00,168130.01729587468,0
2026-07-28 13:30:00-04:00,168130.01729587468,0
2026-07-28 14:30:00-04:00,168130.01729587468,0
2026-07-28 15:30:00-04:00,168130.01729587468,0
2026-07-29 09:30:00-04:00,168130.01729587468,0
2026-07-29 10:30:00-04:00,168130.01729587468,0
2026-07-29 11:30:00-04:00,168130.01729587468,0
2026-07-29 12:30:00-04:00,168130.01729587468,0
2026-07-29 13:30:00-04:00,168130.01729587468,0
2026-07-29 14:30:00-04:00,168130.01729587468,0
2026-07-29 15:30:00-04:00,168130.01729587468,0
2026-07-30 09:30:00-04:00,168130.01729587468,0
2026-07-30 10:30:00-04:00,168130.01729587468,0
2026-07-30 11:30:00-04:00,168130.01729587468,0
2026-07-30 12:30:00-04:00,168130.01729587468,0
2026-07-30 13:30:00-04:00,168130.01729587468,0
2026-07-30 14:30:00-04:00,168130.01729587468,0
2026-07-30 15:30:00-04:00,168130.01729587468,0
2026-07-31 09:30:00-04:00,168130.01729587468,0
2026-07-31 10:30:00-04:00,168130.01729587468,0
2026-07-31 11:30:00-04:00,168130.01729587468,0
2026-07-31 12:30:00-04:00,168130.01729587468,0
2026-07-31 13:30:00-04:00,168130.01729587468,0
2026-07-31 14:30:00-04:00,168130.01729587468,0
2026-07-31 15:30:00-04:00,168130.01729587468,0
2026-08-03 09:30:00-04:00,168130.01729587468,0
2026-08-03 10:30:00-04:00,168130.01729587468,0
2026-08-03 11:30:00-04:00,168130.01729587468,0
2026-08-03 12:30:00-04:00,168130.01729587468,0
2026-08-03 13:30:00-04:00,168130.01729587468,0
2026-08-03 14:30:00-04:00,168130.01729587468,0
2026-08-03 15:30:00-04:00,168130.01729587468,0
2026-08-04 09:30:00-04:00,168130.01729587468,0
2026-08-04 10:30:00-04:00,168130.01729587468,0
2026-08-04 11:30:00-04:00,168130.01729587468,0
2026-08-04 12:30:00-04:00,168130.01729587468,0
2026-08-04 13:30:00-04:00,168130.01729587468,0
2026-08-04 14:30:00-04:00,168130.01729587468,0
2026-08-04 15:30:00-04:00,168130.01729587468,0
2026-08-05 09:30:00-04:00,168130.01729587468,0
2026-08-05 10:30:00-04:00,168130.01729587468,0
2026-08-05 11:30:00-04:00,168130.01729587468,0
2026-08-05 12:30:00-04:00,168130.01729587468,0
2026-08-05 13:30:00-04:00,168130.01729587468,0
2026-08-05 14:30:00-04:00,168130.01729587468,0
2026-08-05 15:30:00-04:00,168130.01729587468,0
2026-08-06 09:30:00-04:00,168130.01729587468,0
2026-08-06 10:30:00-04:00,168130.01729587468,0
2026-08-06 11:30:00-04:00,168130.01729587468,0
2026-08-06 12:30:00-04:00,168130.01729587468,0
2026-08-06 13:30:00-04:00,168130.01729587468,0
2026-08-06 14:30:00-04:00,168130.01729587468,0
2026-08-06 15:30:00-04:00,168130.01729587468,0
2026-08-07 09:30:00-04:00,168130.01729587468,0
2026-08-07 10:30:00-04:00,168130.01729587468,0
2026-08-07 11:30:00-04:00,168130.01729587468,0
2026-08-07 12:30:00-04:00,168130.01729587468,0
2026-08-07 13:30:00-04:00,168130.01729587468,0
2026-08-07 14:30:00-04:00,168130.01729587468,0
2026-08-07 15:30:00-04:00,168130.01729587468,0
2026-08-10 09:30:00-04:00,168130.01729587468,0
2026-08-10 10:30:00-04:00,168130.01729587468,0
2026-08-10 11:30:00-04:00,168130.01729587468,0
2026-08-10 12:30:00-04:00,168130.01729587468,0
2026-08-10 13:30:00-04:00,168130.01729587468,0
2026-08-10 14:30:00-04:00,168130.01729587468,0
2026-08-10 15:30:00-04:00,168130.01729587468,0
2026-08-11 09:30:00-04:00,168130.01729587468,0
2026-08-11 10:30:00-04:00,168130.01729587468,0
2026-08-11 11:30:00-04:00,168130.01729587468,0
2026-08-11 12:30:00-04:00,168130.01729587468,0
2026-08-11 13:30:00-04:00,168130.01729587468,0
2026-08-11 14:30:00-04:00,168130.01729587468,0
2026-08-11 15:30:00-04:00,168130.01729587468,0
2026-08-12 09:30:00-04:00,168130.01729587468,0
2026-08-12 10:30:00-04:00,168130.01729587468,0
2026-08-12 11:30:00-04:00,168130.01729587468,0
2026-08-12 12:30:00-04:00,168130.01729587468,0
2026-08-12 13:30:00-04:00,168130.01729587468,0
2026-08-12 14:30:00-04:00,168130.01729587468,0
2026-08-12 15:30:00-04:00,168130.01729587468,0
2026-08-13 09:30:00-04:00,168130.01729587468,0
2026-08-13 10:30:00-04:00,168130.01729587468,0
2026-08-13 11:30:00-04:00,168130.01729587468,0
2026-08-13 12:30:00-04:00,168130.01729587468,0
2026-08-13 13:30:00-04:00,168130.01729587468,0
2026-08-13 14:30:00-04:00,168130.01729587468,0
2026-08-13 15:30:00-04:00,168130.01729587468,0
2026-08-14 09:30:00-04:00,168130.01729587468,0
2026-08-14 10:30:00-04:00,168130.01729587468,0
2026-08-14 11:30:00-04:00,168130.01729587468,0
2026-08-14 12:30:00-04:00,168130.01729587468,0
2026-08-14 13:30:00-04:00,168130.01729587468,0
2026-08-14 14:30:00-04:00,168130.01729587468,0
2026-08-14 15:30:00-04:00,168130.01729587468,0
2026-08-17 09:30:00-04:00,168130.01729587468,0
2026-08-17 10:30:00-04:00,168130.01729587468,0
2026-08-17 11:30:00-04:00,168130.01729587468,0
2026-08-17 12:30:00-04:00,168130.01729587468,0
2026-08-17 13:30:00-04:00,168130.01729587468,0
2026-08-17 14:30:00-04:00,168130.01729587468,0
2026-08-17 15:30:00-04:00,168130.01729587468,0
2026-08-18 09:30:00-04:00,168130.01729587468,0
2026-08-18 10:30:00-04:00,168130.01729587468,0
2026-08-18 11:30:00-04:00,168130.01729587468,0
2026-08-18 12:30:00-04:00,168130.01729587468,0
2026-08-18 13:30:00-04:00,168130.01729587468,0
2026-08-18 14:30:00-04:00,168130.01729587468,0
2026-08-18 15:30:00-04:00,168130.01729587468,0
2026-08-19 09:30:00-04:00,168130.01729587468,0
2026-08-19 10:30:00-04:00,168130.01729587468,0
2026-08-19 11:30:00-04:00,168130.01729587468,0
2026-08-19 12:30:00-04:00,168130.01729587468,0
2026-08-19 13:30:00-04:00,168130.01729587468,0
2026-08-19 14:30:00-04:00,168130.01729587468,0
2026-08-19 15:30:00-04:00,168130.01729587468,0
2026-08-20 09:30:00-04:00,168130.01729587468,0
2026-08-20 10:30:00-04:00,168130.01729587468,0
2026-08-20 11:30:00-04:00,168130.01729587468,0
2026-08-20 12:30:00-04:00,168130.01729587468,0
2026-08-20 13:30:00-04:00,168130.01729587468,0
2026-08-20 14:30:00-04:00,168130.01729587468,0
2026-08-20 15:30:00-04:00,168130.01729587468,0
2026-08-21 09:30:00-04:00,168130.01729587468,0
2026-08-21 10:30:00-04:00,168130.01729587468,0
2026-08-21 11:30:00-04:00,168130.01729587468,0
2026-08-21 12:30:00-04:00,168130.01729587468,0
2026-08-21 13:30:00-04:00,168130.01729587468,0
2026-08-21 14:30:00-04:00,168130.01729587468,0
2026-08-21 15:30:00-04:00,168130.01729587468,0
2026-08-24 09:30:00-04:00,168130.01729587468,0
2026-08-24 10:30:00-04:00,168130.01729587468,0
2026-08-24 11:30:00-04:00,168130.01729587468,0
2026-08-24 12:30:00-04:00,168130.01729587468,0
2026-08-24 13:30:00-04:00,168130.01729587468,0
2026-08-24 14:30:00-04:00,168130.01729587468,0
2026-08-24 15:30:00-04:00,168130.01729587468,0
2026-08-25 09:30:00-04:00,168130.01729587468,0
2026-08-25 10:30:00-04:00,168130.01729587468,0
2026-08-25 11:30:00-04:00,168130.01729587468,0
2026-08-25 12:30:00-04:00,168130.01729587468,0
2026-08-25 13:30:00-04:00,168130.01729587468,0
2026-08-25 14:30:00-04:00,168130.01729587468,0
2026-08-25 15:30:00-04:00,168130.01729587468,0
2026-08-26 09:30:00-04:00,168130.01729587468,0
2026-08-26 10:30:00-04:00,168130.01729587468,0
2026-08-26 11:30:00-04:00,168130.01729587468,0
2026-08-26 12:30:00-04:00,168130.01729587468,0
2026-08-26 13:30:00-04:00,168130.01729587468,0
2026-08-26 14:30:00-04:00,168130.01729587468,0
2026-08-26 15:30:00-04:00,168130.01729587468,0
2026-08-27 09:30:00-04:00,168130.01729587468,0
2026-08-27 10:30:00-04:00,168130.01729587468,0
2026-08-27 11:30:00-04:00,168130.01729587468,0
2026-08-27 12:30:00-04:00,168130.01729587468,0
2026-08-27 13:30:00-04:00,168130.01729587468,0
2026-08-27 14:30:00-04:00,168130.01729587468,0
2026-08-27 15:30:00-04:00,168130.01729587468,0
2026-08-28 09:30:00-04:00,168130.01729587468,0
2026-08-28 10:30:00-04:00,168130.01729587468,0
2026-08-28 11:30:00-04:00,168130.01729587468,0
2026-08-28 12:30:00-04:00,168130.01729587468,0
2026-08-28 13:30:00-04:00,168130.01729587468,0
2026-08-28 14:30:00-04:00,168130.01729587468,0
2026-08-28 15:30:00-04:00,168130.01729587468,0
2026-08-31 09:30:00-04:00,168130.01729587468,0
2026-08-31 10:30:00-04:00,168130.01729587468,0
2026-08-31 11:30:00-04:00,168130.01729587468,0
2026-08-31 12:30:00-04:00,168130.01729587468,0
2026-08-31 13:30:00-04:00,168130.01729587468,0
2026-08-31 14:30:00-04:00,168130.01729587468,0
2026-08-31 15:30:00-04:00,168130.01729587468,0
2026-09-01 09:30:00-04:00,168130.01729587468,0
2026-09-01 10:30:00-04:00,168130.01729587468,0
2026-09-01 11:30:00-04:00,168130.01729587468,0
2026-09-01 12:30:00-04:00,168130.01729587468,0
2026-09-01 13:30:00-04:00,168130.01729587468,0
2026-09-01 14:30:00-04:00,168130.01729587468,0
2026-09-01 15:30:00-04:00,168130.01729587468,0
2026-09-02 09:30:00-04:00,168130.01729587468,0
2026-09-02 10:30:00-04:00,168130.01729587468,0
2026-09-02 11:30:00-04:00,168130.01729587468,0
2026-09-02 12:30:00-04:00,168130.01729587468,0
2026-09-02 13:30:00-04:00,168130.01729587468,0
2026-09-02 14:30:00-04:00,168130.01729587468,0
2026-09-02 15:30:00-04:00,168130.01729587468,0
2026-09-03 09:30:00-04:00,168130.01729587468,0
2026-09-03 10:30:00-04:00,168130.01729587468,0
2026-09-03 11:30:00-04:00,168130.01729587468,0
2026-09-03 12:30:00-04:00,168130.01729587468,0
2026-09-03 13:30:00-04:00,168130.01729587468,0
2026-09-03 14:30:00-04:00,168130.01729587468,0
2026-09-03 15:30:00-04:00,168130.01729587468,0
2026-09-04 09:30:00-04:00,168130.01729587468,0
2026-09-04 10:30:00-04:00,168130.01729587468,0
2026-09-04 11:30:00-04:00,168130.01729587468,0
2026-09-04 12:30:00-04:00,168130.01729587468,0
2026-09-04 13:30:00-04:00,168130.01729587468,0
2026-09-04 14:30:00-04:00,168130.01729587468,0
2026-09-04 15:30:00-04:00,168130.01729587468,0
2026-09-08 09:30:00-04:00,168130.01729587468,0
2026-09-08 10:30:00-04:00,168130.01729587468,0
2026-09-08 11:30:00-04:00,168130.01729587468,0
2026-09-08 12:30:00-04:00,168130.01729587468,0
2026-09-08 13:30:00-04:00,168130.01729587468,0
2026-09-08 14:30:00-04:00,168130.01729587468,0
2026-09-08 15:30:00-04:00,168130.01729587468,0
2026-09-09 09:30:00-04:00,168130.01729587468,0
2026-09-09 10:30:00-04:00,168130.01729587468,0
2026-09-09 11:30:00-04:00,168130.01729587468,0
2026-09-09 12:30:00-04:00,168130.01729587468,0
2026-09-09 13:30:00-04:00,168130.01729587468,0
2026-09-09 14:30:00-04:00,168130.01729587468,0
2026-09-09 15:30:00-04:00,168130.01729587468,0
2026-09-10 09:30:00-04:00,168130.01729587468,0
2026-09-10 10:30:00-04:00,168130.01729587468,0
2026-09-10 11:30:00-04:00,168130.01729587468,0
2026-09-10 12:30:00-04:00,168130.01729587468,0
2026-09-10 13:30:00-04:00,168130.01729587468,0
2026-09-10 14:30:00-04:00,168130.01729587468,0
2026-09-10 15:30:00-04:00,168130.01729587468,0
2026-09-11 09:30:00-04:00,168130.01729587468,0
2026-09-11 10:30:00-04:00,168130.01729587468,0
2026-09-11 11:30:00-04:00,168130.01729587468,0
2026-09-11 12:30:00-04:00,168130.01729587468,0
2026-09-11 13:30:00-04:00,168130.01729587468,0
2026-09-11 14:30:00-04:00,168130.01729587468,0
2026-09-11 15:30:00-04:00,168130.01729587468,0
2026-09-14 09:30:00-04:00,168130.01729587468,0
2026-09-14 10:30:00-04:00,168130.01729587468,0
2026-09-14 11:30:00-04:00,168130.01729587468,0
2026-09-14 12:30:00-04:00,168130.01729587468,0
2026-09-14 13:30:00-04:00,168130.01729587468,0
2026-09-14 14:30:00-04:00,168130.01729587468,0
2026-09-14 15:30:00-04:00,168130.01729587468,0
2026-09-15 09:30:00-04:00,168130.01729587468,0
2026-09-15 10:30:00-04:00,168130.01729587468,0
2026-09-15 11:30:00-04:00,168130.01729587468,0
2026-09-15 12:30:00-04:00,168130.01729587468,0
2026-09-15 13:30:00-04:00,168130.01729587468,0
2026-09-15 14:30:00-04:00,168130.01729587468,0
2026-09-15 15:30:00-04:00,168130.01729587468,0
2026-09-16 09:30:00-04:00,168130.01729587468,0
2026-09-16 10:30:00-04:00,168130.01729587468,0
2026-09-16 11:30:00-04:00,168130.01729587468,0
2026-09-16 12:30:00-04:00,168130.01729587468,0
2026-09-16 13:30:00-04:00,168130.01729587468,0
2026-09-16 14:30:00-04:00,168130.01729587468,0
2026-09-16 15:30:00-04:00,168130.01729587468,0
2026-09-17 09:30:00-04:00,168130.01729587468,0
2026-09-17 10:30:00-04:00,168130.01729587468,0
2026-09-17 11:30:00-04:00,168130.01729587468,0
2026-09-17 12:30:00-04:00,168130.01729587468,0
2026-09-17 13:30:00-04:00,168130.01729587468,0
2026-09-17 14:30:00-04:00,168130.01729587468,0
2026-09-17 15:30:00-04:00,168130.01729587468,0
2026-09-18 09:30:00-04:00,168130.01729587468,0
2026-09-18 10:30:00-04:00,168130.01729587468,0
2026-09-18 11:30:00-04:00,168130.01729587468,0
2026-09-18 12:30:00-04:00,168130.01729587468,0
2026-09-18 13:30:00-04:00,168130.01729587468,0
2026-09-18 14:30:00-04:00,168130.01729587468,0
2026-09-18 15:30:00-04:00,168130.01729587468,0
