Datetime,qqq_close,qqq_high,qqq_low,qqq_open,qqq_volume,soxl_close,soxl_high,soxl_low,soxl_open,soxl_volume,soxs_close,soxs_high,soxs_low,soxs_open,soxs_volume
2026-05-01 09:30:00-04:00,674.864990234375,675.760009765625,668.7999877929688,669.1599731445312,11736144,127.8499984741211,129.6999969482422,121.66000366210938,124.38999938964844,16982425,132.4029998779297,138.8990020751953,130.5,136.09999084472656,50010890
2026-05-01 10:30:00-04:00,674.7000122070312,674.9000244140625,672.010009765625,674.9000244140625,5947353,128.11300659179688,128.6699981689453,125.01000213623047,127.87000274658203,7166206,132.1020050048828,135.39999389648438,131.5,132.39999389648438,20540982
2026-05-01 11:30:00-04:00,674.010009765625,675.969970703125,673.6300048828125,674.7100219726562,5923565,128.16990661621094,129.10000610351562,126.68000030517578,128.1199951171875,3522850,132.1999969482422,133.6999969482422,131.09999084472656,132.14999389648438,12303040
2026-05-01 12:30:00-04:00,675.25,675.2849731445312,673.3300170898438,673.969970703125,2609537,129.26010131835938,129.5,127.97000122070312,128.1300048828125,2285177,131.0,132.29998779296875,130.6999969482422,132.13999938964844,7190023
2026-05-01 13:30:00-04:00,674.8701171875,675.52001953125,674.0700073242188,675.25,2386830,129.97000122070312,130.0,129.00999450683594,129.2899932861328,2719130,130.25,131.3000030517578,130.10000610351562,130.9499969482422,7655205
2026-05-01 14:30:00-04:00,675.5499877929688,675.6400146484375,673.090087890625,674.8370971679688,3581744,131.1199951171875,131.3800048828125,128.52000427246094,129.89999389648438,3471718,129.0,131.6999969482422,128.6999969482422,130.3000030517578,14384399
2026-05-01 15:30:00-04:00,674.1599731445312,675.6599731445312,673.8400268554688,675.5504760742188,3780084,130.3300018310547,131.25999450683594,130.09500122070312,131.10000610351562,3360859,129.79998779296875,130.10000610351562,128.90000915527344,129.0,8649219
2026-05-04 09:30:00-04:00,675.030029296875,676.0599975585938,673.5599975585938,674.6400146484375,7095777,129.83999633789062,133.6699981689453,129.75,132.19500732421875,18195682,130.37100219726562,130.5,126.5,128.0,55634728
2026-05-04 10:30:00-04:00,672.7849731445312,676.72998046875,671.2000122070312,675.030029296875,6183587,127.69999694824219,131.94000244140625,125.81999969482422,129.83999633789062,7341940,132.5,134.35000610351562,128.1999969482422,130.38600158691406,21999657
2026-05-04 11:30:00-04:00,671.27001953125,672.969970703125,668.9000244140625,672.780029296875,5638528,126.55010223388672,128.08999633789062,123.80000305175781,127.77989959716797,6877318,133.59999084472656,136.38600158691406,132.0,132.39999389648438,24084689
2026-05-04 12:30:00-04:00,673.222412109375,673.4500122070312,670.6699829101562,671.2849731445312,3690852,128.61000061035156,128.8800048828125,125.6083984375,126.58989715576172,3548466,131.5500030517578,134.5500030517578,131.1999969482422,133.6999969482422,11932503
2026-05-04 13:30:00-04:00,672.6400756835938,673.7899169921875,671.719970703125,673.239990234375,2462925,127.79499816894531,128.74000549316406,126.75,128.58999633789062,1890117,132.31399536132812,133.3990020751953,131.40000915527344,131.5500030517578,5715966
2026-05-04 14:30:00-04:00,672.8300170898438,673.0800170898438,671.3900146484375,672.6400146484375,3623621,127.79000091552734,128.5800018310547,126.48999786376953,127.83999633789062,2062657,132.4010009765625,133.6999969482422,131.5,132.34999084472656,7135538
2026-05-04 15:30:00-04:00,672.8800048828125,673.1950073242188,672.0700073242188,672.8350219726562,3082755,127.55000305175781,129.0,127.16999816894531,127.72000122070312,4793127,132.70001220703125,133.0,131.1999969482422,132.39999389648438,6138142
2026-05-05 09:30:00-04:00,681.1199951171875,681.4600219726562,677.510009765625,677.9500122070312,9677563,141.91000366210938,142.4499969482422,134.02000427246094,135.0,18768351,117.70099639892578,125.8499984741211,117.0999984741211,125.0,71579263
2026-05-05 10:30:00-04:00,681.3400268554688,681.6099853515625,680.030029296875,681.1300048828125,5598326,143.42999267578125,144.10000610351562,140.42999267578125,141.88999938964844,5987598,116.19999694824219,119.30000305175781,115.5,117.77299499511719,27675090
2026-05-05 11:30:00-04:00,681.0250244140625,681.9400024414062,680.4199829101562,681.4000244140625,3360488,144.94000244140625,146.80870056152344,143.1999969482422,143.4149932861328,5309952,114.50699615478516,116.4000015258789,112.60000610351562,116.11000061035156,25034188
2026-05-05 12:30:00-04:00,681.7449951171875,681.760009765625,680.47998046875,681.030029296875,3916546,146.7899932861328,146.88999938964844,143.5,144.9600067138672,3805324,112.60000610351562,116.0,112.5,114.55000305175781,21075997
2026-05-05 13:30:00-04:00,682.5399780273438,682.719970703125,681.52001953125,681.75,3399108,146.6300048828125,147.25999450683594,146.0800018310547,146.8000030517578,2351414,112.75,113.30000305175781,112.10099792480469,112.51000213623047,11790251
2026-05-05 14:30:00-04:00,682.2750244140625,682.7733764648438,681.9550170898438,682.530029296875,4044988,144.07000732421875,147.25,143.82009887695312,146.64999389648438,3308435,115.3499984741211,115.69999694824219,112.0999984741211,112.70099639892578,17627876
2026-05-05 15:30:00-04:00,681.510009765625,682.3499145507812,680.8682861328125,682.260009765625,3392307,144.27499389648438,144.64999389648438,142.6300048828125,144.05999755859375,5440031,115.05000305175781,116.80000305175781,114.70000457763672,115.4000015258789,15093831
2026-05-06 09:30:00-04:00,688.4199829101562,690.52001953125,686.47998046875,687.8099975585938,11599127,150.6300048828125,162.25,149.06170654296875,157.83999633789062,33644971,110.10000610351562,111.4000015258789,100.80000305175781,104.30000305175781,160241446
2026-05-06 10:30:00-04:00,692.2899780273438,692.4000244140625,688.4400024414062,688.4400024414062,4970751,161.99000549316406,162.1999969482422,150.4499969482422,150.7100067138672,9784161,101.09900665283203,110.29999542236328,100.9000015258789,110.1500015258789,42339777
2026-05-06 11:30:00-04:00,692.1900024414062,692.8499755859375,691.1500244140625,692.2899780273438,3183941,160.52999877929688,162.19000244140625,159.75,162.0,3993389,102.10099792480469,102.80699920654297,100.9000015258789,101.04999542236328,27584631
2026-05-06 12:30:00-04:00,692.4199829101562,692.6282958984375,690.7435302734375,692.2249755859375,2480982,161.39999389648438,161.70750427246094,159.35000610351562,160.55999755859375,2766819,101.5009994506836,103.14999389648438,101.30000305175781,102.19900512695312,14915591
2026-05-06 13:30:00-04:00,693.6400146484375,693.760009765625,692.3699951171875,692.4099731445312,2776136,161.89669799804688,162.72000122070312,160.85470581054688,161.3800048828125,2966130,101.14999389648438,102.0,100.5,101.54999542236328,20808968
2026-05-06 14:30:00-04:00,695.0501098632812,695.2122802734375,693.4199829101562,693.6337890625,3871511,164.42999267578125,164.82000732421875,161.3699951171875,161.92999267578125,3445320,99.04999542236328,101.5,98.80000305175781,101.0999984741211,25549736
2026-05-06 15:30:00-04:00,695.5900268554688,695.9299926757812,694.4199829101562,695.0499877929688,6268228,165.75999450683594,166.0,162.88009643554688,164.41000366210938,4647777,98.0,100.29999542236328,98.0,99.0999984741211,20482358
2026-05-07 09:30:00-04:00,699.52001953125,700.0800170898438,695.5399780273438,696.5900268554688,9316092,161.27000427246094,162.82000732421875,152.5800018310547,162.11500549316406,26201385,100.78900146484375,105.9000015258789,99.89999389648438,100.20000457763672,96435906
2026-05-07 10:30:00-04:00,699.0499877929688,701.22998046875,698.3499755859375,699.5399780273438,4372529,159.43499755859375,162.89999389648438,157.94000244140625,161.33990478515625,7594038,101.75,102.60000610351562,99.70000457763672,100.70099639892578,32937893
2026-05-07 11:30:00-04:00,696.3150024414062,700.0999755859375,693.7899780273438,699.157470703125,5499518,153.3887939453125,160.89999389648438,150.07000732421875,159.5,9702023,105.39500427246094,107.29999542236328,100.9000015258789,101.69999694824219,47708276
2026-05-07 12:30:00-04:00,693.0750122070312,697.1599731445312,691.780029296875,696.3099975585938,5346537,149.47000122070312,155.13999938964844,147.61000061035156,153.3300018310547,8887586,107.67200469970703,108.80000305175781,104.30000305175781,105.3499984741211,36581997
2026-05-07 13:30:00-04:00,694.2000122070312,695.780029296875,692.6489868164062,693.0900268554688,4820078,149.63499450683594,153.7198944091797,148.8699951171875,149.49000549316406,6262449,107.55000305175781,108.05000305175781,105.20000457763672,107.6500015258789,23919958
2026-05-07 14:30:00-04:00,693.1500244140625,695.0800170898438,692.4849853515625,694.2000122070312,4942343,148.9499969482422,151.23989868164062,148.10009765625,149.58999633789062,4285180,107.98999786376953,108.5,106.5999984741211,107.55000305175781,21975635
2026-05-07 15:30:00-04:00,694.9199829101562,695.5499877929688,693.0800170898438,693.1900024414062,6056313,152.0500030517578,154.2698974609375,148.91000366210938,149.00999450683594,6085101,106.19999694824219,107.9990005493164,104.8499984741211,107.9000015258789,18045239
2026-05-08 09:30:00-04:00,705.469970703125,706.7791137695312,699.530029296875,699.9199829101562,10065318,167.02000427246094,169.4499969482422,161.50999450683594,163.0,17505014,95.69999694824219,99.70000457763672,94.0,98.5999984741211,107619422
2026-05-08 10:30:00-04:00,707.1901245117188,707.27001953125,704.5700073242188,705.47998046875,5661846,169.40069580078125,170.0,166.1999969482422,167.0800018310547,5368848,94.07099914550781,96.4000015258789,93.69999694824219,95.69999694824219,38909266
2026-05-08 11:30:00-04:00,708.614990234375,708.6799926757812,706.510009765625,707.22998046875,5516874,171.92999267578125,171.9499969482422,168.5800018310547,169.3300018310547,3995370,92.2969970703125,94.70000457763672,92.20000457763672,94.04999542236328,29882207
2026-05-08 12:30:00-04:00,710.2000122070312,710.4600219726562,707.510009765625,708.614990234375,4830794,176.39990234375,176.85000610351562,170.44000244140625,171.86000061035156,6120863,89.1500015258789,93.30000305175781,88.80000305175781,92.29999542236328,51756330
2026-05-08 13:30:00-04:00,709.7476196289062,710.4998779296875,708.97998046875,710.2100219726562,3840069,174.7899932861328,176.5800018310547,173.8000030517578,176.33999633789062,3349700,90.29999542236328,91.0,89.0,89.1500015258789,25461324
2026-05-08 14:30:00-04:00,709.125,710.1900024414062,708.5460205078125,709.72998046875,4305647,174.3699951171875,177.10000610351562,173.72999572753906,174.77999877929688,3443201,90.59600067138672,91.04999542236328,88.69999694824219,90.29999542236328,24126156
2026-05-08 15:30:00-04:00,711.1099853515625,711.1300048828125,708.989990234375,709.1400146484375,7425589,177.44000244140625,177.5,174.18569946289062,174.375,4633372,88.4000015258789,90.69999694824219,88.4000015258789,90.60000610351562,22634085
2026-05-11 09:30:00-04:00,709.8300170898438,713.5,709.6099853515625,710.3599853515625,9738057,179.72959899902344,189.38999938964844,179.1201934814453,181.0,24277359,87.3740005493164,87.60000610351562,82.5,86.5,126000826
2026-05-11 10:30:00-04:00,713.27001953125,713.3099975585938,708.9099731445312,709.8599853515625,5284678,186.66000366210938,187.0,178.94000244140625,179.75999450683594,7246308,83.85000610351562,87.70000457763672,83.69999694824219,87.29999542236328,43221027
2026-05-11 11:30:00-04:00,714.1900024414062,714.5900268554688,712.7750244140625,713.280029296875,3275624,188.3699951171875,189.9499969482422,185.75999450683594,186.63999938964844,4047635,83.0,84.30000305175781,82.20000457763672,83.85000610351562,32896402
2026-05-11 12:30:00-04:00,713.5499877929688,714.5,711.9110107421875,714.1900024414062,3127820,189.22999572753906,189.35000610351562,185.1999969482422,188.4199981689453,3442458,82.60000610351562,84.5999984741211,82.5,82.9990005493164,22915162
2026-05-11 13:30:00-04:00,714.3690795898438,714.4600219726562,713.510009765625,713.510009765625,3002271,190.27000427246094,190.61000061035156,188.25999450683594,189.1699981689453,2801442,82.05000305175781,83.0,81.89999389648438,82.55000305175781,18063492
2026-05-11 14:30:00-04:00,712.1630859375,714.35009765625,711.9299926757812,714.35009765625,4300533,187.08999633789062,191.28990173339844,186.8101043701172,190.3000030517578,3744583,83.60099792480469,83.80000305175781,81.5,82.05000305175781,30195319
2026-05-11 15:30:00-04:00,713.3499755859375,713.3900146484375,711.8699951171875,712.1400146484375,3558826,190.39999389648438,190.72000122070312,186.35809326171875,187.07000732421875,3354632,82.0,84.0,81.80000305175781,83.64999389648438,16284706
2026-05-12 09:30:00-04:00,705.0401000976562,710.1799926757812,704.9400024414062,708.1749877929688,9752964,169.17999267578125,182.23989868164062,169.0800018310547,177.6199951171875,25484210,91.14999389648438,91.30000305175781,85.5,87.44999694824219,169311844
2026-05-12 10:30:00-04:00,699.93359375,706.010009765625,699.47998046875,705.0499877929688,8128800,156.27999877929688,170.75599670410156,155.88999938964844,169.19000244140625,17215218,96.69999694824219,96.89999389648438,90.4000015258789,91.14999389648438,114067629
2026-05-12 11:30:00-04:00,699.0549926757812,701.6209106445312,698.3800048828125,699.97998046875,5474988,154.3699951171875,161.48789978027344,153.6800994873047,156.27000427246094,11278630,97.49299621582031,97.9000015258789,94.39999389648438,96.69999694824219,76233795
2026-05-12 12:30:00-04:00,700.2349853515625,701.2899780273438,696.6599731445312,699.0399780273438,5697721,159.03990173339844,160.97000122070312,150.5800018310547,154.3719024658203,12306571,95.5,99.0999984741211,94.5999984741211,97.49299621582031,63233065
2026-05-12 13:30:00-04:00,702.75,703.02001953125,699.9600219726562,700.25,3932217,164.22999572753906,164.89999389648438,157.80999755859375,158.99000549316406,7054450,93.20099639892578,96.0,92.9000015258789,95.5,37048956
2026-05-12 14:30:00-04:00,704.0791015625,704.5,701.6900024414062,702.75,3967409,165.72500610351562,166.97000122070312,160.6999969482422,164.24000549316406,7367139,92.60000610351562,94.79999542236328,92.0,93.19999694824219,28490546
2026-05-12 15:30:00-04:00,707.2000122070312,707.5499877929688,704.0800170898438,704.0800170898438,5429606,172.5449981689453,172.74879455566406,165.7563934326172,165.75999450683594,7861717,89.70000457763672,92.60000610351562,89.5,92.55000305175781,20412143
2026-05-13 09:30:00-04:00,708.7899780273438,709.9500122070312,704.8300170898438,709.8200073242188,10840453,179.1199951171875,184.85000610351562,172.25999450683594,183.8350067138672,28256559,86.19999694824219,89.79999542236328,83.19999694824219,83.80000305175781,178430222
2026-05-13 10:30:00-04:00,710.5700073242188,711.530029296875,708.3599853515625,708.780029296875,4917682,181.47999572753906,184.3000030517578,178.91000366210938,179.11000061035156,7576002,85.05000305175781,86.30000305175781,83.5,86.25,46881954
2026-05-13 11:30:00-04:00,713.60009765625,713.77001953125,709.9500122070312,710.5599975585938,4027543,184.9530029296875,185.0,178.9499969482422,181.48989868164062,5703403,83.25,86.39900207519531,83.19999694824219,85.05000305175781,34746308
2026-05-13 12:30:00-04:00,714.8049926757812,715.02001953125,713.030029296875,713.5900268554688,3463812,186.61000061035156,186.77999877929688,183.67999267578125,184.94000244140625,4449562,82.3499984741211,84.0,82.20000457763672,83.20099639892578,27754951
2026-05-13 13:30:00-04:00,716.280029296875,716.6500244140625,713.6749877929688,714.7899780273438,3466860,187.80099487304688,188.48800659179688,185.2100067138672,186.60499572753906,2898349,81.75,83.10000610351562,81.4000015258789,82.39899444580078,21447575
2026-05-13 14:30:00-04:00,715.6799926757812,716.4149780273438,714.27001953125,716.2750244140625,4279344,186.1501007080078,188.14999389648438,184.0200958251953,187.8800048828125,3402267,82.60000610351562,83.69999694824219,81.5,81.79900360107422,20024548
2026-05-13 15:30:00-04:00,714.47998046875,716.0499877929688,713.8599853515625,715.6900024414062,5126093,184.38499450683594,186.39990234375,182.6699981689453,186.14500427246094,4789740,83.4949951171875,84.39999389648438,82.4010009765625,82.60000610351562,18526645
2026-05-14 09:30:00-04:00,718.1900024414062,719.6900024414062,714.219970703125,714.6199951171875,8915657,185.5,189.42999267578125,178.27749633789062,182.6699981689453,18037468,83.05000305175781,86.30000305175781,81.19999694824219,84.30000305175781,111976086
2026-05-14 10:30:00-04:00,721.375,721.8099975585938,717.8800048828125,718.1699829101562,5244807,188.24000549316406,189.55999755859375,184.64999389648438,185.60000610351562,5095182,81.75,83.39900207519531,81.19999694824219,83.0,34905878
2026-05-14 11:30:00-04:00,720.6799926757812,722.030029296875,720.4199829101562,721.4099731445312,3189857,186.80999755859375,188.9199981689453,186.50999450683594,188.27999877929688,2773295,82.39899444580078,82.60000610351562,81.5,81.80000305175781,18510755
2026-05-14 12:30:00-04:00,718.7899780273438,721.3599853515625,717.5599975585938,720.739990234375,4228518,183.1894073486328,188.80999755859375,181.25,186.83999633789062,5461795,84.02099609375,84.89999389648438,81.5,82.39999389648438,25609845
2026-05-14 13:30:00-04:00,719.4299926757812,721.3300170898438,718.5700073242188,718.8099975585938,3643345,186.0,187.8596954345703,182.7100067138672,183.1999969482422,4330166,82.73500061035156,84.29800415039062,81.94999694824219,84.09700012207031,24468505
2026-05-14 14:30:00-04:00,720.02001953125,720.9000244140625,719.0,719.469970703125,2324130,187.49009704589844,188.8800048828125,185.11000061035156,185.97000122070312,2664338,82.18000793457031,83.19999694824219,81.5,82.75,16444203
2026-05-14 15:30:00-04:00,719.7150268554688,720.9000244140625,719.5599975585938,720.02001953125,3100181,186.10499572753906,189.5,186.00999450683594,187.5399932861328,3123295,82.75,82.79999542236328,81.19999694824219,82.0999984741211,14309009
2026-05-15 09:30:00-04:00,710.4349975585938,712.6599731445312,705.5499877929688,710.10498046875,14735801,168.16000366210938,172.1999969482422,161.14019775390625,167.0,30063070,90.8499984741211,93.9000015258789,88.9000015258789,91.30000305175781,227473606
2026-05-15 10:30:00-04:00,711.4201049804688,712.0999755859375,709.239990234375,710.4600219726562,5014213,169.17999267578125,169.6699981689453,165.0,168.1300048828125,6862420,90.29999542236328,92.29999542236328,90.10000610351562,90.8499984741211,44523093
2026-05-15 11:30:00-04:00,711.3900146484375,712.5800170898438,708.5399780273438,711.4500122070312,6394329,168.7899932861328,171.39999389648438,166.27999877929688,169.22999572753906,4984552,90.5,91.69999694824219,89.30000305175781,90.29999542236328,34424981
2026-05-15 12:30:00-04:00,713.469970703125,713.72998046875,710.1500244140625,711.4299926757812,3758325,170.97000122070312,171.3000030517578,167.61500549316406,168.8699951171875,3084762,89.41399383544922,91.0999984741211,89.30000305175781,90.4010009765625,17797403
2026-05-15 13:30:00-04:00,712.6599731445312,715.119873046875,712.469970703125,713.4500122070312,5731783,171.02000427246094,174.39999389648438,170.63150024414062,170.91000366210938,4635325,89.5009994506836,89.60200500488281,88.0,89.5,24545666
2026-05-15 14:30:00-04:00,710.4000244140625,713.2000122070312,710.239990234375,712.6599731445312,4495491,168.2050018310547,172.23500061035156,167.70010375976562,171.02999877929688,3524913,90.8499984741211,91.0,88.9000015258789,89.5,21525274
2026-05-15 15:30:00-04:00,708.8800048828125,711.5800170898438,708.3800048828125,710.3900146484375,5566289,164.22999572753906,169.99000549316406,164.13999938964844,168.14999389648438,6158689,92.5,92.60000610351562,89.94999694824219,90.80000305175781,20200712
2026-05-18 09:30:00-04:00,707.1005859375,712.0700073242188,706.52001953125,711.5399780273438,11755565,153.35000610351562,174.61000061035156,152.7550048828125,172.9499969482422,25672786,98.64999389648438,99.0,86.80000305175781,87.70000457763672,165783341
2026-05-18 10:30:00-04:00,702.3400268554688,707.5999755859375,702.2960815429688,707.1099853515625,7959088,150.6300048828125,156.44000244140625,148.4550018310547,153.3800048828125,15172271,100.20000457763672,101.5,96.89999389648438,98.64999389648438,84278694
2026-05-18 11:30:00-04:00,700.4400024414062,705.1599731445312,700.0,702.385009765625,7091464,146.67999267578125,154.86000061035156,146.0500030517578,150.60000610351562,5648846,102.44999694824219,102.79999542236328,97.79999542236328,100.29999542236328,36235097
2026-05-18 12:30:00-04:00,703.60302734375,704.4550170898438,699.619873046875,700.4500122070312,4770641,148.96499633789062,151.843994140625,145.5500030517578,146.5301055908203,5866882,101.10099792480469,103.10000610351562,99.5,102.5,31908036
2026-05-18 13:30:00-04:00,700.760009765625,704.0800170898438,699.3400268554688,703.6199951171875,4402811,144.8101043701172,149.72999572753906,143.13999938964844,148.9980926513672,5247716,103.45000457763672,104.39999389648438,100.69999694824219,101.10099792480469,24545264
2026-05-18 14:30:00-04:00,701.4674072265625,705.0399780273438,698.8699951171875,700.77001953125,6321550,145.418701171875,150.99989318847656,142.69000244140625,144.86000061035156,7872307,103.14999389648438,104.70000457763672,99.89999389648438,103.45000457763672,40769651
2026-05-18 15:30:00-04:00,705.7000122070312,706.1599731445312,701.27001953125,701.489990234375,4663746,151.6649932861328,152.77999877929688,144.92999267578125,145.41000366210938,7377117,99.6500015258789,103.3499984741211,99.0,103.14999389648438,20591539
2026-05-19 09:30:00-04:00,696.4299926757812,705.1300048828125,695.27001953125,699.8099975585938,13532625,138.3350067138672,155.7100067138672,135.02000427246094,142.58999633789062,34740428,108.4000015258789,110.69999694824219,97.0,105.64999389648438,248224351
2026-05-19 10:30:00-04:00,697.9000244140625,700.02001953125,695.5800170898438,696.4400024414062,6421364,144.47149658203125,145.77999877929688,137.22479248046875,138.39500427246094,13786301,104.39900207519531,109.18899536132812,103.5,108.38600158691406,85488914
2026-05-19 11:30:00-04:00,701.2449951171875,701.5599975585938,697.5701293945312,697.8499755859375,4850305,152.57000732421875,152.77999877929688,144.14999389648438,144.4199981689453,7964696,99.0989990234375,104.5,98.9000015258789,104.3280029296875,49913900
2026-05-19 12:30:00-04:00,705.4450073242188,706.489990234375,701.0599975585938,701.1900024414062,5498292,158.47000122070312,160.60000610351562,152.27999877929688,152.5500030517578,9986569,95.05000305175781,99.19999694824219,93.69999694824219,99.0999984741211,52715595
2026-05-19 13:30:00-04:00,704.010009765625,706.3300170898438,703.655029296875,705.4400024414062,4052934,156.0399932861328,159.66000366210938,155.1699981689453,158.41000366210938,5851241,96.80000305175781,97.29999542236328,94.3010025024414,95.10000610351562,39181023
2026-05-19 14:30:00-04:00,702.8699951171875,704.89501953125,701.6199951171875,703.9901123046875,4200388,154.50900268554688,157.94000244140625,152.75999450683594,156.02000427246094,5059544,97.79999542236328,98.87399291992188,95.4990005493164,96.69999694824219,34134448
2026-05-19 15:30:00-04:00,701.530029296875,703.530029296875,700.2000122070312,702.8900146484375,5573213,151.92990112304688,155.44000244140625,150.22000122070312,154.47500610351562,5616741,99.30000305175781,100.60000610351562,97.0,97.70000457763672,22288263
2026-05-20 09:30:00-04:00,708.6099853515625,709.155029296875,703.7899780273438,705.3200073242188,9991595,170.0399932861328,170.3699951171875,161.0,161.0,23064270,87.55000305175781,93.5,87.5,93.0,116769370
2026-05-20 10:30:00-04:00,710.6300048828125,713.0999755859375,707.7899780273438,708.5999755859375,4998097,170.4600067138672,172.67999267578125,167.5,170.0749969482422,8016507,87.3499984741211,89.19999694824219,86.0,87.58599853515625,42204917
2026-05-20 11:30:00-04:00,709.27001953125,712.219970703125,708.6099853515625,710.6298828125,3872373,167.87820434570312,172.11000061035156,166.2100067138672,170.43499755859375,5192043,88.90299987792969,90.0,86.19999694824219,87.39899444580078,27095195
2026-05-20 12:30:00-04:00,710.6799926757812,710.9500122070312,708.9500122070312,709.3200073242188,3172379,169.6800994873047,169.99000549316406,167.7100067138672,167.8800048828125,3704096,87.70099639892578,89.0,87.5,88.95000457763672,16986975
2026-05-20 13:30:00-04:00,710.9500122070312,711.4400024414062,710.177978515625,710.7100219726562,3190323,170.0,171.19000244140625,168.82000732421875,169.82000732421875,2997898,87.5009994506836,88.30000305175781,86.80000305175781,87.79899597167969,14335191
2026-05-20 14:30:00-04:00,711.8099975585938,712.02001953125,710.5599975585938,710.9500122070312,2838804,172.0596923828125,172.47000122070312,169.35000610351562,170.0,3417449,86.19999694824219,88.0,86.0,87.51399993896484,20204099
2026-05-20 15:30:00-04:00,713.0700073242188,713.1099853515625,711.489990234375,711.8099975585938,4915014,173.34500122070312,173.6999969482422,171.22000122070312,172.0500030517578,6319221,85.29999542236328,86.69999694824219,85.10000610351562,86.19999694824219,19702215
2026-05-21 09:30:00-04:00,708.2650146484375,711.8900146484375,706.77001953125,709.0,9583624,171.28500366210938,178.32000732421875,168.9199981689453,171.25999450683594,20753360,86.31099700927734,87.5,82.9000015258789,86.45000457763672,121840038
2026-05-21 10:30:00-04:00,709.3599853515625,710.010009765625,706.8499755859375,708.3099975585938,4812887,170.77499389648438,174.02999877929688,168.22999572753906,171.22000122070312,6973557,86.59000396728516,87.79999542236328,85.0,86.4000015258789,30949677
2026-05-21 11:30:00-04:00,709.7100219726562,711.239990234375,707.989990234375,709.4500122070312,3327735,172.03500366210938,173.83999633789062,168.7899932861328,170.8249969482422,3841446,85.95000457763672,87.60000610351562,85.0,86.5999984741211,18544935
2026-05-21 12:30:00-04:00,713.6699829101562,715.2100219726562,708.77001953125,709.739990234375,4186070,176.15499877929688,178.0,171.33999633789062,172.03500366210938,4718073,83.96900177001953,86.30000305175781,83.10000610351562,85.927001953125,24935679
2026-05-21 13:30:00-04:00,714.8250122070312,717.1195068359375,713.594970703125,713.7449951171875,4873589,177.02000427246094,179.97000122070312,175.74020385742188,176.1999969482422,5237973,83.5,84.19999694824219,82.0999984741211,83.95000457763672,26062954
2026-05-21 14:30:00-04:00,714.0449829101562,715.0599975585938,710.9099731445312,714.8300170898438,4231752,176.42999267578125,177.38999938964844,172.63009643554688,177.08999633789062,4524875,83.79299926757812,85.69999694824219,83.30000305175781,83.4990005493164,18640719
2026-05-21 15:30:00-04:00,714.4400024414062,714.9000244140625,713.4099731445312,714.02001953125,3241006,178.23150634765625,178.8000030517578,175.11000061035156,176.4199981689453,4475687,82.8499984741211,84.5,82.60000610351562,83.75,9715303
2026-05-22 09:30:00-04:00,717.719970703125,721.3300170898438,715.969970703125,718.0599975585938,8447007,189.10499572753906,190.97000122070312,183.33999633789062,184.8000030517578,19230291,77.94999694824219,80.60000610351562,77.0,80.0,110639181
2026-05-22 10:30:00-04:00,721.1400146484375,721.1599731445312,717.489990234375,717.7100219726562,3472787,192.7050018310547,193.0,188.42999267578125,189.17999267578125,6360804,76.27299499511719,78.30000305175781,76.0999984741211,77.9000015258789,43786726
2026-05-22 11:30:00-04:00,720.1600952148438,721.280029296875,719.489990234375,721.1699829101562,2821544,192.3800048828125,192.94000244140625,191.00010681152344,192.77999877929688,3140754,76.44999694824219,77.0,76.0999984741211,76.25,21625552
2026-05-22 12:30:00-04:00,721.8400268554688,721.8499755859375,719.4000244140625,720.2000122070312,3418905,194.89999389648438,195.0,191.5449981689453,192.3000030517578,3966863,75.25,76.79999542236328,75.19999694824219,76.4000015258789,28412049
2026-05-22 13:30:00-04:00,720.0900268554688,722.1199951171875,719.719970703125,721.8699951171875,3177256,193.4199981689453,195.27000427246094,193.05999755859375,194.9199981689453,2623540,75.8010025024414,76.0999984741211,75.0,75.19999694824219,18532481
2026-05-22 14:30:00-04:00,717.3853759765625,720.385009765625,717.2100219726562,720.0599975585938,3793331,189.52000427246094,193.5399932861328,189.16549682617188,193.4199981689453,4268462,77.75,77.9000015258789,75.80000305175781,75.89900207519531,33884895
2026-05-22 15:30:00-04:00,717.4299926757812,718.272705078125,716.9249877929688,717.385009765625,4723147,190.36000061035156,191.16000366210938,189.2100067138672,189.5500030517578,3715322,77.20700073242188,77.9000015258789,76.9000015258789,77.75,16366071
2026-05-26 09:30:00-04:00,729.9201049804688,730.3200073242188,724.1599731445312,726.0250244140625,10601998,223.18499755859375,224.1999969482422,209.8957061767578,211.3800048828125,19500273,64.0250015258789,69.5,63.60000228881836,69.0,142492286
2026-05-26 10:30:00-04:00,728.3099975585938,731.1699829101562,728.1500244140625,729.9000244140625,5356898,219.7100067138672,226.89999389648438,218.7209930419922,223.3000030517578,9915912,65.4540023803711,65.8499984741211,62.60000228881836,64.0989990234375,77942471
2026-05-26 11:30:00-04:00,728.1201171875,728.489990234375,725.5700073242188,728.322021484375,3969057,220.14500427246094,220.25,213.0800018310547,219.7100067138672,8358656,65.29900360107422,68.0999984741211,65.19999694824219,65.44999694824219,54907646
2026-05-26 12:30:00-04:00,727.5999145507812,728.6898803710938,727.0399780273438,728.1591796875,2333845,220.8800048828125,221.5,218.02000427246094,220.15499877929688,3174786,65.0,66.0999984741211,64.69999694824219,65.29000091552734,27560979
2026-05-26 13:30:00-04:00,729.4392700195312,729.6199951171875,727.3201293945312,727.5921020507812,2535016,224.26300048828125,224.4512939453125,220.52000427246094,220.89999389648438,2438595,63.60099792480469,65.10000610351562,63.60000228881836,64.98600006103516,21384759
2026-05-26 14:30:00-04:00,729.5800170898438,729.7999877929688,728.4500122070312,729.4299926757812,2677148,225.89999389648438,226.6999969482422,222.6699981689453,224.25999450683594,3364797,62.95000076293945,64.19999694824219,62.60000228881836,63.61362075805664,36055346
2026-05-26 15:30:00-04:00,730.2150268554688,731.02001953125,729.5499877929688,729.5700073242188,3964243,225.75010681152344,228.5,225.57009887695312,225.89999389648438,3683219,63.0,63.099998474121094,61.900001525878906,63.0,27644051
2026-05-27 09:30:00-04:00,726.35498046875,733.3200073242188,725.6699829101562,732.9500122070312,12639037,206.44000244140625,236.74000549316406,204.0,233.0,39885824,68.4000015258789,69.0999984741211,58.29999923706055,58.29999923706055,329484018
2026-05-27 10:30:00-04:00,727.1799926757812,728.9600219726562,725.4400024414062,726.3200073242188,4672849,209.72000122070312,214.3282012939453,204.77000427246094,206.41000366210938,9333771,67.44999694824219,68.9000015258789,66.19999694824219,68.4000015258789,79272708
2026-05-27 11:30:00-04:00,728.1900024414062,728.7750244140625,725.5399780273438,727.1799926757812,3622134,214.69000244140625,216.22000122070312,205.8800048828125,209.75,6757653,66.0999984741211,68.5989990234375,65.5999984741211,67.44999694824219,34374214
2026-05-27 12:30:00-04:00,727.2999877929688,729.5599975585938,725.85498046875,728.1599731445312,4127712,213.44090270996094,217.02999877929688,208.5601043701172,214.5,4840199,66.4020004272461,67.80000305175781,65.4000015258789,66.14999389648438,24348905
2026-05-27 13:30:00-04:00,729.6699829101562,729.6699829101562,726.9700927734375,727.3499755859375,2631647,216.28489685058594,216.3000030517578,211.22000122070312,213.60000610351562,2631641,65.60099792480469,67.0999984741211,65.5999984741211,66.4729995727539,18709348
2026-05-27 14:30:00-04:00,728.989990234375,729.8499755859375,728.5900268554688,729.6599731445312,2214730,214.66000366210938,216.86990356445312,213.922607421875,216.18150329589844,3297221,66.0999984741211,66.30000305175781,65.4000015258789,65.5999984741211,18368737
2026-05-27 15:30:00-04:00,729.489990234375,730.0698852539062,728.969970703125,728.989990234375,3118323,217.89999389648438,219.42300415039062,214.64500427246094,214.66000366210938,4992318,65.20199584960938,66.0999984741211,64.69999694824219,66.0999984741211,18066963
2026-05-28 09:30:00-04:00,731.9298706054688,732.8499755859375,726.4099731445312,729.739990234375,10367191,216.5399932861328,221.72999572753906,207.55999755859375,219.0,20034567,65.54999542236328,68.30000305175781,64.0999984741211,64.89999389648438,169176054
2026-05-28 10:30:00-04:00,734.6699829101562,734.9849853515625,730.9199829101562,731.9299926757812,4360895,227.8249969482422,228.3800048828125,215.52000427246094,216.52999877929688,8390982,62.25,65.9000015258789,62.0,65.5999984741211,54891990
2026-05-28 11:30:00-04:00,735.6400146484375,736.0,734.10009765625,734.6900024414062,3803915,229.48500061035156,229.89999389648438,225.60000610351562,227.89999389648438,4544286,61.70000076293945,62.900001525878906,61.599998474121094,62.25,32117868
2026-05-28 12:30:00-04:00,735.5750122070312,736.4500122070312,735.0700073242188,735.64501953125,2058759,227.89999389648438,231.88999938964844,227.77999877929688,229.4550018310547,3435072,62.20100021362305,62.29999923706055,61.0,61.79900360107422,26094034
2026-05-28 13:30:00-04:00,735.969970703125,736.5999755859375,735.1599731445312,735.5800170898438,2948322,228.30999755859375,229.5,226.0500030517578,227.94000244140625,2707079,62.099998474121094,62.80000305175781,61.70000076293945,62.19999694824219,21140904
2026-05-28 14:30:00-04:00,735.6500244140625,735.97998046875,734.9199829101562,735.9500122070312,3586019,225.35000610351562,228.3000030517578,224.10000610351562,228.3000030517578,3041952,62.95000076293945,63.29999923706055,62.04999923706055,62.04999923706055,26130158
2026-05-28 15:30:00-04:00,735.5700073242188,736.25,735.0800170898438,735.6500244140625,3493002,224.6699981689453,226.6199951171875,224.2100067138672,225.42999267578125,3234898,63.099998474121094,63.29999923706055,62.5,62.95000076293945,14860874
2026-05-29 09:30:00-04:00,738.5,741.6099853515625,737.0399780273438,737.7100830078125,9918696,228.09500122070312,239.07000732421875,225.64999389648438,231.82000732421875,13811167,62.19999694824219,62.900001525878906,59.106998443603516,61.10000228881836,98128103
2026-05-29 10:30:00-04:00,738.3200073242188,739.3499755859375,735.25,738.489990234375,6785823,225.05999755859375,229.78990173339844,218.8699951171875,228.07000732421875,7869098,63.099998474121094,64.80000305175781,61.70000076293945,62.25,76903940
2026-05-29 11:30:00-04:00,738.489990234375,739.5380249023438,737.2999877929688,738.3200073242188,2598937,223.8300018310547,226.5,221.88999938964844,225.10000610351562,2713575,63.400001525878906,64.0,62.60000228881836,63.04999923706055,27729980
2026-05-29 12:30:00-04:00,737.6300048828125,739.530029296875,737.3200073242188,738.4949951171875,2299062,222.2100067138672,224.94000244140625,221.5137939453125,223.77000427246094,2217669,63.89999771118164,64.0999984741211,63.099998474121094,63.44999694824219,27324213
2026-05-29 13:30:00-04:00,737.8699951171875,738.010009765625,735.780029296875,737.6300048828125,3258810,222.4499969482422,222.9600067138672,218.55999755859375,222.0399932861328,2742935,63.80000305175781,64.89999389648438,63.60000228881836,63.89900207519531,26347089
2026-05-29 14:30:00-04:00,737.8599853515625,738.4099731445312,736.3099975585938,737.8599853515625,3587030,221.15499877929688,223.47999572753906,219.8282928466797,222.57989501953125,1916553,64.1500015258789,64.5,63.5,63.79899978637695,18285746
2026-05-29 15:30:00-04:00,738.2249755859375,739.4199829101562,737.8699951171875,737.8699951171875,4602785,224.05999755859375,225.39889526367188,221.13999938964844,221.16000366210938,4522287,63.400001525878906,64.1500015258789,62.900001525878906,64.1500015258789,27715205
2026-06-01 09:30:00-04:00,738.1300048828125,740.1300048828125,735.989990234375,737.1300048828125,9213052,220.5399932861328,226.0,210.13999938964844,217.26499938964844,15763663,64.39299774169922,67.39999389648438,62.80000305175781,65.5,147173888
2026-06-01 10:30:00-04:00,740.52001953125,740.719970703125,737.8200073242188,738.0999755859375,4175459,227.6298065185547,228.0,220.11000061035156,220.58999633789062,5215412,62.3859977722168,64.5,62.19999694824219,64.39900207519531,46506303
2026-06-01 11:30:00-04:00,741.25,742.280029296875,739.8400268554688,740.510009765625,3675640,227.3686065673828,229.92999267578125,225.08009338378906,227.60000610351562,3722372,62.413997650146484,63.099998474121094,61.70000076293945,62.39999771118164,33385577
2026-06-01 12:30:00-04:00,743.4099731445312,743.47998046875,741.18701171875,741.2999877929688,2561966,230.69000244140625,230.6999969482422,226.3000030517578,227.3350067138672,2923255,61.4010009765625,62.80000305175781,61.39999771118164,62.39999771118164,22518903
2026-06-01 13:30:00-04:00,744.5399780273438,745.6400146484375,742.6699829101562,743.489990234375,4307738,230.6699981689453,234.05999755859375,229.5500030517578,230.75,3203845,61.5,61.79999923706055,60.5,61.45000076293945,31325087
2026-06-01 14:30:00-04:00,744.0,744.7075805664062,743.719970703125,744.530029296875,3439585,227.91000366210938,231.37600708007812,227.03269958496094,230.66000366210938,1787964,62.19999694824219,62.5,61.30000305175781,61.5,22100396
2026-06-01 15:30:00-04:00,742.6900024414062,744.0020141601562,742.3400268554688,744.0,3572414,226.9199981689453,227.9199981689453,224.8800048828125,227.89999389648438,3111287,62.60000228881836,63.099998474121094,62.19999694824219,62.29999923706055,18622450
2026-06-02 09:30:00-04:00,742.5447998046875,744.6599731445312,739.22998046875,742.4600219726562,8932017,248.61500549316406,254.39999389648438,238.82330322265625,243.17999267578125,17086782,56.50100326538086,59.29999923706055,55.0,58.0,173471671
2026-06-02 10:30:00-04:00,745.0999755859375,745.3699951171875,742.4400024414062,742.530029296875,4406687,259.1600036621094,259.8799133300781,248.5200958251953,248.5200958251953,6388804,53.77399826049805,56.599998474121094,53.60000228881836,56.55000305175781,77085708
2026-06-02 11:30:00-04:00,744.9500122070312,746.219970703125,744.7401123046875,745.0701293945312,2545408,256.6686096191406,261.9200134277344,256.5400085449219,259.18499755859375,4019208,54.39899826049805,54.400001525878906,53.0,53.78799819946289,55380692
2026-06-02 12:30:00-04:00,744.5549926757812,746.02001953125,744.3099975585938,744.9608764648438,2841226,256.25,259.7900085449219,255.17999267578125,256.5950012207031,3345382,54.54999923706055,54.79999923706055,53.5,54.38999938964844,39042185
2026-06-02 13:30:00-04:00,744.47998046875,745.0700073242188,743.7349853515625,744.5599975585938,2102528,259.5400085449219,259.6000061035156,253.9145050048828,256.2099914550781,2271217,53.64999771118164,55.10000228881836,53.60000228881836,54.54999923706055,20619067
2026-06-02 14:30:00-04:00,745.030029296875,745.5999755859375,743.5,744.47998046875,2850385,261.125,262.8999938964844,256.80999755859375,259.57000732421875,2770966,53.150001525878906,54.400001525878906,52.80000305175781,53.60000228881836,36389521
2026-06-02 15:30:00-04:00,746.1400146484375,746.4400024414062,744.989990234375,745.030029296875,4086945,266.3699951171875,267.0799865722656,260.95001220703125,261.0400085449219,3667829,51.599998474121094,53.29999923706055,51.5,53.150001525878906,43870810
2026-06-03 09:30:00-04:00,746.5499877929688,748.6300048828125,741.02001953125,747.344970703125,12758287,282.7698974609375,282.7698974609375,257.260009765625,277.0,21146901,48.54999923706055,53.5,48.20000076293945,48.80000305175781,265891811
2026-06-03 10:30:00-04:00,745.219970703125,746.9500122070312,743.9400024414062,746.5499877929688,4461660,277.9902038574219,283.0,274.2701110839844,282.6300048828125,6092382,49.40299987792969,50.20000076293945,48.5,48.5989990234375,84728326
2026-06-03 11:30:00-04:00,742.4199829101562,745.7999877929688,741.8800048828125,745.1900024414062,3717004,274.95001220703125,280.8399963378906,272.2900085449219,278.1698913574219,4483091,50.00400161743164,50.599998474121094,48.89999771118164,49.402000427246094,54682720
2026-06-03 12:30:00-04:00,742.9210205078125,743.780029296875,741.27001953125,742.3200073242188,2825203,277.5989990234375,278.4800109863281,272.2099914550781,275.06500244140625,3392336,49.54999923706055,50.599998474121094,49.29999923706055,50.000999450683594,43573913
2026-06-03 13:30:00-04:00,745.4099731445312,745.469970703125,742.219970703125,742.9199829101562,3498880,284.1698913574219,284.2300109863281,275.8800048828125,277.5899963378906,3474259,48.20000076293945,49.89999771118164,48.20000076293945,49.512001037597656,43005455
2026-06-03 14:30:00-04:00,744.3599853515625,745.52001953125,743.7705078125,745.4099731445312,4185849,278.9801025390625,284.29998779296875,277.1300048828125,284.1300048828125,3277919,49.25,49.599998474121094,48.20000076293945,48.209999084472656,40733489
2026-06-03 15:30:00-04:00,744.2542114257812,745.7550048828125,743.9400024414062,744.344970703125,4989970,280.0,283.82000732421875,278.2749938964844,279.05499267578125,3264799,49.0,49.400001525878906,48.29999923706055,49.25,27946340
2026-06-04 09:30:00-04:00,737.1900024414062,737.7999877929688,732.6300048828125,735.489990234375,13080534,248.5,249.75,228.5500030517578,242.0399932861328,24562061,54.54999923706055,58.099998474121094,54.400001525878906,55.70000076293945,303137946
2026-06-04 10:30:00-04:00,739.6104736328125,740.27001953125,735.98876953125,737.1500244140625,4477327,256.7301025390625,260.7799987792969,242.5500030517578,248.5,8795535,53.20000076293945,55.70000076293945,52.39999771118164,54.500999450683594,91122197
2026-06-04 11:30:00-04:00,740.5499877929688,740.6749877929688,737.719970703125,739.6300048828125,3227007,262.0350036621094,262.0931091308594,250.1199951171875,256.9208984375,4901761,52.25,54.29999923706055,52.19999694824219,53.20000076293945,52836862
2026-06-04 12:30:00-04:00,741.3900146484375,741.4500122070312,739.5401000976562,740.5549926757812,2837227,264.6549987792969,265.29998779296875,257.8699951171875,262.04998779296875,4006710,51.79999923706055,53.0,51.599998474121094,52.19999694824219,44676875
2026-06-04 13:30:00-04:00,743.1599731445312,743.4299926757812,741.3099975585938,741.385009765625,3185907,271.20001220703125,274.5,264.5,264.7699890136719,4747045,50.5989990234375,51.79999923706055,50.0,51.79900360107422,48347767
2026-06-04 14:30:00-04:00,743.281494140625,743.3099975585938,741.7449951171875,743.135009765625,3915631,271.0899963378906,271.489990234375,262.7366027832031,271.1600036621094,4990595,50.60100173950195,52.099998474121094,50.500999450683594,50.599998474121094,53800630
2026-06-04 15:30:00-04:00,740.5,744.2100219726562,740.3900146484375,743.2750244140625,5683974,262.8900146484375,272.70001220703125,262.4171142578125,271.0799865722656,4594356,52.04999923706055,52.099998474121094,50.30000305175781,50.599998474121094,32363277
2026-06-05 09:30:00-04:00,724.9598999023438,731.6799926757812,723.3400268554688,729.926025390625,17247682,220.4468994140625,233.69000244140625,212.66029357910156,230.84820556640625,27605675,60.54999923706055,62.19900131225586,57.900001525878906,58.54999923706055,331734262
2026-06-05 10:30:00-04:00,722.3181762695312,727.47998046875,721.760009765625,724.9550170898438,7951200,215.23179626464844,229.0,213.10000610351562,220.44900512695312,9307857,61.58500289916992,62.0,58.80000305175781,60.54999923706055,110176236
2026-06-05 11:30:00-04:00,718.0798950195312,722.8499755859375,717.9149780273438,722.22021484375,8221046,205.7100067138672,217.19000244140625,205.22000122070312,214.92999267578125,10356439,63.5,63.60000228881836,61.19999694824219,61.599998474121094,95624824
2026-06-05 12:30:00-04:00,715.6500244140625,718.2100219726562,713.7000122070312,718.0750122070312,12720628,202.35000610351562,206.00999450683594,196.3699951171875,205.5200958251953,14822390,64.19999694824219,65.4000015258789,63.400001525878906,63.5,112306338
2026-06-05 13:30:00-04:00,710.8099975585938,717.2100219726562,710.3099975585938,715.6199951171875,9929198,193.60000610351562,206.58999633789062,192.16000366210938,202.13999938964844,10324635,65.91000366210938,66.19999694824219,63.29999923706055,64.12200164794922,72879009
2026-06-05 14:30:00-04:00,708.72998046875,711.1400146484375,704.3200073242188,710.8300170898438,16944559,193.9499969482422,196.25999450683594,183.11000061035156,193.3350067138672,15493823,65.70199584960938,68.0,65.30000305175781,65.9000015258789,122472105
2026-06-05 15:30:00-04:00,705.2100219726562,709.739990234375,705.0499877929688,708.72998046875,16199789,182.110107421875,196.35000610351562,181.80999755859375,193.97970581054688,11542321,68.4000015258789,68.5,65.30000305175781,65.80000305175781,64259176
2026-06-08 09:30:00-04:00,717.5599975585938,719.2100219726562,713.0999755859375,717.8099975585938,14321669,209.88999938964844,213.36990356445312,201.69000244140625,210.6199951171875,30395729,57.39600372314453,60.5,56.10000228881836,57.099998474121094,365747267
2026-06-08 10:30:00-04:00,720.2520141601562,723.027587890625,717.25,717.47998046875,7822270,217.31500244140625,222.19000244140625,209.47999572753906,209.8300018310547,11711475,54.54999923706055,57.499000549316406,52.70000076293945,57.301002502441406,131790636
2026-06-08 11:30:00-04:00,719.27001953125,722.27001953125,718.5800170898438,720.299072265625,4292031,216.25999450683594,221.38040161132812,215.0,217.5,6249952,54.99700164794922,55.400001525878906,53.0,54.54999923706055,78227822
2026-06-08 12:30:00-04:00,719.6798706054688,720.3499145507812,716.7999877929688,719.27001953125,3584593,216.19500732421875,218.57000732421875,212.5800018310547,216.30999755859375,4977461,54.94999694824219,56.39999771118164,54.099998474121094,54.89999771118164,71725221
2026-06-08 13:30:00-04:00,719.340087890625,720.1400146484375,717.4199829101562,719.5900268554688,3934354,218.07000732421875,219.52999877929688,213.61000061035156,216.19000244140625,3434847,54.20000076293945,55.900001525878906,53.69999694824219,55.0,45064025
2026-06-08 14:30:00-04:00,715.6500244140625,720.0050048828125,714.22998046875,719.35009765625,5562166,211.0,219.1300048828125,208.92999267578125,218.07000732421875,4404918,56.95000076293945,57.70000076293945,53.80000305175781,54.23500061035156,62702588
2026-06-08 15:30:00-04:00,716.0999755859375,717.0599975585938,715.2100219726562,715.6649780273438,4500910,211.17999267578125,214.3199005126953,209.5,211.10000610351562,4936052,56.70000076293945,57.5,55.70000076293945,56.900001525878906,34451153
2026-06-09 09:30:00-04:00,715.9500122070312,725.6599731445312,714.010009765625,722.969970703125,13389388,212.91000366210938,231.02000427246094,209.0,227.05499267578125,25255275,56.30000305175781,57.35000228881836,51.39999771118164,52.5,274920326
2026-06-09 10:30:00-04:00,701.72998046875,716.969970703125,701.5,715.9299926757812,11744452,187.21499633789062,214.34730529785156,186.66000366210938,212.91000366210938,17300391,63.20000076293945,63.29999923706055,55.900001525878906,56.30000305175781,248023197
2026-06-09 11:30:00-04:00,693.5750122070312,704.405029296875,690.6400146484375,701.760009765625,17262557,168.76010131835938,193.91000366210938,163.02999877929688,187.21499633789062,19307618,68.04999542236328,69.5999984741211,61.30000305175781,63.150001525878906,283378697
2026-06-09 12:30:00-04:00,698.9550170898438,700.0,686.3699951171875,693.5,17687362,181.6999969482422,184.19979858398438,157.56100463867188,168.58999633789062,20921594,64.55000305175781,71.0999984741211,63.89999771118164,68.0999984741211,248891888
2026-06-09 13:30:00-04:00,704.469970703125,704.614990234375,698.0399780273438,698.9299926757812,9266462,191.97000122070312,192.07000732421875,177.85000610351562,181.69000244140625,15400029,61.849998474121094,65.70000457763672,61.79999923706055,64.5999984741211,120622529
2026-06-09 14:30:00-04:00,703.969970703125,708.5999755859375,701.1799926757812,704.469970703125,9534246,191.82000732421875,199.7100067138672,183.95089721679688,191.97000122070312,13599799,61.849998474121094,64.0999984741211,59.79999923706055,61.79999923706055,115797348
2026-06-09 15:30:00-04:00,707.9600219726562,708.280029296875,701.4400024414062,703.9500122070312,7402563,201.7812957763672,201.97999572753906,187.14999389648438,191.8699951171875,8348739,59.25,63.20000076293945,59.20100402832031,61.900001525878906,65341860
2026-06-10 09:30:00-04:00,709.3499755859375,710.77001953125,699.6199951171875,701.4949951171875,15993697,208.0800018310547,209.60499572753906,189.9600067138672,191.5399932861328,32627750,57.39999771118164,62.80000305175781,56.900001525878906,62.39999771118164,490625210
2026-06-10 10:30:00-04:00,700.0999755859375,711.260009765625,697.094970703125,709.3099975585938,9802416,186.27000427246094,212.99000549316406,181.22999572753906,208.19000244140625,19720429,63.85000228881836,65.4000015258789,56.0,57.44999694824219,272388154
2026-06-10 11:30:00-04:00,698.8499755859375,702.6400146484375,696.1900024414062,700.1400146484375,8518081,185.27999877929688,191.00999450683594,179.0,186.3000030517578,11029226,64.0999984741211,66.0,62.39999771118164,63.89900207519531,157292844
2026-06-10 12:30:00-04:00,697.5700073242188,701.5499877929688,696.1300048828125,698.7000122070312,5097314,183.08999633789062,190.10000610351562,180.63009643554688,185.1999969482422,6686063,64.80000305175781,65.5,62.70000076293945,64.10099792480469,69054941
2026-06-10 13:30:00-04:00,698.2125244140625,701.0700073242188,695.8699951171875,697.5499877929688,4855909,184.91000366210938,190.10000610351562,181.27999877929688,183.03500366210938,6406139,64.19999694824219,65.30000305175781,62.70000076293945,64.80000305175781,65800418
2026-06-10 14:30:00-04:00,694.2000122070312,698.2999877929688,692.9299926757812,698.1799926757812,6357406,180.5500030517578,185.22000122070312,177.3000946044922,184.8699951171875,6813488,65.5009994506836,66.5,64.10099792480469,64.20100402832031,59292630
2026-06-10 15:30:00-04:00,693.7100219726562,697.0,693.6799926757812,694.1599731445312,8589425,180.02499389648438,185.5,179.30589294433594,180.44000244140625,7303511,65.75,65.9000015258789,64.0999984741211,65.54999542236328,45620715
2026-06-11 09:30:00-04:00,702.125,706.4099731445312,696.8200073242188,699.2899780273438,14568531,205.0,209.75999450683594,193.82000732421875,196.5,24838334,56.599998474121094,60.599998474121094,54.69999694824219,59.79999923706055,332585007
2026-06-11 10:30:00-04:00,699.3499755859375,703.8400268554688,695.0,702.10498046875,7873566,198.42999267578125,206.47000122070312,192.8000030517578,204.88999938964844,8631852,58.89999771118164,61.0,56.0,56.650001525878906,129619660
2026-06-11 11:30:00-04:00,701.4749755859375,704.5900268554688,698.969970703125,699.3499755859375,5524849,199.83009338378906,204.0998992919922,198.10000610351562,198.50999450683594,4316092,58.30500030517578,59.0,56.79999923706055,58.89900207519531,70495134
2026-06-11 12:30:00-04:00,707.27001953125,707.4400024414062,697.4600830078125,701.4500122070312,6578631,206.0,206.12899780273438,193.41009521484375,199.88999938964844,4919810,56.10000228881836,60.70000076293945,56.10000228881836,58.32500076293945,71251252
2026-06-11 13:30:00-04:00,709.8099975585938,712.5399780273438,706.85498046875,707.27001953125,14432938,211.6199951171875,214.8300018310547,205.76100158691406,206.10000610351562,10323580,54.20000076293945,56.19999694824219,52.900001525878906,56.10000228881836,133333282
2026-06-11 14:30:00-04:00,715.50830078125,716.030029296875,709.4301147460938,709.8400268554688,7174555,221.13999938964844,222.42999267578125,211.08009338378906,211.72999572753906,6564508,50.5,54.29999923706055,50.10000228881836,54.20000076293945,73005433
2026-06-11 15:30:00-04:00,716.5599975585938,718.3720703125,715.0399780273438,715.5900268554688,10001013,224.00999450683594,225.6300048828125,220.68080139160156,221.13999938964844,8353773,49.45000076293945,50.70000076293945,49.0,50.54999923706055,67979804
2026-06-12 09:30:00-04:00,718.0650024414062,720.8150024414062,711.280029296875,717.6099853515625,14519530,230.0,235.58999633789062,214.7406005859375,222.22000122070312,20166410,48.150001525878906,51.5,46.900001525878906,50.10000228881836,261222396
2026-06-12 10:30:00-04:00,723.6500244140625,724.010009765625,714.1799926757812,718.0,7698404,240.52000427246094,240.6699981689453,223.5500030517578,230.0,8949696,45.849998474121094,49.599998474121094,45.79999923706055,48.20000076293945,120922971
2026-06-12 11:30:00-04:00,720.0399780273438,723.748291015625,715.5700073242188,723.6649780273438,9858170,236.88499450683594,241.55999755859375,227.610107421875,240.61000061035156,6844663,46.60099792480469,48.69999694824219,45.70000076293945,45.80299758911133,98923033
2026-06-12 12:30:00-04:00,723.0650024414062,723.7999877929688,719.5499877929688,719.989990234375,4440468,240.6999969482422,241.8800048828125,236.00999450683594,236.9600067138672,3374689,45.79999923706055,46.79999923706055,45.599998474121094,46.650001525878906,46473115
2026-06-12 13:30:00-04:00,721.6799926757812,723.22998046875,720.3499755859375,723.0800170898438,4515048,238.73989868164062,242.39999389648438,235.58999633789062,240.8000030517578,3347195,46.21399688720703,46.900001525878906,45.400001525878906,45.77400207519531,39745863
2026-06-12 14:30:00-04:00,721.5599975585938,723.02001953125,721.0399780273438,721.6801147460938,3570233,236.6199951171875,240.0399932861328,235.5,238.5449981689453,2414057,46.6879997253418,46.900001525878906,45.94999694824219,46.25,30016316
2026-06-12 15:30:00-04:00,721.3200073242188,722.0700073242188,719.5900268554688,721.4600219726562,3955912,234.36000061035156,238.1999969482422,233.1300048828125,236.58999633789062,3736343,47.10100173950195,47.39999771118164,46.30000305175781,46.70000076293945,25665218
2026-06-15 09:30:00-04:00,740.9920043945312,742.0,737.3800048828125,738.0900268554688,12270724,266.94000244140625,272.17999267578125,261.760009765625,265.989990234375,16858788,40.650001525878906,41.70000076293945,39.599998474121094,40.70000076293945,186411093
2026-06-15 10:30:00-04:00,743.1199951171875,743.2899169921875,739.6500244140625,741.0700073242188,4475333,268.5,268.9700012207031,261.6018981933594,267.0,4986075,40.39899826049805,41.70000076293945,40.20000076293945,40.599998474121094,58355550
2026-06-15 11:30:00-04:00,744.4749755859375,744.719970703125,742.155029296875,743.1599731445312,5156668,271.389892578125,271.7699890136719,266.5299987792969,268.6000061035156,3342528,39.777000427246094,40.70000076293945,39.70000076293945,40.30000305175781,51841859
2026-06-15 12:30:00-04:00,744.010009765625,744.7598876953125,742.77001953125,744.4669799804688,5924604,271.3800964355469,271.79998779296875,268.0,271.260009765625,2661581,39.79999923706055,40.400001525878906,39.70000076293945,39.75,38305307
2026-06-15 13:30:00-04:00,743.0399780273438,744.2349853515625,742.7999877929688,744.030029296875,3503187,272.239990234375,273.7699890136719,270.6700134277344,271.49700927734375,2683459,39.599998474121094,39.900001525878906,39.29999923706055,39.785770416259766,38178521
2026-06-15 14:30:00-04:00,742.8200073242188,744.280029296875,742.6500244140625,743.02001953125,4576467,271.5199890136719,274.8800048828125,270.29998779296875,272.0791015625,2658768,39.697998046875,40.0,39.10000228881836,39.500999450683594,48187055
2026-06-15 15:30:00-04:00,743.8099975585938,743.9400024414062,742.4299926757812,742.8099975585938,5172937,272.8299865722656,274.8799133300781,271.21380615234375,271.4200134277344,4593356,39.4010009765625,39.79999923706055,39.10000228881836,39.70000076293945,30594026
2026-06-16 09:30:00-04:00,739.1099853515625,744.219970703125,738.9000244140625,742.280029296875,9250676,260.2099914550781,274.9296875,259.19000244140625,267.1300048828125,12843228,41.2400016784668,41.39999771118164,39.10000228881836,40.25,177892552
2026-06-16 10:30:00-04:00,735.6099853515625,739.9600219726562,734.739990234375,739.0900268554688,6327136,244.86000061035156,262.9800109863281,241.36500549316406,260.25,10874230,43.5,44.0,40.79999923706055,41.25,139845733
2026-06-16 11:30:00-04:00,735.6749877929688,736.5800170898438,732.510009765625,735.7100219726562,5877603,248.0800018310547,250.66000366210938,234.3000030517578,245.01499938964844,9302473,43.04999923706055,45.0,42.60000228881836,43.5,97193337
2026-06-16 12:30:00-04:00,733.64990234375,735.780029296875,732.9550170898438,735.6699829101562,3495758,243.58009338378906,248.35989379882812,240.16000366210938,248.22999572753906,3378483,43.67300033569336,44.20000076293945,43.000999450683594,43.04999923706055,43430147
2026-06-16 13:30:00-04:00,733.8599853515625,735.0599975585938,732.27001953125,733.6199951171875,3092922,243.08999633789062,247.49989318847656,239.35000610351562,243.47500610351562,2677055,43.79199981689453,44.29999923706055,43.099998474121094,43.69999694824219,33443824
2026-06-16 14:30:00-04:00,733.1400146484375,734.0401000976562,730.6500244140625,733.8800048828125,5726186,239.5500030517578,243.69850158691406,232.0,243.08999633789062,4832068,44.29999923706055,45.400001525878906,43.60000228881836,43.75,59343545
2026-06-16 15:30:00-04:00,729.780029296875,733.52001953125,729.6400146484375,733.135009765625,7056563,226.0050048828125,241.289794921875,226.0050048828125,239.4199981689453,7150496,46.35000228881836,46.5,44.0,44.25,43569838
2026-06-17 09:30:00-04:00,734.8300170898438,735.677978515625,730.3101196289062,735.219970703125,7812691,248.0,250.20989990234375,236.5,245.5,15956419,41.650001525878906,44.0,41.19999694824219,41.70000076293945,194908168
2026-06-17 10:30:00-04:00,732.635009765625,734.9000244140625,729.5599975585938,734.885009765625,4211290,247.27999877929688,248.8699951171875,240.58999633789062,248.1999969482422,4919473,41.79999923706055,43.20000076293945,41.39999771118164,41.650001525878906,74634279
2026-06-17 11:30:00-04:00,733.6500244140625,733.97998046875,732.1893920898438,732.6199951171875,6402388,248.57000732421875,249.88929748535156,246.1199951171875,247.1699981689453,2366703,41.41699981689453,42.0,41.19999694824219,41.792999267578125,35317313
2026-06-17 12:30:00-04:00,732.7800903320312,733.9400024414062,730.510009765625,733.6699829101562,2046414,249.38999938964844,249.7899932861328,245.39999389648438,248.63999938964844,1837674,41.35000228881836,42.099998474121094,41.30000305175781,41.486000061035156,31094336
2026-06-17 13:30:00-04:00,728.6895141601562,734.2100219726562,724.530029296875,732.75,7474427,243.79519653320312,250.0,234.39999389648438,249.3800048828125,5452877,42.39999771118164,44.400001525878906,41.19999694824219,41.35000228881836,90368996
2026-06-17 14:30:00-04:00,725.8499755859375,735.3800048828125,725.2000122070312,728.6799926757812,9890137,244.41000366210938,259.7900085449219,242.2801055908203,243.97999572753906,9264355,42.29999923706055,42.80000305175781,39.20000076293945,42.44999694824219,140204988
2026-06-17 15:30:00-04:00,722.4000244140625,726.6799926757812,720.8499755859375,725.8300170898438,7501882,233.85000610351562,246.80479431152344,233.3000030517578,244.33999633789062,6412931,44.5,44.599998474121094,41.80099868774414,42.39600372314453,69487554
2026-06-18 09:30:00-04:00,735.52001953125,738.4196166992188,732.530029296875,737.0999755859375,11838684,273.3399963378906,277.55999755859375,265.0,266.0350036621094,20243986,37.013999938964844,38.650001525878906,36.19999694824219,38.54999923706055,261806517
2026-06-18 10:30:00-04:00,736.9799194335938,739.1400146484375,734.2000122070312,735.489990234375,5364349,277.3949890136719,280.5400085449219,270.3699951171875,273.1600036621094,7648228,36.25,37.599998474121094,35.70000076293945,37.04999923706055,109263145
2026-06-18 11:30:00-04:00,739.260009765625,739.4699096679688,734.9500122070312,736.97998046875,7743510,279.95001220703125,280.0,272.1099853515625,277.5,5758777,35.849998474121094,37.20000076293945,35.79999923706055,36.25,81379943
2026-06-18 12:30:00-04:00,739.99951171875,740.5488891601562,738.5399780273438,739.280029296875,3223522,280.3599853515625,281.2298889160156,277.2001037597656,279.9700012207031,3538808,35.70100021362305,36.30000305175781,35.5,35.801002502441406,55081776
2026-06-18 13:30:00-04:00,739.5900268554688,740.6199951171875,739.3037109375,739.989990234375,2754563,280.6400146484375,282.1600036621094,279.2001037597656,280.3999938964844,2559579,35.599998474121094,35.89999771118164,35.29999923706055,35.70100021362305,44589260
2026-06-18 14:30:00-04:00,739.47998046875,740.1400146484375,738.4299926757812,739.5999755859375,4390244,281.44000244140625,283.0799865722656,278.4599914550781,280.6300048828125,3192965,35.45000076293945,36.0,35.20000076293945,35.69900131225586,56823593
2026-06-18 15:30:00-04:00,739.6900024414062,741.7899780273438,738.75,739.4400024414062,7609540,279.4700012207031,286.152587890625,279.2099914550781,281.25,4037201,35.79899978637695,35.79999923706055,34.5,35.5,78241806
2026-06-22 09:30:00-04:00,740.4349975585938,745.4299926757812,740.1500244140625,742.02001953125,8338515,296.7124938964844,302.0,290.20001220703125,299.260009765625,16196634,33.58700180053711,34.5,32.900001525878906,33.29999923706055,187256979
2026-06-22 10:30:00-04:00,736.6286010742188,740.5549926757812,735.3499755859375,740.489990234375,7607047,293.55010986328125,298.0,289.45001220703125,296.8500061035156,5822774,34.000999450683594,34.5,33.39999771118164,33.54999923706055,81004942
2026-06-22 11:30:00-04:00,736.4000244140625,738.5050048828125,734.3900146484375,736.630126953125,3809182,293.82501220703125,296.24560546875,286.2401123046875,293.79998779296875,3643692,33.999000549316406,34.900001525878906,33.69999694824219,34.04999923706055,58925378
2026-06-22 12:30:00-04:00,736.6414794921875,737.010009765625,734.8699951171875,736.4400024414062,2778102,294.0663146972656,294.9800109863281,288.79998779296875,293.864990234375,2364893,33.95000076293945,34.599998474121094,33.80000305175781,33.999000549316406,40549229
2026-06-22 13:30:00-04:00,737.4299926757812,738.27001953125,735.7650146484375,736.6599731445312,2353887,294.8599853515625,296.30999755859375,293.0400085449219,294.1499938964844,1452028,33.849998474121094,34.10000228881836,33.599998474121094,33.95000076293945,22940001
2026-06-22 14:30:00-04:00,735.4735717773438,737.909912109375,735.1282958984375,737.4500122070312,3495264,291.760009765625,295.7372131347656,290.38140869140625,294.9100036621094,2162393,34.25,34.400001525878906,33.69999694824219,33.80099868774414,30715123
2026-06-22 15:30:00-04:00,738.0499877929688,738.5,735.52001953125,735.52001953125,5113522,300.80999755859375,301.5,291.760009765625,291.760009765625,3008983,33.04999923706055,34.29999923706055,33.0,34.25,35879572
2026-06-23 09:30:00-04:00,722.0150146484375,723.6099853515625,713.280029296875,715.739990234375,14272657,245.53500366210938,252.97999572753906,231.0,236.0,28425331,38.900001525878906,40.5,38.0,39.900001525878906,467404672
2026-06-23 10:30:00-04:00,715.77001953125,722.3599853515625,715.3900146484375,722.0499877929688,6116205,231.47999572753906,247.10000610351562,231.00999450683594,245.74560546875,9878649,40.30099868774414,40.400001525878906,38.599998474121094,38.849998474121094,119819591
2026-06-23 11:30:00-04:00,719.3900146484375,720.2999267578125,715.0900268554688,715.7000122070312,4587941,238.5,243.5399932861328,230.1300048828125,231.52999877929688,6903622,39.5989990234375,40.5,39.0,40.349998474121094,81307788
2026-06-23 12:30:00-04:00,719.114990234375,720.0698852539062,717.2899780273438,719.4199829101562,3677363,237.5399932861328,240.89999389648438,233.0,238.57899475097656,3577418,39.70000076293945,40.20000076293945,39.29999923706055,39.5,44472508
2026-06-23 13:30:00-04:00,715.8800048828125,719.7899780273438,715.3400268554688,719.0999755859375,3509479,231.74000549316406,237.88999938964844,230.0,237.60000610351562,4526276,40.349998474121094,40.5,39.599998474121094,39.698997497558594,35488015
2026-06-23 14:30:00-04:00,715.22998046875,716.3400268554688,712.110107421875,715.8400268554688,7668370,232.25999450683594,233.60000610351562,223.0,231.60000610351562,7678978,40.25,41.30000305175781,40.10000228881836,40.349998474121094,67593732
2026-06-23 15:30:00-04:00,713.52001953125,716.0,713.52001953125,715.239990234375,7709342,230.8350067138672,234.96949768066406,226.71009826660156,232.30499267578125,5965600,40.45000076293945,40.900001525878906,39.900001525878906,40.30000305175781,43654123
2026-06-24 09:30:00-04:00,715.1500244140625,718.4998779296875,710.8800048828125,714.7999877929688,9967443,227.63999938964844,237.0,220.25,233.11000061035156,16838555,40.99899673461914,42.29999923706055,39.20000076293945,40.0,255603543
2026-06-24 10:30:00-04:00,717.4199829101562,719.9299926757812,715.0999755859375,715.1900024414062,4919973,229.74000549316406,235.52000427246094,225.6999969482422,227.2801055908203,5361193,40.500999450683594,41.30000305175781,39.5,41.0,96975553
2026-06-24 11:30:00-04:00,716.27001953125,718.0499877929688,714.9600219726562,717.4099731445312,2701446,231.64999389648438,232.89999389648438,227.5,229.67999267578125,2215311,40.14999771118164,41.0,40.0,40.54999923706055,49090082
2026-06-24 12:30:00-04:00,708.030029296875,716.2650146484375,707.8699951171875,716.2650146484375,4689099,217.335205078125,231.64999389648438,216.77000427246094,231.64999389648438,4612690,42.79899978637695,42.900001525878906,40.14999771118164,40.14999771118164,84732726
2026-06-24 13:30:00-04:00,711.0900268554688,711.642822265625,706.9661865234375,708.0599975585938,5259975,223.47000122070312,224.35000610351562,215.88499450683594,217.50999450683594,4708810,41.698997497558594,43.0,41.5,42.784000396728516,85156206
2026-06-24 14:30:00-04:00,707.3223266601562,711.469970703125,704.4500122070312,711.1400146484375,6017958,218.13999938964844,224.1999969482422,211.1300048828125,223.5800018310547,5842725,42.60000228881836,43.89999771118164,41.5,41.650001525878906,81520649
2026-06-24 15:30:00-04:00,710.6300048828125,710.9600219726562,706.75,707.3400268554688,5582780,229.5919952392578,230.0,217.77000427246094,218.10000610351562,5473391,40.70000076293945,42.70000076293945,40.599998474121094,42.5989990234375,58912378
2026-06-25 09:30:00-04:00,712.3099975585938,726.760009765625,705.2999877929688,725.9099731445312,18721715,239.05999755859375,268.3999938964844,225.7440948486328,268.04998779296875,26550854,39.0,41.5,33.69999694824219,33.80000305175781,344035257
2026-06-25 10:30:00-04:00,712.9199829101562,716.77001953125,709.239990234375,712.2899780273438,6884320,243.75999450683594,249.5,238.63999938964844,239.1300048828125,7369195,38.10100173950195,39.10000228881836,37.20000076293945,39.04999923706055,94160019
2026-06-25 11:30:00-04:00,716.5700073242188,719.1099853515625,712.780029296875,713.0449829101562,4014071,256.9100036621094,259.8399963378906,243.80250549316406,244.1199951171875,5239446,35.89699935913086,38.20000076293945,35.29999923706055,38.17300033569336,85238813
2026-06-25 12:30:00-04:00,716.5867919921875,717.6799926757812,712.2999877929688,716.5650024414062,4013739,257.05499267578125,258.6300048828125,247.2899932861328,256.88800048828125,3671781,35.849998474121094,37.5,35.599998474121094,35.849998474121094,65545043
2026-06-25 13:30:00-04:00,719.27001953125,719.5900268554688,714.5800170898438,716.6799926757812,4234896,256.6199035644531,258.8999938964844,254.1999969482422,257.2200012207031,2543676,35.89999771118164,36.30000305175781,35.5,35.849998474121094,55478990
2026-06-25 14:30:00-04:00,714.5800170898438,719.260009765625,713.2100219726562,719.260009765625,4039294,250.24969482421875,256.3299865722656,245.11000061035156,256.3299865722656,3424182,36.99599838256836,37.900001525878906,35.849998474121094,35.849998474121094,70539109
2026-06-25 15:30:00-04:00,716.260009765625,716.3599853515625,712.9600219726562,714.5499877929688,3929581,253.55999755859375,253.6999969482422,246.39999389648438,250.08999633789062,5627775,36.25,37.599998474121094,36.19999694824219,36.95000076293945,47597697
2026-06-26 09:30:00-04:00,712.7199096679688,714.3300170898438,702.8099975585938,707.0900268554688,11551831,225.80999755859375,231.25,214.41009521484375,226.24000549316406,18981669,40.349998474121094,42.0,39.5,40.349998474121094,267313568
2026-06-26 10:30:00-04:00,712.510009765625,713.25,708.219970703125,712.6900024414062,4336135,219.8784942626953,226.6199951171875,213.17999267578125,225.47000122070312,8462610,41.14999771118164,42.19999694824219,40.20000076293945,40.39699935913086,96248664
2026-06-26 11:30:00-04:00,711.8499755859375,715.5499877929688,710.27001953125,712.5200805664062,3938042,220.75,225.5800018310547,216.52999877929688,219.82000732421875,4226555,41.04999923706055,41.70000076293945,40.30000305175781,41.11000061035156,86149954
2026-06-26 12:30:00-04:00,713.614990234375,715.169921875,711.8200073242188,711.9000244140625,2783472,224.3292999267578,227.0500030517578,220.27000427246094,220.80569458007812,2748243,40.45000076293945,41.0989990234375,40.10000228881836,41.0,49311511
2026-06-26 13:30:00-04:00,709.489990234375,714.5900268554688,709.3400268554688,713.5700073242188,3814843,216.0,226.1999969482422,215.5500030517578,224.5500030517578,2826048,41.75,41.79999923706055,40.20000076293945,40.45000076293945,49246490
2026-06-26 14:30:00-04:00,709.239990234375,710.6199951171875,707.7100219726562,709.47998046875,7109902,217.2949981689453,219.16000366210938,213.36000061035156,216.09500122070312,3624896,41.5,42.19999694824219,41.30000305175781,41.77199935913086,49118353
2026-06-26 15:30:00-04:00,705.5399780273438,712.010009765625,705.2100219726562,709.260009765625,5013639,215.00999450683594,222.3498992919922,212.10000610351562,217.36000061035156,7266761,42.499000549316406,42.5,40.79999923706055,41.55000305175781,63870122
2026-06-29 09:30:00-04:00,711.8400268554688,718.6599731445312,705.1719970703125,713.989990234375,13031202,206.63613891601562,222.0,192.3000030517578,216.36000061035156,19525435,43.32600021362305,46.30000305175781,40.30000305175781,41.59700012207031,289795796
2026-06-29 10:30:00-04:00,717.22998046875,717.3200073242188,710.6500244140625,711.8599853515625,5606469,221.34779357910156,221.62989807128906,203.9001007080078,206.77999877929688,8253761,40.45000076293945,43.89999771118164,40.400001525878906,43.400001525878906,168229744
2026-06-29 11:30:00-04:00,719.5985717773438,720.530029296875,716.4099731445312,717.239990234375,4749353,229.74009704589844,232.11000061035156,221.38999938964844,221.38999938964844,5736261,38.75,40.45000076293945,38.29999923706055,40.42499923706055,97464633
2026-06-29 12:30:00-04:00,723.0,723.0469970703125,718.9349975585938,719.6400146484375,3026058,235.72000122070312,235.8800048828125,227.8000946044922,229.89999389648438,3918465,37.500999450683594,39.10000228881836,37.5,38.75,71666567
2026-06-29 13:30:00-04:00,722.53369140625,723.6300048828125,722.4099731445312,722.989990234375,2528123,235.41000366210938,237.49000549316406,233.58009338378906,235.71499633789062,2516452,37.599998474121094,38.0,37.20000076293945,37.5,50066207
2026-06-29 14:30:00-04:00,723.4299926757812,724.4199829101562,722.47998046875,722.5999755859375,4451646,235.74000549316406,238.65330505371094,232.91009521484375,235.49000549316406,2929989,37.44999694824219,38.099998474121094,37.0,37.60200119018555,54652201
2026-06-29 15:30:00-04:00,724.030029296875,724.5800170898438,722.239990234375,723.4600219726562,6891629,236.52999877929688,237.3925018310547,231.8000030517578,235.8300018310547,4319302,37.14999771118164,38.20000076293945,37.099998474121094,37.5,33423582
2026-06-30 09:30:00-04:00,732.9884033203125,733.3099975585938,723.9199829101562,724.1699829101562,9817705,262.8500061035156,263.4989929199219,240.58999633789062,241.4499969482422,15296062,33.20000076293945,36.79999923706055,33.099998474121094,36.60000228881836,231097779
2026-06-30 10:30:00-04:00,733.0250244140625,733.7750244140625,729.9400024414062,733.030029296875,4171583,260.57501220703125,263.8800048828125,257.3900146484375,262.9100036621094,4839868,33.54999923706055,34.0,33.0,33.20100021362305,102709312
2026-06-30 11:30:00-04:00,735.0349731445312,735.3897705078125,732.5900268554688,733.0599975585938,2935527,262.75,263.95001220703125,259.25,260.57501220703125,2490899,33.10100173950195,33.69999694824219,33.0,33.5989990234375,49018803
2026-06-30 12:30:00-04:00,735.8800048828125,736.6799926757812,734.6400146484375,735.0390014648438,2243014,265.2897033691406,265.69989013671875,261.6400146484375,262.7554016113281,2398788,32.75,33.29999923706055,32.70000076293945,33.150001525878906,41553751
2026-06-30 13:30:00-04:00,735.97998046875,736.3599853515625,735.1749877929688,735.9400024414062,3108600,266.3299865722656,266.9700012207031,264.1300048828125,265.45001220703125,1784468,32.599998474121094,32.900001525878906,32.5,32.70000076293945,37882399
2026-06-30 14:30:00-04:00,737.0499877929688,737.6199951171875,735.760009765625,736.010009765625,4928333,269.3800048828125,270.9800109863281,266.1000061035156,266.2550048828125,4272963,32.198997497558594,32.650001525878906,31.900001525878906,32.599998474121094,59003615
2026-06-30 15:30:00-04:00,735.760009765625,737.6199951171875,735.760009765625,737.0499877929688,9832644,266.9202880859375,272.0,266.6700134277344,269.260009765625,3841125,32.5,32.5,31.700000762939453,32.14999771118164,44718567
2026-07-01 09:30:00-04:00,730.280029296875,731.2899780273438,725.52001953125,729.1599731445312,10790573,237.66000366210938,246.47000122070312,230.05999755859375,237.78500366210938,20008946,36.196998596191406,37.20000076293945,35.099998474121094,35.90299987792969,308464345
2026-07-01 10:30:00-04:00,731.62158203125,731.75,726.6785278320312,730.239990234375,4879262,231.14500427246094,237.72999572753906,224.02000427246094,237.47000122070312,10782842,36.9010009765625,37.900001525878906,36.099998474121094,36.115997314453125,127255321
2026-07-01 11:30:00-04:00,729.22998046875,731.9099731445312,728.5800170898438,731.6099853515625,4110781,227.7301025390625,232.99000549316406,225.1300048828125,231.0,4332971,37.39699935913086,37.70000076293945,36.70000076293945,36.95000076293945,54742957
2026-07-01 12:30:00-04:00,728.3300170898438,729.6500244140625,727.0,729.2249755859375,4049205,223.5800018310547,229.25999450683594,222.10000610351562,227.67999267578125,4492640,37.85000228881836,38.099998474121094,37.20000076293945,37.39200210571289,42762795
2026-07-01 13:30:00-04:00,727.1199951171875,728.6599731445312,726.6099853515625,728.3499755859375,1987480,220.02999877929688,224.27000427246094,219.10000610351562,223.60000610351562,3847830,38.25,38.39999771118164,37.79999923706055,37.85000228881836,36824928
2026-07-01 14:30:00-04:00,727.9091186523438,728.489990234375,725.6525268554688,727.0900268554688,4292392,225.4700927734375,226.26429748535156,215.38070678710938,219.94000244140625,6142533,37.5989990234375,38.900001525878906,37.5,38.29999923706055,51477690
2026-07-01 15:30:00-04:00,725.1300048828125,728.9199829101562,724.5999755859375,727.905029296875,6487281,217.57000732421875,230.10000610351562,216.1300048828125,225.58749389648438,7136102,38.69900131225586,38.80000305175781,37.099998474121094,37.599998474121094,47767791
2026-07-02 09:30:00-04:00,722.1699829101562,730.8200073242188,721.52001953125,725.5800170898438,10515007,204.0850067138672,226.1300048828125,203.42010498046875,219.22999572753906,25361701,41.01499938964844,41.19999694824219,37.099998474121094,38.39999771118164,335224888
2026-07-02 10:30:00-04:00,715.8099975585938,723.8300170898438,714.28271484375,722.1799926757812,8681572,189.75999450683594,206.25,186.27999877929688,204.1699981689453,17181827,43.60000228881836,44.29999923706055,40.70000076293945,41.097999572753906,180260602
2026-07-02 11:30:00-04:00,713.010009765625,719.2999877929688,712.7659301757812,715.760009765625,6064534,181.47000122070312,197.27000427246094,181.0,189.89999389648438,9931059,45.10200119018555,45.20000076293945,42.29999923706055,43.54999923706055,98052740
2026-07-02 12:30:00-04:00,710.4000244140625,713.1199951171875,708.989990234375,713.02001953125,5643144,175.9499969482422,182.60000610351562,175.30999755859375,181.55999755859375,9593014,46.10000228881836,46.19999694824219,44.89999771118164,45.14999771118164,91050283
2026-07-02 13:30:00-04:00,711.4299926757812,711.8200073242188,707.5599975585938,710.3900146484375,4910945,177.38999938964844,179.0,170.8000030517578,175.77000427246094,8117087,45.79999923706055,47.0,45.5,46.10000228881836,78665605
2026-07-02 14:30:00-04:00,709.8499755859375,712.405029296875,708.0700073242188,711.4400024414062,4366032,173.5850067138672,179.44000244140625,168.8800048828125,177.3300018310547,8343416,46.5,47.39999771118164,45.400001525878906,45.849998474121094,75065772
2026-07-02 15:30:00-04:00,712.739990234375,713.780029296875,709.5399780273438,709.8900146484375,5734033,181.0301055908203,181.93499755859375,173.1999969482422,173.58999633789062,9466221,45.10300064086914,46.599998474121094,45.0,46.5,54993584
2026-07-06 09:30:00-04:00,724.0999755859375,724.8350219726562,718.47998046875,719.7000122070312,9201328,207.39999389648438,210.8000030517578,194.22000122070312,197.2100067138672,17171782,38.5,41.79999923706055,37.70000076293945,41.10000228881836,183416040
2026-07-06 10:30:00-04:00,725.2999877929688,725.4183959960938,722.4400024414062,724.1500244140625,3527448,204.89999389648438,209.8300018310547,199.3699951171875,207.5,5994133,39.150001525878906,40.5,37.900001525878906,38.5,86255347
2026-07-06 11:30:00-04:00,724.5999755859375,726.0800170898438,724.4500122070312,725.25,2326951,203.6800994873047,206.19000244140625,203.25,204.82000732421875,2957349,39.5,39.599998474121094,38.80000305175781,39.1619987487793,44231495
2026-07-06 12:30:00-04:00,722.760009765625,724.9000244140625,722.5800170898438,724.6400146484375,1984694,197.72000122070312,204.54989624023438,197.33999633789062,203.67999267578125,2678508,40.94999694824219,41.10000228881836,39.29999923706055,39.5989990234375,51472759
2026-07-06 13:30:00-04:00,723.1500244140625,723.8599853515625,721.030029296875,722.760009765625,3085582,197.65499877929688,200.36990356445312,194.60009765625,197.83999633789062,3494289,41.0,41.79999923706055,40.30000305175781,40.94999694824219,75360762
2026-07-06 14:30:00-04:00,724.7899780273438,725.1900024414062,722.6300048828125,723.1599731445312,3115031,200.2100067138672,201.88999938964844,196.38999938964844,197.63499450683594,2438009,40.30000305175781,41.30000305175781,40.0,40.981998443603516,47072183
2026-07-06 15:30:00-04:00,722.6500244140625,724.8400268554688,722.2100219726562,724.8099975585938,3955705,194.77000427246094,200.39999389648438,194.22999572753906,200.25999450683594,5487803,41.650001525878906,41.79999923706055,40.21900177001953,40.30000305175781,37941677
2026-07-07 09:30:00-04:00,707.219970703125,716.3397216796875,706.0800170898438,714.1400146484375,12040673,155.43499755859375,171.8800048828125,153.10000610351562,165.39999389648438,28218084,50.25,50.70000076293945,46.599998474121094,48.0,270316965
2026-07-07 10:30:00-04:00,707.4494018554688,708.5,704.9000244140625,707.2100219726562,6942926,154.81500244140625,158.0,150.0800018310547,155.44000244140625,12476390,50.30099868774414,51.39999771118164,49.599998474121094,50.21299743652344,107844356
2026-07-07 11:30:00-04:00,712.7000122070312,713.0462036132812,705.8400268554688,707.4600219726562,4542949,168.0050048828125,168.6999969482422,153.24220275878906,154.88999938964844,8853832,47.494998931884766,50.70000076293945,47.29999923706055,50.30000305175781,79045251
2026-07-07 12:30:00-04:00,712.739990234375,713.869873046875,711.5800170898438,712.6599731445312,3943446,167.16929626464844,169.96949768066406,163.02650451660156,168.0,6392362,47.60099792480469,48.5,47.0,47.5,61145356
2026-07-07 13:30:00-04:00,712.35498046875,713.739990234375,712.239990234375,712.75,2416230,165.4810028076172,169.24020385742188,165.10000610351562,167.17999267578125,3072023,48.05099868774414,48.099998474121094,47.19999694824219,47.68199920654297,32322691
2026-07-07 14:30:00-04:00,707.6799926757812,712.7100219726562,706.4299926757812,712.3599853515625,4968883,159.0,166.3000030517578,155.64999389648438,165.5,6545220,49.45000076293945,50.20000076293945,47.80000305175781,48.000999450683594,73836118
2026-07-07 15:30:00-04:00,709.3800048828125,709.6199951171875,707.239990234375,707.5800170898438,4248709,165.27000427246094,165.99000549316406,158.10000610351562,158.86000061035156,9882144,48.150001525878906,49.69999694824219,48.099998474121094,49.5,45203566
2026-07-08 09:30:00-04:00,707.2000122070312,709.7999877929688,704.9400024414062,704.9400024414062,10665098,170.5749969482422,175.4799041748047,158.8699951171875,159.2100067138672,28621807,46.499000549316406,49.89999771118164,45.0,49.79999923706055,381611509
2026-07-08 10:30:00-04:00,701.4500122070312,708.1900024414062,700.9099731445312,707.0999755859375,5508962,161.51609802246094,171.57009887695312,160.12010192871094,170.42999267578125,7239065,49.150001525878906,49.599998474121094,46.19999694824219,46.45000076293945,132842565
2026-07-08 11:30:00-04:00,706.776611328125,707.3400268554688,700.97998046875,701.47998046875,3781788,169.74000549316406,171.05999755859375,160.60000610351562,161.51480102539062,5802177,46.75,49.400001525878906,46.39999771118164,49.11600112915039,95998440
2026-07-08 12:30:00-04:00,710.6801147460938,710.8198852539062,706.0499877929688,706.739990234375,3842447,176.14999389648438,176.3800048828125,168.55999755859375,169.7899932861328,5813368,44.822998046875,47.099998474121094,44.79999923706055,46.75,76796454
2026-07-08 13:30:00-04:00,709.0701293945312,711.1400146484375,707.8800048828125,710.760009765625,3075235,174.18499755859375,176.75,171.6909942626953,176.19009399414062,3760338,45.4010009765625,46.19999694824219,44.69999694824219,44.81800079345703,57877227
2026-07-08 14:30:00-04:00,710.3900756835938,710.72998046875,708.5,709.0,2322032,176.42999267578125,176.6999969482422,173.0601043701172,174.16409301757812,2804939,44.777000427246094,45.79999923706055,44.599998474121094,45.41699981689453,41367788
2026-07-08 15:30:00-04:00,711.280029296875,712.2598876953125,709.4099731445312,710.4400024414062,2960069,174.83999633789062,176.72999572753906,172.3000946044922,176.36000061035156,6529540,45.20000076293945,45.900001525878906,44.69999694824219,44.79899978637695,40105192
2026-07-09 09:30:00-04:00,718.77001953125,722.75,715.125,718.2899780273438,10234200,197.8444061279297,204.5500030517578,190.6199951171875,199.80999755859375,26703609,39.20000076293945,41.0,37.5,38.69999694824219,325848310
2026-07-09 10:30:00-04:00,721.3599853515625,721.6400146484375,717.1599731445312,718.7999877929688,4723806,200.10000610351562,202.37950134277344,195.09010314941406,197.86500549316406,6817890,38.51700210571289,39.900001525878906,38.0,39.150001525878906,96752182
2026-07-09 11:30:00-04:00,721.760009765625,722.5599975585938,720.9500122070312,721.3800048828125,2886645,199.2899932861328,202.60000610351562,198.6114959716797,200.11000061035156,3058491,38.69999694824219,38.900001525878906,37.900001525878906,38.5989990234375,50877436
2026-07-09 12:30:00-04:00,724.1099853515625,724.1599731445312,721.1300048828125,721.7874755859375,3670716,201.0688934326172,201.8300018310547,196.83999633789062,199.3000030517578,2971972,38.25,39.400001525878906,38.099998474121094,38.75,45062102
2026-07-09 13:30:00-04:00,723.4299926757812,724.22998046875,723.0449829101562,724.14990234375,2790114,197.28500366210938,201.57000732421875,196.3300018310547,201.19000244140625,2321388,39.29999923706055,39.5,38.20000076293945,38.22100067138672,39842527
2026-07-09 14:30:00-04:00,722.7999877929688,723.6500244140625,722.1799926757812,723.4000244140625,2422303,193.57000732421875,198.58999633789062,192.50999450683594,197.28500366210938,3442644,40.25,40.5,39.0,39.29999923706055,61654705
2026-07-09 15:30:00-04:00,723.1799926757812,723.3599853515625,721.969970703125,722.7899780273438,2833046,192.44000244140625,193.7899932861328,189.4600067138672,193.47999572753906,4983500,40.60100173950195,41.19999694824219,40.10000228881836,40.201995849609375,50190316
2026-07-10 09:30:00-04:00,722.4541015625,724.0399780273438,719.8300170898438,720.7000122070312,6824794,186.33999633789062,189.97999572753906,176.8000030517578,182.39999389648438,16180843,41.89799880981445,43.89999771118164,41.10000228881836,42.70000076293945,197503196
2026-07-10 10:30:00-04:00,724.0509033203125,724.2899780273438,717.0,722.510009765625,5101704,190.44500732421875,191.00999450683594,180.94000244140625,186.36000061035156,4952204,40.99899673461914,43.099998474121094,40.79999923706055,41.849998474121094,93059378
2026-07-10 11:30:00-04:00,724.8400268554688,725.27001953125,720.5800170898438,724.0900268554688,3501687,192.2100067138672,192.8699951171875,184.5,190.4600067138672,4158085,40.70000076293945,42.29999923706055,40.5,40.900001525878906,70533751
2026-07-10 12:30:00-04:00,725.77001953125,725.7899780273438,724.530029296875,724.8900146484375,1732918,194.58999633789062,194.6999969482422,190.3000030517578,192.16000366210938,2643923,40.17900085449219,41.0,40.10000228881836,40.619998931884766,47765269
2026-07-10 13:30:00-04:00,725.7000122070312,726.260009765625,725.1599731445312,725.7681884765625,3349243,192.19000244140625,195.94000244140625,191.3699951171875,194.6699981689453,2408502,40.69900131225586,40.79999923706055,39.900001525878906,40.14999771118164,42528964
2026-07-10 14:30:00-04:00,725.719970703125,726.3900146484375,725.25,725.7100219726562,1411178,191.24000549316406,192.8800048828125,189.74000549316406,192.05999755859375,1894652,40.801002502441406,41.10000228881836,40.5,40.69900131225586,37322383
2026-07-10 15:30:00-04:00,725.530029296875,726.1799926757812,725.260009765625,725.6799926757812,3081669,192.0749969482422,193.32769775390625,191.25999450683594,191.25999450683594,3990364,40.79999923706055,40.849998474121094,40.400001525878906,40.849998474121094,30128442
2026-07-13 09:30:00-04:00,717.5,718.4299926757812,712.5599975585938,717.719970703125,12566155,176.1199951171875,176.3000030517578,165.60499572753906,174.61000061035156,18100785,44.11800003051758,46.5,44.099998474121094,44.349998474121094,243679396
2026-07-13 10:30:00-04:00,717.6599731445312,718.739990234375,715.1400756835938,717.6099853515625,3093912,174.4199981689453,177.6699981689453,170.58009338378906,176.1999969482422,4610211,44.54999923706055,45.400001525878906,43.80000305175781,44.150001525878906,71004881
2026-07-13 11:30:00-04:00,714.0599975585938,718.030029296875,713.52001953125,717.6500244140625,2441565,167.11000061035156,175.5,166.5,174.5399932861328,4386521,46.10000228881836,46.30000305175781,44.29999923706055,44.5,60837162
2026-07-13 12:30:00-04:00,713.010009765625,714.5499877929688,711.7000122070312,713.989990234375,3970806,164.41000366210938,167.75,162.60000610351562,167.0800018310547,6598004,46.698997497558594,47.099998474121094,45.900001525878906,46.10000228881836,64736791
2026-07-13 13:30:00-04:00,711.97998046875,713.510009765625,711.7999877929688,713.02001953125,3147182,163.36000061035156,166.18499755859375,162.75999450683594,164.47000122070312,2652430,46.89899826049805,47.0,46.30000305175781,46.650001525878906,45390744
2026-07-13 14:30:00-04:00,710.6300048828125,713.2288208007812,710.3099975585938,711.9600219726562,3911498,162.86000061035156,166.00999450683594,161.61000061035156,163.36000061035156,4191169,47.07099914550781,47.29999923706055,46.30000305175781,46.891998291015625,54509477
2026-07-13 15:30:00-04:00,711.719970703125,712.6699829101562,710.0999755859375,710.6599731445312,4878688,165.3699951171875,168.16000366210938,162.64999389648438,162.8699951171875,9212356,46.650001525878906,47.06999969482422,45.900001525878906,47.0,56576827
2026-07-14 09:30:00-04:00,717.1799926757812,720.2860107421875,714.3400268554688,720.1400146484375,9216195,174.42999267578125,188.42599487304688,170.25999450683594,187.69000244140625,24107858,43.75,45.0,39.697998046875,39.70000076293945,239509466
2026-07-14 10:30:00-04:00,722.02001953125,722.0850219726562,716.5380249023438,717.1300048828125,5346757,183.0050048828125,183.27000427246094,173.10000610351562,174.37010192871094,6357713,41.30099868774414,44.20000076293945,41.19999694824219,43.80000305175781,63551364
2026-07-14 11:30:00-04:00,719.510009765625,722.280029296875,717.719970703125,722.0499877929688,3263786,178.8249969482422,183.39999389648438,176.32000732421875,182.9499969482422,3914940,42.44999694824219,43.20000076293945,41.19999694824219,41.35000228881836,63075414
2026-07-14 12:30:00-04:00,721.1500244140625,721.5700073242188,718.8599853515625,719.5349731445312,2211036,180.00999450683594,180.97999572753906,177.00999450683594,178.7200927734375,1981285,42.10300064086914,43.0,41.900001525878906,42.4900016784668,27560699
2026-07-14 13:30:00-04:00,721.260009765625,721.85498046875,720.4099731445312,721.219970703125,1883177,180.89999389648438,181.57940673828125,178.6699981689453,180.14999389648438,1412969,41.88600158691406,42.5,41.70000076293945,42.099998474121094,22939851
2026-07-14 14:30:00-04:00,719.9500122070312,721.6500244140625,719.5250244140625,721.260009765625,2674122,176.08999633789062,181.49000549316406,176.05999755859375,180.89999389648438,2990395,43.20000076293945,43.20000076293945,41.70000076293945,41.849998474121094,32146184
2026-07-14 15:30:00-04:00,719.6799926757812,720.8394775390625,719.2899780273438,719.97998046875,2662308,176.65899658203125,178.8800048828125,175.10000610351562,176.08999633789062,6260828,43.0,43.5,42.29999923706055,43.19099807739258,35655046
2026-07-15 09:30:00-04:00,718.2150268554688,724.3499755859375,716.2059936523438,723.9400024414062,7496193,166.17990112304688,184.0,162.6999969482422,183.77000427246094,16910809,45.66999816894531,46.500999450683594,41.15999984741211,41.22999954223633,13638570
2026-07-15 10:30:00-04:00,716.2100219726562,718.530029296875,713.583984375,718.25,4921821,161.39739990234375,166.39999389648438,156.69000244140625,166.14999389648438,10501462,46.86000061035156,47.97999954223633,45.61240005493164,45.66999816894531,10750867
2026-07-15 11:30:00-04:00,711.844970703125,716.5499877929688,711.0800170898438,716.1699829101562,4717671,151.62989807128906,162.2899932861328,150.39999389648438,161.2200927734375,8148064,49.220001220703125,49.529998779296875,46.630001068115234,46.880001068115234,7533706
2026-07-15 12:30:00-04:00,715.260009765625,715.3300170898438,710.22998046875,711.8200073242188,4395674,160.83999633789062,161.39999389648438,150.0,151.60000610351562,8602756,46.999900817871094,49.689998626708984,46.84000015258789,49.22999954223633,6699191
2026-07-15 13:30:00-04:00,718.1694946289062,718.5900268554688,715.260009765625,715.280029296875,2845339,164.40980529785156,165.55380249023438,160.2100067138672,160.8300018310547,5922410,46.11989974975586,47.099998474121094,45.82500076293945,46.974998474121094,4826912
2026-07-15 14:30:00-04:00,716.219970703125,718.4299926757812,714.9204711914062,718.1699829101562,2841636,163.5399932861328,165.14999389648438,159.5,164.5,5367266,46.36000061035156,47.290000915527344,45.93000030517578,46.0703010559082,4684426
2026-07-15 15:30:00-04:00,717.6900024414062,717.8400268554688,715.4600219726562,716.25,2844717,165.50999450683594,166.5399932861328,162.17999267578125,163.55999755859375,8871099,45.939998626708984,46.60499954223633,45.599998474121094,46.33000183105469,2754201
2026-07-16 09:30:00-04:00,712.469970703125,713.594970703125,707.0,712.0,8246116,151.9199981689453,155.8300018310547,144.5,150.44000244140625,26412039,49.37009811401367,51.52939987182617,48.310001373291016,49.77000045776367,29375518
2026-07-16 10:30:00-04:00,710.594970703125,713.0700073242188,708.9199829101562,712.4749755859375,3505185,146.6999969482422,151.97000122070312,144.6999969482422,151.8000030517578,7648007,50.869998931884766,51.43989944458008,49.38999938964844,49.41999816894531,6975796
2026-07-16 11:30:00-04:00,707.9600219726562,717.739990234375,707.1199951171875,710.5850219726562,4912662,142.25,148.6999053955078,140.8000030517578,146.7989959716797,8152637,52.119998931884766,52.540000915527344,50.310001373291016,50.86000061035156,7336631
2026-07-16 12:30:00-04:00,708.739990234375,709.2000122070312,707.2750244140625,707.969970703125,2953381,141.50320434570312,143.64990234375,139.69000244140625,142.2899932861328,6820775,52.340599060058594,52.8494987487793,51.730899810791016,52.119998931884766,4422596
2026-07-16 13:30:00-04:00,707.2100219726562,709.010009765625,706.0,708.7899780273438,4161579,142.3699951171875,143.75990295410156,138.0,141.46600341796875,6571309,52.12580108642578,53.337501525878906,51.70000076293945,52.33000183105469,4268303
2026-07-16 14:30:00-04:00,704.2899780273438,707.0999755859375,703.5900268554688,707.0999755859375,4935634,140.6699981689453,142.30499267578125,138.6199951171875,142.30499267578125,5774005,52.56999969482422,53.16999816894531,52.119998931884766,52.119998931884766,3773113
2026-07-16 15:30:00-04:00,706.02001953125,706.4600219726562,702.6099853515625,704.2899780273438,6635170,142.50999450683594,142.8800048828125,138.3000030517578,140.63999938964844,10855121,52.09000015258789,53.27000045776367,52.0,52.599998474121094,4412164
2026-07-17 09:30:00-04:00,697.0299072265625,698.4199829101562,686.760009765625,691.6300048828125,16805444,133.47500610351562,137.1999969482422,116.47000122070312,124.7300033569336,49893399,55.314998626708984,61.599998474121094,54.0,58.59000015258789,49997540
2026-07-17 10:30:00-04:00,695.0449829101562,698.5700073242188,693.1400146484375,697.0549926757812,7720477,130.47999572753906,135.97999572753906,127.52010345458984,133.5399932861328,11765315,56.46989822387695,57.559898376464844,54.439998626708984,55.31999969482422,17612142
2026-07-17 11:30:00-04:00,699.0,700.0499877929688,694.3099975585938,695.135009765625,6816698,139.14999389648438,141.6199951171875,129.11000061035156,130.3699951171875,11325678,53.290000915527344,56.91999816894531,52.369998931884766,56.47999954223633,11442114
2026-07-17 12:30:00-04:00,702.0,702.2999877929688,698.3699951171875,698.97998046875,5128227,143.44000244140625,144.39999389648438,138.11749267578125,138.99000549316406,6684351,51.68000030517578,53.630001068115234,51.34000015258789,53.29999923706055,6238318
2026-07-17 13:30:00-04:00,697.52001953125,702.1500244140625,696.77001953125,701.989990234375,4360035,136.78500366210938,143.6999969482422,134.88999938964844,143.39999389648438,6099833,54.130001068115234,54.79999923706055,51.56999969482422,51.66999816894531,7831125
2026-07-17 14:30:00-04:00,696.0900268554688,698.4199829101562,694.22998046875,697.5,4110061,135.6699981689453,138.24000549316406,132.39999389648438,136.75,6613247,54.540000915527344,55.75,53.56999969482422,54.130001068115234,6720596
2026-07-17 15:30:00-04:00,695.2999877929688,697.5,695.0800170898438,696.1199951171875,4263436,135.28500366210938,138.2301025390625,134.57009887695312,135.75999450683594,10325840,54.90999984741211,55.0,53.6619987487793,54.529998779296875,6015838
2026-07-20 09:30:00-04:00,701.89501953125,705.7999877929688,698.9099731445312,702.260009765625,8713920,144.67999267578125,148.74000549316406,139.2899932861328,143.52000427246094,23513243,50.81999969482422,52.970001220703125,49.11000061035156,51.189998626708984,27700391
2026-07-20 10:30:00-04:00,701.5399780273438,702.3599853515625,698.0800170898438,701.8800048828125,3232497,143.25,145.38999938964844,138.69000244140625,144.52000427246094,6437492,51.369998931884766,53.2599983215332,50.498634338378906,50.81999969482422,7875535
2026-07-20 11:30:00-04:00,703.1873779296875,704.02001953125,700.5399780273438,701.54052734375,2929182,144.5500030517578,146.3699951171875,141.89999389648438,143.37989807128906,4243906,50.84000015258789,51.90999984741211,50.099998474121094,51.349998474121094,4270094
2026-07-20 12:30:00-04:00,700.1530151367188,703.5399780273438,699.030029296875,703.260009765625,3334011,141.6300048828125,144.78500366210938,140.50999450683594,144.5800018310547,3349030,52.0099983215332,52.4900016784668,50.720001220703125,50.81999969482422,3783739
2026-07-20 13:30:00-04:00,699.9346923828125,701.3900146484375,698.7999877929688,700.1599731445312,2021928,141.2050018310547,143.0800018310547,140.25050354003906,141.7100067138672,2324054,52.22999954223633,52.589900970458984,51.43000030517578,52.000301361083984,2022315
2026-07-20 14:30:00-04:00,697.6799926757812,699.9598999023438,696.260009765625,699.9500122070312,3411175,138.17999267578125,141.36000061035156,136.39999389648438,141.1199951171875,4199331,53.401100158691406,54.150001525878906,52.15039825439453,52.23500061035156,3735196
2026-07-20 15:30:00-04:00,695.989990234375,698.5991821289062,695.510009765625,697.7100219726562,3943602,136.86000061035156,138.82000732421875,135.6649932861328,138.02999877929688,6606162,53.939998626708984,54.40999984741211,53.11000061035156,53.41999816894531,2639573
2026-07-21 09:30:00-04:00,706.22998046875,707.1300048828125,702.8099975585938,706.6799926757812,7543336,153.57269287109375,157.1199951171875,148.8699951171875,155.83999633789062,22384271,47.220001220703125,49.09000015258789,45.850101470947266,46.34000015258789,27783756
2026-07-21 10:30:00-04:00,708.6900024414062,708.989990234375,705.2000122070312,706.219970703125,3527319,158.18600463867188,159.0,152.9600067138672,153.5399932861328,7242093,45.39950180053711,47.45000076293945,45.099998474121094,47.2400016784668,10254501
2026-07-21 11:30:00-04:00,708.8300170898438,709.4099731445312,707.4299926757812,708.6599731445312,2992245,158.35000610351562,159.2899932861328,155.8300018310547,158.1999969482422,3836723,45.310001373291016,46.33000183105469,44.95000076293945,45.419898986816406,6421704
2026-07-21 12:30:00-04:00,709.3150024414062,709.8800048828125,708.6300048828125,708.8499755859375,3227271,159.71359252929688,160.63999938964844,157.8000030517578,158.42999267578125,3364101,44.79499816894531,45.54990005493164,44.439998626708984,45.310001373291016,5621568
2026-07-21 13:30:00-04:00,709.1599731445312,710.0499877929688,709.030029296875,709.3300170898438,2755385,158.72000122070312,160.3300018310547,158.49000549316406,159.71080017089844,2002269,45.18000030517578,45.25,44.55009841918945,44.790000915527344,3629105
2026-07-21 14:30:00-04:00,708.3900146484375,709.8900146484375,708.3300170898438,709.1500244140625,2300871,156.4499969482422,160.0399932861328,156.33999633789062,158.74000549316406,4136981,46.0099983215332,46.060001373291016,44.65999984741211,45.16999816894531,5293029
2026-07-21 15:30:00-04:00,708.9500122070312,709.8599853515625,708.3300170898438,708.4199829101562,6703445,158.41000366210938,159.99000549316406,156.18499755859375,156.50999450683594,8367832,45.209999084472656,46.119998931884766,44.650001525878906,46.0,4279015
2026-07-22 09:30:00-04:00,706.7098999023438,708.239990234375,703.6400146484375,703.6400146484375,7808357,159.50999450683594,160.92999267578125,147.0,147.09500122070312,20786996,44.93000030517578,48.564998626708984,44.529998779296875,48.564998626708984,27862915
2026-07-22 10:30:00-04:00,709.22998046875,709.6472778320312,705.5800170898438,706.6900024414062,3469678,164.66000366210938,165.75,158.02999877929688,159.50999450683594,6211031,43.439998626708984,45.34000015258789,43.119998931884766,44.92499923706055,9344192
2026-07-22 11:30:00-04:00,708.9025268554688,709.4876708984375,708.013671875,709.239990234375,1923952,163.59019470214844,165.2550048828125,162.281005859375,164.7100067138672,3175642,43.75,44.099998474121094,43.27000045776367,43.439998626708984,4498488
2026-07-22 12:30:00-04:00,708.769775390625,709.3499755859375,708.0700073242188,708.9000244140625,1390156,164.68499755859375,165.39999389648438,162.1999969482422,163.6199951171875,2849901,43.419898986816406,44.130001068115234,43.20000076293945,43.709999084472656,4125031
2026-07-22 13:30:00-04:00,707.1300048828125,709.0900268554688,706.739990234375,708.7150268554688,1463826,162.9739990234375,165.13999938964844,162.39010620117188,164.6300048828125,1892872,43.900001525878906,44.040000915527344,43.290000915527344,43.415000915527344,2543284
2026-07-22 14:30:00-04:00,707.5004272460938,707.6799926757812,706.4000244140625,707.1201171875,1681142,164.0,164.35000610351562,161.85000610351562,162.94500732421875,1974889,43.595001220703125,44.20000076293945,43.4900016784668,43.904998779296875,3057775
2026-07-22 15:30:00-04:00,705.27001953125,707.530029296875,705.1900024414062,707.5,2698683,160.9499969482422,164.17999267578125,160.1999969482422,163.97500610351562,4889626,44.5099983215332,44.59000015258789,43.550201416015625,43.599998474121094,3507061
2026-07-23 09:30:00-04:00,695.1400146484375,698.6599731445312,693.2100219726562,694.6400146484375,10898377,161.0,162.9199981689453,152.00999450683594,152.16000366210938,21226344,44.45000076293945,46.9900016784668,43.91999816894531,46.9900016784668,28250376
2026-07-23 10:30:00-04:00,688.6300048828125,695.989990234375,688.155029296875,695.0150146484375,7371596,151.7899932861328,161.6999969482422,151.05999755859375,160.91000366210938,7216992,47.03739929199219,47.220001220703125,44.25,44.43000030517578,12342627
2026-07-23 11:30:00-04:00,694.4199829101562,694.5900268554688,687.7999877929688,688.6300048828125,5335308,158.77000427246094,158.92999267578125,150.6468963623047,151.8000030517578,5152463,45.10499954223633,47.34000015258789,45.05059814453125,47.0099983215332,6676769
2026-07-23 12:30:00-04:00,693.139892578125,695.1500244140625,691.4915771484375,694.3900146484375,3268953,156.58999633789062,160.94000244140625,153.72000122070312,158.7100067138672,4472416,45.68939971923828,46.4900016784668,44.470001220703125,45.11000061035156,6008199
2026-07-23 13:30:00-04:00,691.1699829101562,693.1300048828125,690.40380859375,693.0,2950937,153.66009521484375,156.75599670410156,152.5,156.625,2386049,46.51499938964844,46.845001220703125,45.63999938964844,45.689998626708984,3299483
2026-07-23 14:30:00-04:00,691.280029296875,691.8499755859375,689.3499755859375,691.1400146484375,3060585,156.22999572753906,156.25570678710938,151.4499969482422,153.74000549316406,4364814,45.880001068115234,47.15999984741211,45.855499267578125,46.5,4058643
2026-07-23 15:30:00-04:00,691.9199829101562,692.4299926757812,688.9299926757812,691.3300170898438,4713913,157.22000122070312,157.5500030517578,152.42599487304688,156.24000549316406,7718848,45.599998474121094,46.92610168457031,45.529998779296875,45.86000061035156,3238310
2026-07-24 09:30:00-04:00,686.8800048828125,692.4500122070312,684.6400146484375,690.25,10414681,142.77999877929688,154.5,139.24920654296875,151.4499969482422,21806364,49.7599983215332,50.869998931884766,46.400001525878906,47.279998779296875,27629722
2026-07-24 10:30:00-04:00,689.4974975585938,690.8499755859375,683.5460205078125,686.9063720703125,6146095,142.2899932861328,144.80999755859375,136.27000427246094,142.86000061035156,10718642,49.959999084472656,51.70000076293945,49.209999084472656,49.76110076904297,8973457
2026-07-24 11:30:00-04:00,691.1129760742188,692.6300048828125,689.1199951171875,689.5,3626486,145.10000610351562,148.8000030517578,141.7100067138672,142.3699951171875,6304252,49.12080001831055,50.109901428222656,48.029998779296875,49.939998626708984,6054892
2026-07-24 12:30:00-04:00,689.7899780273438,691.1099853515625,687.7000122070312,691.030029296875,3373554,144.1199951171875,145.1199951171875,141.1699981689453,145.00999450683594,4070379,49.400001525878906,50.2599983215332,49.11000061035156,49.149898529052734,4733957
2026-07-24 13:30:00-04:00,685.4849853515625,690.5062866210938,685.4500122070312,689.8099975585938,2955664,138.39999389648438,145.25,138.22999572753906,144.18499755859375,3702089,51.10499954223633,51.149898529052734,49.11000061035156,49.400001525878906,3400644
2026-07-24 14:30:00-04:00,683.469970703125,685.719970703125,682.47998046875,685.5175170898438,6929053,135.75,138.66000366210938,132.5500030517578,138.47999572753906,10614678,51.900001525878906,52.81999969482422,51.010101318359375,51.100101470947266,6728064
2026-07-24 15:30:00-04:00,684.219970703125,684.6599731445312,682.760009765625,683.47998046875,5696963,136.7899932861328,137.25,133.74000549316406,135.88490295410156,11385400,51.61000061035156,52.4900016784668,51.47999954223633,51.86000061035156,4283252
2026-07-27 09:30:00-04:00,679.4600219726562,692.260009765625,679.27001953125,691.719970703125,11064632,120.98989868164062,142.1898956298828,120.7300033569336,140.64999389648438,24762265,57.61000061035156,57.689998626708984,49.500099182128906,50.09000015258789,24925213
2026-07-27 10:30:00-04:00,679.1199951171875,682.1503295898438,675.9450073242188,679.4600219726562,8025442,118.05999755859375,125.37989807128906,115.44999694824219,120.9000015258789,24041922,58.66999816894531,59.66999816894531,55.88999938964844,57.60499954223633,18401624
2026-07-27 11:30:00-04:00,681.094970703125,682.3400268554688,676.9099731445312,679.219970703125,4610679,123.31999969482422,124.63999938964844,116.15499877929688,118.0999984741211,9975872,56.66999816894531,59.41999816894531,56.15999984741211,58.630001068115234,6858827
2026-07-27 12:30:00-04:00,677.3900146484375,682.1300048828125,677.0800170898438,681.1099853515625,3981465,119.01069641113281,124.98999786376953,118.5999984741211,123.39990234375,5790058,58.27000045776367,58.43000030517578,56.010101318359375,56.63999938964844,4268647
2026-07-27 13:30:00-04:00,679.3400268554688,680.2999877929688,677.3400268554688,677.3900146484375,3097307,122.13999938964844,122.69999694824219,118.97000122070312,119.11000061035156,3889139,57.110599517822266,58.29999923706055,56.869998931884766,58.279998779296875,2355962
2026-07-27 14:30:00-04:00,683.280029296875,683.3699951171875,677.8499755859375,679.3599853515625,4467831,129.69639587402344,129.6999969482422,120.31999969482422,122.12999725341797,7884018,54.28010177612305,57.79999923706055,54.27000045776367,57.099998474121094,4589251
2026-07-27 15:30:00-04:00,682.0599975585938,683.5999755859375,681.1649780273438,683.3499145507812,4549408,128.08999633789062,130.1999969482422,126.5999984741211,129.6999969482422,10833160,54.92499923706055,55.45000076293945,54.099998474121094,54.279998779296875,4221788
2026-07-28 09:30:00-04:00,670.3699951171875,677.2999877929688,667.8800048828125,676.1900024414062,16945019,104.40950012207031,114.56999969482422,101.52999877929688,113.1500015258789,51062350,65.07050323486328,66.29000091552734,60.7400016784668,61.279998779296875,34462757
2026-07-28 10:30:00-04:00,676.6400146484375,677.75,669.4500122070312,670.3900146484375,8006380,109.33499908447266,111.51000213623047,103.12999725341797,104.30000305175781,19033897,62.900001525878906,65.60870361328125,61.97999954223633,65.0801010131836,9985890
2026-07-28 11:30:00-04:00,677.3046875,679.1300048828125,676.219970703125,676.6300048828125,5482410,111.1500015258789,114.77999877929688,109.0,109.3499984741211,12168918,62.18000030517578,63.099998474121094,60.599998474121094,62.93000030517578,7634653
2026-07-28 12:30:00-04:00,677.4000244140625,679.4000244140625,676.3300170898438,677.3590087890625,3811030,110.96369934082031,113.69999694824219,108.70500183105469,111.15010070800781,7513428,62.244998931884766,63.20000076293945,61.04999923706055,62.20000076293945,4192139
2026-07-28 13:30:00-04:00,675.64501953125,678.4500122070312,675.3499755859375,677.375,3490333,108.60079956054688,112.18000030517578,108.33999633789062,110.91999816894531,4324285,63.2588005065918,63.38990020751953,61.720001220703125,62.2599983215332,3124868
2026-07-28 14:30:00-04:00,677.9099731445312,678.010009765625,675.5599975585938,675.6799926757812,3068636,114.52999877929688,114.6500015258789,108.55000305175781,108.6500015258789,8072192,60.75,63.2599983215332,60.68000030517578,63.220001220703125,3056354
2026-07-28 15:30:00-04:00,675.5,678.0599975585938,675.280029296875,677.9500122070312,5562702,109.51000213623047,114.94999694824219,109.27999877929688,114.5199966430664,13416094,62.91999816894531,63.0,60.560001373291016,60.7400016784668,3066557
2026-07-29 09:30:00-04:00,667.280029296875,677.4600219726562,666.4849853515625,675.4600219726562,10341293,98.1697006225586,112.66850280761719,97.06999969482422,107.62000274658203,43290164,69.42630004882812,70.0199966430664,61.040000915527344,63.970001220703125,29998842
2026-07-29 10:30:00-04:00,666.8300170898438,669.2999877929688,665.77001953125,667.27001953125,4484021,97.04000091552734,100.93000030517578,95.51000213623047,98.22899627685547,18613988,70.04319763183594,71.0198974609375,67.80999755859375,69.4800033569336,8956661
2026-07-29 11:30:00-04:00,666.780029296875,667.8099975585938,663.2999877929688,666.8800048828125,5361782,95.25,97.48999786376953,92.41010284423828,97.0,14286435,71.07350158691406,72.75,69.80000305175781,70.08000183105469,7352215
2026-07-29 12:30:00-04:00,669.1099853515625,671.510009765625,665.1500244140625,666.7000122070312,5669703,97.05000305175781,99.5,93.66000366210938,95.20999908447266,9868718,70.05999755859375,72.0,68.62999725341797,71.12989807128906,3844145
2026-07-29 13:30:00-04:00,672.1900024414062,674.9000244140625,668.5999755859375,669.22998046875,6711623,99.5999984741211,103.29989624023438,96.72000122070312,97.0250015258789,12549621,68.62000274658203,70.21479797363281,66.42500305175781,70.08499908447266,5321074
2026-07-29 14:30:00-04:00,670.77001953125,680.0499877929688,669.0900268554688,672.1699829101562,9061651,101.3499984741211,109.25,98.16000366210938,99.58999633789062,18978917,67.55960083007812,69.36000061035156,62.970001220703125,68.63999938964844,9328329
2026-07-29 15:30:00-04:00,661.6300048828125,671.5679931640625,661.14501953125,670.77001953125,8951148,92.01000213623047,102.8499984741211,91.5,101.45999908447266,18277506,73.22000122070312,73.30000305175781,66.79000091552734,67.57499694824219,6697238
2026-07-30 09:30:00-04:00,683.219970703125,683.6400146484375,673.2999877929688,674.6900024414062,15940089,117.23999786376953,117.33000183105469,105.12000274658203,107.37999725341797,50704096,52.275001525878906,62.0099983215332,52.220001220703125,60.22999954223633,32496501
2026-07-30 10:30:00-04:00,678.1950073242188,683.7100219726562,677.75,683.260009765625,7534082,113.0,118.0,111.68000030517578,117.23999786376953,15679911,55.619998931884766,56.71149826049805,51.63999938964844,52.275001525878906,18212820
2026-07-30 11:30:00-04:00,681.3499755859375,682.5499877929688,677.9000244140625,678.1599731445312,7908852,114.88999938964844,116.30999755859375,112.66000366210938,113.04000091552734,6627044,54.1150016784668,55.900001525878906,53.029998779296875,55.595001220703125,6659112
2026-07-30 12:30:00-04:00,681.97998046875,682.89111328125,679.25,681.35498046875,7336422,114.95999908447266,115.95999908447266,112.51899719238281,114.86000061035156,5017538,54.09000015258789,56.04999923706055,53.30099868774414,54.149898529052734,6225292
2026-07-30 13:30:00-04:00,682.3300170898438,682.9199829101562,681.27001953125,682.0,4234564,114.06999969482422,115.3499984741211,113.318603515625,114.98999786376953,3224411,54.82500076293945,55.369998931884766,53.81999969482422,54.08000183105469,3725902
2026-07-30 14:30:00-04:00,683.8400268554688,685.1199951171875,681.510009765625,682.3250122070312,6303349,114.66000366210938,116.58000183105469,112.62000274658203,114.11000061035156,7012399,54.279998779296875,55.939998626708984,52.76240158081055,54.810001373291016,6292960
2026-07-30 15:30:00-04:00,683.5999755859375,684.3499755859375,682.9000244140625,683.8200073242188,10064291,115.06999969482422,115.80999755859375,114.44999694824219,114.6500015258789,11194224,53.91999816894531,54.4640007019043,53.350101470947266,54.31999969482422,4957432
2026-07-31 09:30:00-04:00,684.2000122070312,695.77001953125,680.0512084960938,692.1199951171875,18029467,119.69000244140625,133.8800048828125,112.41999816894531,129.89999389648438,55080692,51.83000183105469,55.20000076293945,45.18000030517578,47.06999969482422,58018104
2026-07-31 10:30:00-04:00,681.77001953125,686.510009765625,681.0700073242188,684.239990234375,7209068,115.81999969482422,121.59989929199219,114.08000183105469,119.62000274658203,12663538,53.635101318359375,54.42919921875,50.90999984741211,51.84000015258789,13136649
2026-07-31 11:30:00-04:00,686.9299926757812,686.9299926757812,680.9400024414062,681.719970703125,3657729,119.0,119.0,114.58979797363281,115.73999786376953,7273473,52.11000061035156,54.158199310302734,52.11000061035156,53.6349983215332,6855968
2026-07-31 12:30:00-04:00,689.3599853515625,689.719970703125,685.6300048828125,686.9500122070312,3527804,120.5199966430664,120.97000122070312,116.7699966430664,119.0,6304004,51.439998626708984,53.15999984741211,51.20500183105469,52.119998931884766,4823070
2026-07-31 13:30:00-04:00,688.3800048828125,690.3499755859375,687.760009765625,689.3699951171875,3654902,118.59500122070312,121.9000015258789,117.60050201416016,120.44010162353516,5304598,52.280399322509766,52.7599983215332,50.7504997253418,51.459999084472656,4475802
2026-07-31 14:30:00-04:00,689.7000122070312,690.25,688.030029296875,688.5800170898438,3737502,118.68000030517578,119.56950378417969,117.33000183105469,118.6500015258789,4857491,52.27000045776367,52.86000061035156,51.84000015258789,52.22999954223633,3094385
2026-07-31 15:30:00-04:00,688.010009765625,690.8800048828125,687.47998046875,689.6699829101562,4968185,114.61000061035156,119.0,114.61000061035156,118.63999938964844,7384941,54.275001525878906,54.290000915527344,52.099998474121094,52.2322998046875,4311641
2026-08-03 09:30:00-04:00,694.6199951171875,694.75,685.8200073242188,688.3400268554688,9631902,111.45999908447266,111.6500015258789,102.08999633789062,106.1500015258789,36283990,55.65420150756836,60.27000045776367,55.590999603271484,58.2400016784668,34653539
2026-08-03 10:30:00-04:00,695.9199829101562,697.6900024414062,694.219970703125,694.6699829101562,7294989,110.88999938964844,116.94000244140625,110.59010314941406,111.51499938964844,14580969,55.95000076293945,56.059898376464844,53.04999923706055,55.630001068115234,12099829
2026-08-03 11:30:00-04:00,698.489990234375,698.6923828125,695.875,695.9500122070312,4085985,114.10040283203125,115.69000244140625,110.75,110.9000015258789,6802139,54.4099006652832,56.005001068115234,53.63999938964844,55.939998626708984,5208811
2026-08-03 12:30:00-04:00,699.6699829101562,699.7598266601562,697.8699951171875,698.47998046875,3639411,114.98999786376953,115.0989990234375,112.60009765625,114.1500015258789,4223416,53.97999954223633,55.10499954223633,53.91999816894531,54.38999938964844,3117623
2026-08-03 13:30:00-04:00,699.8001098632812,701.5900268554688,699.4000244140625,699.6699829101562,5489176,116.0,118.87000274658203,114.75980377197266,114.98999786376953,5977361,53.470001220703125,54.0796012878418,52.130001068115234,53.970001220703125,5767535
2026-08-03 14:30:00-04:00,700.3599853515625,701.1099853515625,699.6099853515625,699.8400268554688,4519964,116.48999786376953,117.37999725341797,115.4000015258789,116.01499938964844,4316430,53.25,53.7599983215332,52.81999969482422,53.470001220703125,3103246
2026-08-03 15:30:00-04:00,700.0800170898438,700.9400024414062,699.27001953125,700.3800048828125,6710654,116.72000122070312,117.38999938964844,115.93000030517578,116.48999786376953,5757924,53.099998474121094,53.4900016784668,52.79010009765625,53.239601135253906,2361071
2026-08-04 09:30:00-04:00,716.0050048828125,716.219970703125,707.5900268554688,708.2050170898438,12424997,134.56210327148438,136.13999938964844,129.66000366210938,131.5050048828125,34329134,45.0099983215332,47.31999969482422,44.290000915527344,46.540000915527344,35978991
2026-08-04 10:30:00-04:00,717.989990234375,718.5700073242188,715.0700073242188,716.0800170898438,8714972,136.91749572753906,137.9600067138672,133.44000244140625,134.57000732421875,7050589,43.935001373291016,45.5099983215332,43.45000076293945,45.01499938964844,10706499
2026-08-04 11:30:00-04:00,719.6500244140625,719.969970703125,717.5800170898438,717.97998046875,7241595,138.94000244140625,139.57000732421875,136.72000122070312,136.9593048095703,5141430,43.029998779296875,44.02000045776367,42.730098724365234,43.939998626708984,7149962
2026-08-04 12:30:00-04:00,722.3499755859375,722.5,719.4000244140625,719.6649780273438,7429820,140.7550048828125,141.0,138.61000061035156,138.9499969482422,3844385,42.20130157470703,43.15760040283203,42.08000183105469,43.02000045776367,4789391
2026-08-04 13:30:00-04:00,723.8298950195312,724.280029296875,721.9849853515625,722.3200073242188,6363976,141.17999267578125,142.19000244140625,139.20030212402344,140.7100067138672,4786877,42.0,42.8849983215332,41.560001373291016,42.209999084472656,6506994
2026-08-04 14:30:00-04:00,724.2943725585938,725.3800048828125,722.8699951171875,723.8400268554688,4635273,141.3000030517578,142.41990661621094,140.2200927734375,141.17999267578125,5171589,41.90999984741211,42.40999984741211,41.40999984741211,42.005001068115234,5118033
2026-08-04 15:30:00-04:00,723.6799926757812,725.6500244140625,723.0999755859375,724.2849731445312,6364445,140.14999389648438,141.6999969482422,139.8000030517578,141.27000427246094,8970290,42.38999938964844,42.58000183105469,41.70000076293945,41.93000030517578,5287391
2026-08-05 09:30:00-04:00,724.719970703125,728.5399780273438,724.4000244140625,726.2249755859375,9066634,135.17999267578125,144.33999633789062,134.1887969970703,135.5399932861328,27445790,43.970001220703125,44.279998779296875,41.20000076293945,43.779998779296875,31560808
2026-08-05 10:30:00-04:00,722.0850219726562,724.7999267578125,721.02001953125,724.6699829101562,6904424,133.27999877929688,135.25,130.0,135.11000061035156,10077919,44.54999923706055,45.59000015258789,43.95500183105469,43.97999954223633,10645337
2026-08-05 11:30:00-04:00,722.6649780273438,723.3250122070312,719.489990234375,722.0800170898438,4125712,137.86000061035156,137.93260192871094,132.41000366210938,133.23500061035156,6045095,43.15999984741211,44.829898834228516,43.13999938964844,44.54999923706055,5637551
2026-08-05 12:30:00-04:00,720.77001953125,722.8800048828125,720.4500122070312,722.655029296875,2185639,134.7949981689453,138.0800018310547,134.2899932861328,137.9199981689453,3987160,44.09000015258789,44.22600173950195,43.08000183105469,43.150001525878906,3912865
2026-08-05 13:30:00-04:00,721.3099975585938,721.5599975585938,720.3200073242188,720.7999877929688,1982661,136.10000610351562,136.22999572753906,134.25,134.69000244140625,2127708,43.70000076293945,44.2400016784668,43.650001525878906,44.09000015258789,1846049
2026-08-05 14:30:00-04:00,720.8887939453125,721.4099731445312,719.9400024414062,721.3200073242188,2549025,137.11000061035156,137.7899932861328,134.60000610351562,136.08999633789062,4321907,43.415000915527344,44.169898986816406,43.21500015258789,43.709999084472656,2728602
2026-08-05 15:30:00-04:00,717.219970703125,721.030029296875,716.9299926757812,720.875,3469631,131.60499572753906,137.47999572753906,131.0500030517578,137.13999938964844,8074339,45.130001068115234,45.29999923706055,43.31999969482422,43.400001525878906,4182537
2026-08-06 09:30:00-04:00,716.8400268554688,718.8599853515625,708.5,710.760009765625,10766505,137.0050048828125,139.86000061035156,120.74659729003906,125.2300033569336,26355350,43.20000076293945,48.83000183105469,42.22999954223633,47.15999984741211,31912749
2026-08-06 10:30:00-04:00,717.4199829101562,719.3200073242188,715.614990234375,716.9500122070312,4242031,138.3699951171875,140.0,134.33099365234375,137.07000732421875,7950434,42.73500061035156,44.099998474121094,42.15999984741211,43.209999084472656,11510229
2026-08-06 11:30:00-04:00,714.0900268554688,717.8599243164062,713.530029296875,717.47998046875,3792227,133.0699005126953,139.10000610351562,132.28700256347656,138.28390502929688,5392947,44.578800201416016,44.810001373291016,42.47999954223633,42.72829818725586,8899656
2026-08-06 12:30:00-04:00,715.3900146484375,716.5800170898438,713.8599853515625,714.1099853515625,2497653,136.05999755859375,137.5272979736328,132.8000030517578,132.96170043945312,3664560,43.52009963989258,44.63999938964844,43.0099983215332,44.56999969482422,5369470
2026-08-06 13:30:00-04:00,716.1199951171875,716.5499877929688,714.0,715.3900146484375,2578142,136.94700622558594,137.66000366210938,134.38999938964844,136.0,2656351,43.238800048828125,44.5,42.97050094604492,43.529998779296875,4379873
2026-08-06 14:30:00-04:00,714.9000244140625,716.405029296875,714.6599731445312,716.0999755859375,3079768,134.9113006591797,137.5,134.36000061035156,136.9499053955078,3002649,43.900001525878906,44.099700927734375,43.0099983215332,43.25,3549210
2026-08-06 15:30:00-04:00,714.6199951171875,715.8099975585938,714.110107421875,714.9000244140625,3282341,132.4600067138672,135.84730529785156,132.10000610351562,134.8699951171875,5196933,44.82500076293945,44.939998626708984,43.59000015258789,43.90999984741211,3431723
2026-08-07 09:30:00-04:00,721.25,722.7100219726562,716.52001953125,720.1900024414062,9053853,137.24349975585938,143.9199981689453,131.55999755859375,141.97000122070312,27477059,43.13999938964844,45.077598571777344,40.900001525878906,41.540000915527344,28622026
2026-08-07 10:30:00-04:00,722.7999877929688,722.8599853515625,718.8300170898438,721.2680053710938,4421886,138.84500122070312,139.47999572753906,133.02000427246094,137.2086944580078,8688926,42.599998474121094,44.58000183105469,42.380001068115234,43.13740158081055,7827773
2026-08-07 11:30:00-04:00,720.0999755859375,723.4998779296875,719.5015869140625,722.7999877929688,3906401,137.42999267578125,140.55990600585938,136.6699981689453,138.7899932861328,5409322,43.099998474121094,43.33000183105469,42.0099983215332,42.59000015258789,5883959
2026-08-07 12:30:00-04:00,720.9199829101562,721.6799926757812,719.0499877929688,720.0999755859375,2419183,139.38009643554688,139.90499877929688,135.86000061035156,137.39999389648438,3179759,42.40999984741211,43.59000015258789,42.2400016784668,43.08599853515625,4133787
2026-08-07 13:30:00-04:00,719.8900146484375,721.27001953125,719.8201293945312,720.9000244140625,1760356,137.63580322265625,139.55499267578125,137.46389770507812,139.43760681152344,1900173,43.000099182128906,43.05870056152344,42.36000061035156,42.400001525878906,2266136
2026-08-07 14:30:00-04:00,722.4199829101562,722.719970703125,719.2349853515625,719.9000244140625,3564863,139.50999450683594,140.6497039794922,137.27000427246094,137.64999389648438,3821826,42.349998474121094,43.119998931884766,42.007301330566406,43.0,4088721
2026-08-07 15:30:00-04:00,723.0150146484375,723.6199951171875,721.5001831054688,722.4249877929688,3436222,140.25999450683594,140.6699981689453,137.6699981689453,139.5449981689453,7864183,42.06999969482422,42.974998474121094,41.91999816894531,42.36000061035156,3634089
2026-08-10 09:30:00-04:00,723.6699829101562,724.6699829101562,720.3400268554688,722.6500244140625,7336344,137.11000061035156,143.4499969482422,135.8300018310547,142.8000030517578,20222302,43.04100036621094,43.45000076293945,41.145999908447266,41.349998474121094,19812287
2026-08-10 10:30:00-04:00,721.6900024414062,724.52001953125,721.14501953125,723.7098999023438,3780419,134.20620727539062,138.64999389648438,133.19000244140625,137.1300048828125,6254862,43.92959976196289,44.220001220703125,42.59000015258789,43.06999969482422,6492157
2026-08-10 11:30:00-04:00,722.47998046875,723.64501953125,720.8300170898438,721.6500244140625,2486021,135.05999755859375,136.49000549316406,133.25,134.10000610351562,3327072,43.66999816894531,44.209999084472656,43.220001220703125,43.95000076293945,2831827
2026-08-10 12:30:00-04:00,721.9400024414062,722.6500244140625,720.5700073242188,722.4500122070312,2764821,133.97999572753906,135.3773956298828,133.0,135.0,3153915,43.97999954223633,44.279998779296875,43.56999969482422,43.689998626708984,3845420
2026-08-10 13:30:00-04:00,720.9749755859375,722.1666259765625,720.8599853515625,721.9400024414062,1550559,133.9199981689453,134.52000427246094,133.1300048828125,133.98500061035156,1450636,44.0099983215332,44.22600173950195,43.81999969482422,43.97999954223633,1863263
2026-08-10 14:30:00-04:00,721.7999877929688,722.139892578125,720.6900024414062,720.969970703125,1551022,135.55999755859375,135.97999572753906,133.81239318847656,133.9600067138672,3094837,43.54999923706055,44.03499984741211,43.41999816894531,44.0,1780572
2026-08-10 15:30:00-04:00,720.8049926757812,722.0700073242188,720.3300170898438,721.8800048828125,4607352,130.0,135.8300018310547,130.0,135.55999755859375,8819897,45.279998779296875,45.279998779296875,43.47999954223633,43.540000915527344,3708832
2026-08-11 09:30:00-04:00,721.8300170898438,723.2999877929688,718.4010009765625,723.2999877929688,6850179,135.8300018310547,136.60000610351562,131.8000946044922,136.25999450683594,15648376,43.13999938964844,44.560001373291016,42.849998474121094,43.0099983215332,18788283
2026-08-11 10:30:00-04:00,719.989990234375,722.4400024414062,719.8900146484375,721.7999877929688,3376357,133.3350067138672,136.07000732421875,132.92999267578125,135.72650146484375,3941971,43.9900016784668,44.119998931884766,43.042701721191406,43.099998474121094,4683696
2026-08-11 11:30:00-04:00,718.6300048828125,720.364990234375,718.0349731445312,720.0349731445312,2435455,132.34019470214844,133.9250030517578,131.88999938964844,133.3350067138672,2718457,44.36000061035156,44.5,43.79100036621094,43.9900016784668,2721880
2026-08-11 12:30:00-04:00,717.6599731445312,719.0700073242188,716.8699951171875,718.6099853515625,3586496,130.6300048828125,132.8000030517578,130.07000732421875,132.26499938964844,3215563,44.95000076293945,45.15999984741211,44.20000076293945,44.35129928588867,3086109
2026-08-11 13:30:00-04:00,716.1799926757812,718.469970703125,715.7899780273438,717.6680297851562,2967053,130.4311981201172,131.75929260253906,130.05999755859375,130.64999389648438,2623030,45.0099983215332,45.13999938964844,44.53499984741211,44.93000030517578,2336412
2026-08-11 14:30:00-04:00,718.0650024414062,718.1364135742188,716.0999755859375,716.1799926757812,4007748,131.8800048828125,131.97000122070312,130.30630493164062,130.4600067138672,2748377,44.5,45.04499816894531,44.45009994506836,45.0,2035746
2026-08-11 15:30:00-04:00,718.3400268554688,718.9349975585938,717.6500244140625,718.0900268554688,3980521,133.07000732421875,133.6199951171875,131.83999633789062,131.8800048828125,4982625,44.04999923706055,44.5099983215332,43.91999816894531,44.5,2587495
2026-08-12 09:30:00-04:00,725.22998046875,727.25,723.6099853515625,726.969970703125,9102226,146.0,147.6999969482422,142.63999938964844,147.3000030517578,27757687,39.768798828125,40.83000183105469,39.279998779296875,39.29999923706055,24957453
2026-08-12 10:30:00-04:00,724.22998046875,725.5999755859375,723.25,725.239990234375,5301376,145.64999389648438,146.08999633789062,143.6300048828125,145.99989318847656,5256748,39.88990020751953,40.599998474121094,39.7400016784668,39.7599983215332,6607599
2026-08-12 11:30:00-04:00,724.2000122070312,724.5499877929688,722.9199829101562,724.25,2464512,144.95010375976562,145.7100067138672,143.3000030517578,145.64999389648438,3086795,40.099998474121094,40.65999984741211,39.869998931884766,39.87120056152344,3979206
2026-08-12 12:30:00-04:00,725.0800170898438,725.4299926757812,723.6699829101562,724.2294921875,2185083,145.77000427246094,145.99000549316406,144.32000732421875,145.0010986328125,2533212,39.84000015258789,40.29999923706055,39.76499938964844,40.099998474121094,2598001
2026-08-12 13:30:00-04:00,724.739990234375,725.4149780273438,724.6599731445312,725.0700073242188,2211648,145.9499969482422,147.10000610351562,145.5,145.8000030517578,2832162,39.77000045776367,39.91999816894531,39.41999816894531,39.83869934082031,3423664
2026-08-12 14:30:00-04:00,724.0999755859375,725.5599975585938,723.8200073242188,724.739990234375,1817401,143.85000610351562,146.40020751953125,143.47000122070312,145.9583282470703,3155769,40.45989990234375,40.58000183105469,39.630001068115234,39.775001525878906,3413517
2026-08-12 15:30:00-04:00,723.6699829101562,724.1099243164062,723.0349731445312,724.0900268554688,4175318,142.22999572753906,143.82000732421875,141.8939971923828,143.82000732421875,7943246,40.95289993286133,41.08000183105469,40.45130157470703,40.459999084472656,4214776
2026-08-13 09:30:00-04:00,732.9600219726562,733.0399780273438,724.0399780273438,725.125,10430029,150.7100067138672,150.91000366210938,141.83999633789062,142.16000366210938,21255104,38.56930160522461,41.13999938964844,38.5,41.005001068115234,22529539
2026-08-13 10:30:00-04:00,731.9099731445312,733.7550048828125,731.7000122070312,732.9500122070312,5346685,153.0500030517578,154.12989807128906,150.46859741210938,150.6999969482422,8210488,37.89950180053711,38.62950134277344,37.560001373291016,38.564998626708984,11797614
2026-08-13 11:30:00-04:00,731.8300170898438,732.125,729.8599853515625,731.9199829101562,3394937,152.25,153.35000610351562,148.72999572753906,153.0800018310547,6730754,38.099998474121094,39.119998931884766,37.79130172729492,37.900001525878906,10113860
2026-08-13 12:30:00-04:00,733.0484008789062,733.3499755859375,731.4000854492188,731.8400268554688,1935657,152.9600067138672,153.56410217285156,150.82000732421875,152.3000030517578,2892975,37.915000915527344,38.500999450683594,37.75,38.099998474121094,4219617
2026-08-13 13:30:00-04:00,732.0,733.226318359375,731.7650146484375,733.0499877929688,2352568,150.8800048828125,153.19949340820312,150.61500549316406,152.9600067138672,2026280,38.5,38.589900970458984,37.845001220703125,37.91120147705078,3411648
2026-08-13 14:30:00-04:00,732.77001953125,733.9600219726562,732.010009765625,732.010009765625,2616587,147.2899932861328,151.5,147.13999938964844,150.89999389648438,4423942,39.529998779296875,39.579898834228516,38.33000183105469,38.47999954223633,6121267
2026-08-13 15:30:00-04:00,732.0599975585938,732.864013671875,731.5499877929688,732.739990234375,2965033,145.49000549316406,147.35000610351562,144.13999938964844,147.27999877929688,6262091,40.15999984741211,40.43000030517578,39.525001525878906,39.540000915527344,6221387
2026-08-14 09:30:00-04:00,731.4600830078125,734.3900146484375,730.8400268554688,733.260009765625,5946582,143.139892578125,146.64999389648438,141.36000061035156,143.7899932861328,18398363,40.720001220703125,41.220001220703125,39.72999954223633,40.61000061035156,19712198
2026-08-14 10:30:00-04:00,729.3201293945312,731.8400268554688,728.4199829101562,731.4721069335938,3069621,140.96530151367188,144.97999572753906,138.9199981689453,143.13999938964844,6662222,41.310001373291016,41.91939926147461,40.20000076293945,40.709999084472656,7868749
2026-08-14 11:30:00-04:00,730.0700073242188,730.2150268554688,728.3200073242188,729.3699951171875,2889901,141.9600067138672,142.25999450683594,138.89999389648438,140.97999572753906,4231577,41.04499816894531,41.904998779296875,40.959999084472656,41.310001373291016,4941825
2026-08-14 12:30:00-04:00,729.0131225585938,730.0999145507812,728.760009765625,730.0750122070312,1942631,140.25140380859375,142.2100067138672,139.8000030517578,141.92999267578125,2277722,41.52000045776367,41.65999984741211,40.974998474121094,41.040000915527344,2949708
2026-08-14 13:30:00-04:00,729.1799926757812,729.7999877929688,728.780029296875,729.030029296875,1816304,140.80999755859375,141.3000030517578,139.8000030517578,140.30999755859375,1544524,41.36000061035156,41.640098571777344,41.224998474121094,41.525001525878906,1832879
2026-08-14 14:30:00-04:00,729.8599853515625,730.0800170898438,729.0900268554688,729.22998046875,2632943,143.17999267578125,143.63999938964844,140.57000732421875,140.8000030517578,3640366,40.72999954223633,41.43000030517578,40.61000061035156,41.36000061035156,2817272
2026-08-14 15:30:00-04:00,731.0499877929688,731.1199951171875,729.760009765625,729.8599853515625,3336093,145.0,145.17999267578125,142.8000030517578,143.19000244140625,6741173,40.20940017700195,40.83000183105469,40.16999816894531,40.724998474121094,3200366
2026-08-17 09:30:00-04:00,732.4400024414062,734.030029296875,731.530029296875,732.9600219726562,6066528,152.8000030517578,153.8699951171875,148.89999389648438,150.60499572753906,15866374,38.0281982421875,39.0900993347168,37.72869873046875,38.650001525878906,21774377
2026-08-17 10:30:00-04:00,734.1799926757812,734.5800170898438,732.2000122070312,732.4500122070312,3721609,156.25,156.9241943359375,152.5800018310547,152.83999633789062,6406633,37.0713005065918,38.099998474121094,36.88990020751953,38.02000045776367,10623695
2026-08-17 11:30:00-04:00,732.7000122070312,734.280029296875,732.3699951171875,734.2000122070312,2978387,155.52999877929688,156.3699951171875,154.62620544433594,156.27000427246094,2747048,37.275001525878906,37.52000045776367,37.04999923706055,37.06990051269531,5150620
2026-08-17 12:30:00-04:00,730.0349731445312,732.8350219726562,729.9400024414062,732.7000122070312,3878631,152.94000244140625,156.0,152.67750549316406,155.53500366210938,2648550,37.980098724365234,38.060001373291016,37.150001525878906,37.27000045776367,5193326
2026-08-17 13:30:00-04:00,730.1900024414062,730.77001953125,729.64501953125,730.02001953125,2614815,153.17999267578125,154.58309936523438,152.13999938964844,152.9127960205078,2557094,37.904998779296875,38.20000076293945,37.529998779296875,37.9911994934082,5164283
2026-08-17 14:30:00-04:00,729.969970703125,731.0,729.7000122070312,730.1900024414062,2504386,150.80999755859375,154.3780059814453,150.66000366210938,153.22000122070312,3948549,38.564998626708984,38.619998931884766,37.5900993347168,37.904998779296875,5703003
2026-08-17 15:30:00-04:00,729.8599243164062,730.614990234375,729.27001953125,729.9400024414062,3236305,151.56649780273438,152.99000549316406,150.64999389648438,150.8000030517578,6954562,38.35499954223633,38.625,37.95000076293945,38.560001373291016,3772356
2026-08-18 09:30:00-04:00,719.731689453125,722.1300048828125,717.239990234375,720.219970703125,11529889,129.939697265625,137.60000610351562,126.63999938964844,136.08999633789062,35636088,43.929100036621094,44.77050018310547,41.939998626708984,42.88999938964844,38623309
2026-08-18 10:30:00-04:00,717.7625732421875,720.2000122070312,715.9199829101562,719.5999755859375,8237973,125.58899688720703,130.82000732421875,122.4000015258789,129.89999389648438,14168570,45.0260009765625,45.82939910888672,43.689998626708984,43.93000030517578,11917759
2026-08-18 11:30:00-04:00,718.22998046875,719.489990234375,717.1500244140625,717.7000122070312,7356272,124.87999725341797,127.95999908447266,124.79010009765625,125.58999633789062,7487313,45.18000030517578,45.220001220703125,44.404998779296875,45.04999923706055,6733317
2026-08-18 12:30:00-04:00,718.3499755859375,719.6699829101562,717.7999877929688,718.2000122070312,4517225,126.18000030517578,127.44999694824219,124.68499755859375,124.8499984741211,3667633,44.84000015258789,45.22999954223633,44.529998779296875,45.189998626708984,3569774
2026-08-18 13:30:00-04:00,718.010009765625,718.469970703125,716.6900024414062,718.3400268554688,5615548,125.2699966430664,126.58000183105469,123.19999694824219,126.08000183105469,4182036,45.084999084472656,45.619998931884766,44.7400016784668,44.869998931884766,3352026
2026-08-18 14:30:00-04:00,717.9199829101562,718.260009765625,717.0800170898438,718.010009765625,3206663,127.58999633789062,128.02999877929688,125.0,125.2699966430664,6318585,44.525001525878906,45.15999984741211,44.4015007019043,45.084999084472656,3707117
2026-08-18 15:30:00-04:00,717.5900268554688,718.1699829101562,716.9199829101562,717.9199829101562,5513784,129.0,129.1300048828125,126.15039825439453,127.55999755859375,11077850,44.165000915527344,44.900001525878906,44.11000061035156,44.529998779296875,5341703
2026-08-19 09:30:00-04:00,715.1699829101562,721.4998779296875,712.6099853515625,720.4099731445312,12649547,120.75,133.74000549316406,116.83999633789062,132.6300048828125,38014719,47.0,48.34000015258789,42.486000061035156,42.83000183105469,41047601
2026-08-19 10:30:00-04:00,718.3200073242188,718.7369995117188,714.8200073242188,715.1400146484375,3935023,122.51000213623047,123.55000305175781,120.0,120.73999786376953,9247515,46.3650016784668,47.2599983215332,46.005001068115234,46.99829864501953,9435306
2026-08-19 11:30:00-04:00,718.2999877929688,719.7000122070312,716.7999877929688,718.3200073242188,3037338,122.54000091552734,123.77999877929688,120.55999755859375,122.48999786376953,4392012,46.36000061035156,47.04499816894531,45.93000030517578,46.369998931884766,4456028
2026-08-19 12:30:00-04:00,716.5399780273438,718.52001953125,715.8300170898438,718.260009765625,2603234,121.0999984741211,123.72000122070312,120.60040283203125,122.55000305175781,3031413,46.86000061035156,47.02000045776367,45.95000076293945,46.350101470947266,2908721
2026-08-19 13:30:00-04:00,716.5,717.7899780273438,715.3800048828125,716.5399780273438,3225306,120.1500015258789,121.65950012207031,118.55000305175781,121.09809875488281,4127963,47.17829895019531,47.729801177978516,46.650001525878906,46.85499954223633,3607186
2026-08-19 14:30:00-04:00,716.9304809570312,717.510009765625,716.25,716.5001220703125,2649581,121.81500244140625,122.55000305175781,120.11000061035156,120.17500305175781,5667290,46.619998931884766,47.189998626708984,46.349998474121094,47.16999816894531,3265750
2026-08-19 15:30:00-04:00,716.1099853515625,717.760009765625,715.239990234375,716.9600219726562,4913886,120.55999755859375,122.43000030517578,119.61000061035156,121.80500030517578,9727351,47.029998779296875,47.380001068115234,46.40999984741211,46.61000061035156,2952545
2026-08-20 09:30:00-04:00,712.0900268554688,714.9400024414062,711.0499877929688,712.280029296875,8887959,121.38999938964844,123.93949890136719,117.42009735107422,119.98999786376953,24587210,46.68370056152344,48.290000915527344,45.720001220703125,47.33000183105469,24088272
2026-08-20 10:30:00-04:00,711.95361328125,714.625,710.8900146484375,712.0599975585938,4747376,121.58499908447266,124.55999755859375,120.69999694824219,121.37999725341797,7163810,46.64500045776367,46.959999084472656,45.46500015258789,46.77000045776367,7084427
2026-08-20 11:30:00-04:00,711.9149780273438,712.2000122070312,710.1337280273438,711.9299926757812,3886104,121.2300033569336,121.80000305175781,119.18000030517578,121.58499908447266,4086400,46.779998779296875,47.57500076293945,46.560001373291016,46.61000061035156,3953774
2026-08-20 12:30:00-04:00,710.7899780273438,713.0,710.7349853515625,711.8499755859375,2252213,120.80000305175781,121.93990325927734,120.3301010131836,121.18499755859375,1845766,46.939998626708984,47.11000061035156,46.4900016784668,46.790000915527344,2204035
2026-08-20 13:30:00-04:00,709.219970703125,711.4868774414062,708.52001953125,710.7550048828125,3050688,120.0989990234375,121.46440124511719,119.41999816894531,120.79000091552734,2151966,47.20000076293945,47.474998474121094,46.66999816894531,46.939998626708984,2515664
2026-08-20 14:30:00-04:00,710.9299926757812,710.989990234375,708.719970703125,709.2000122070312,3143916,122.19999694824219,122.62999725341797,119.27999877929688,120.08999633789062,2759805,46.369998931884766,47.52000045776367,46.220001220703125,47.209999084472656,2667523
2026-08-20 15:30:00-04:00,710.9500122070312,711.6500244140625,710.4738159179688,710.9310302734375,4731848,122.19999694824219,122.29000091552734,121.41000366210938,122.197998046875,5856788,46.30500030517578,46.66999816894531,46.29999923706055,46.375,2494909
2026-08-21 09:30:00-04:00,710.5900268554688,715.3699951171875,709.2050170898438,715.22998046875,8218251,119.18499755859375,126.79000091552734,117.12000274658203,126.58999633789062,20110958,47.560001373291016,48.319000244140625,44.650001525878906,44.66999816894531,19608013
2026-08-21 10:30:00-04:00,712.739990234375,712.8499755859375,710.1635131835938,710.5999755859375,3947507,119.06659698486328,120.11000061035156,116.70999908447266,119.17500305175781,7177697,47.59000015258789,48.45989990234375,47.18009948730469,47.555999755859375,5701999
2026-08-21 11:30:00-04:00,713.77001953125,715.673828125,712.6799926757812,712.780029296875,5833125,118.98999786376953,120.91000366210938,118.18000030517578,119.05999755859375,5154619,47.599998474121094,47.90999984741211,46.869998931884766,47.560001373291016,4020229
2026-08-21 12:30:00-04:00,713.4149780273438,714.1099853515625,712.969970703125,713.7794799804688,2864954,118.72000122070312,119.29989624023438,117.93000030517578,118.94499969482422,2064032,47.69499969482422,48.0099983215332,47.4900016784668,47.625,1633731
2026-08-21 13:30:00-04:00,712.655029296875,713.7750244140625,712.655029296875,713.4249877929688,2292490,120.1449966430664,120.95390319824219,118.69999694824219,118.7699966430664,2542460,47.16899871826172,47.709999084472656,46.86000061035156,47.685001373291016,2536639
2026-08-21 14:30:00-04:00,713.4199829101562,713.8900146484375,712.4299926757812,712.655029296875,3363952,120.95500183105469,121.12999725341797,119.73380279541016,120.11000061035156,3159352,46.880001068115234,47.32500076293945,46.79999923706055,47.17900085449219,2122869
2026-08-21 15:30:00-04:00,713.4099731445312,714.3099975585938,712.9099731445312,713.4099731445312,3665308,120.59010314941406,121.30999755859375,119.72000122070312,120.94999694824219,5848019,47.02000045776367,47.34000015258789,46.7400016784668,46.88999938964844,2485960
2026-08-24 09:30:00-04:00,704.22998046875,709.7899780273438,702.7000122070312,709.625,8839791,106.94999694824219,115.05000305175781,106.0,115.0,27823737,52.369998931884766,52.810001373291016,49.130001068115234,49.13999938964844,24098198
2026-08-24 10:30:00-04:00,706.8300170898438,707.1900024414062,703.9500122070312,704.1599731445312,5169240,108.34500122070312,108.88999938964844,106.11000061035156,106.91999816894531,9232081,51.81999969482422,52.68000030517578,51.599998474121094,52.36000061035156,5328135
2026-08-24 11:30:00-04:00,708.8403930664062,709.3358764648438,706.510009765625,706.7999877929688,4142778,111.81999969482422,112.59880065917969,108.19999694824219,108.34010314941406,7694696,50.45000076293945,51.83000183105469,50.150001525878906,51.810001373291016,5545785
2026-08-24 12:30:00-04:00,707.2349853515625,709.0250244140625,707.0911865234375,708.8494873046875,3488163,110.2699966430664,112.0999984741211,110.13999938964844,111.82499694824219,3015337,51.060001373291016,51.110198974609375,50.36119842529297,50.45000076293945,3081950
2026-08-24 13:30:00-04:00,709.1599731445312,709.280029296875,706.739990234375,707.25,3465071,112.68499755859375,113.10990142822266,109.81999969482422,110.26000213623047,3043305,50.1150016784668,51.22999954223633,49.95000076293945,51.064998626708984,2288940
2026-08-24 14:30:00-04:00,707.7150268554688,709.530029296875,707.3300170898438,709.1699829101562,3333082,112.18000030517578,113.36000061035156,111.37999725341797,112.72000122070312,3534908,50.33000183105469,50.630001068115234,49.86000061035156,50.10499954223633,2080610
2026-08-24 15:30:00-04:00,706.239990234375,708.0499877929688,706.2100219726562,707.739990234375,6239938,111.19000244140625,112.8499984741211,109.75,112.18000030517578,10202182,50.720001220703125,51.290000915527344,50.09000015258789,50.334999084472656,2983742
2026-08-25 09:30:00-04:00,709.2999877929688,714.0399780273438,709.1400756835938,711.27001953125,7494218,114.69000244140625,119.87999725341797,113.45999908447266,117.37000274658203,21303976,49.04999923706055,49.630001068115234,46.65999984741211,47.814998626708984,17544698
2026-08-25 10:30:00-04:00,710.7899780273438,710.8599853515625,707.4500122070312,709.239990234375,3794864,116.37999725341797,116.5,113.13009643554688,114.71389770507812,5585895,48.249298095703125,49.83000183105469,48.209999084472656,49.06999969482422,4659377
2026-08-25 11:30:00-04:00,711.1599731445312,711.52001953125,709.469970703125,710.760009765625,2622799,116.5,117.0,115.05000305175781,116.41000366210938,2932672,48.220001220703125,48.869998931884766,47.939998626708984,48.2400016784668,3197167
2026-08-25 12:30:00-04:00,709.47998046875,711.2899780273438,709.27001953125,711.1795043945312,1873484,114.94999694824219,116.48999786376953,114.69000244140625,116.4800033569336,2063159,48.90999984741211,49.040000915527344,48.209999084472656,48.220001220703125,2399528
2026-08-25 13:30:00-04:00,709.3350219726562,709.7100219726562,706.3200073242188,709.5,1451155,115.0,115.4000015258789,114.44000244140625,114.9800033569336,1739703,48.88999938964844,49.14229965209961,48.720001220703125,48.90999984741211,1532189
2026-08-25 14:30:00-04:00,709.530029296875,710.6699829101562,709.2100219726562,709.3699951171875,2142736,115.31809997558594,116.54000091552734,114.62999725341797,115.0,3620677,48.76499938964844,49.06999969482422,48.209999084472656,48.875,2189638
2026-08-25 15:30:00-04:00,710.6400146484375,711.0800170898438,709.1799926757812,709.530029296875,2663502,115.83999633789062,116.03500366210938,114.41999816894531,115.30999755859375,7407348,48.45000076293945,49.150001525878906,48.369998931884766,48.77000045776367,1869428
2026-08-26 09:30:00-04:00,708.5250244140625,712.2000122070312,707.969970703125,708.5,4994389,113.0199966430664,117.19000244140625,112.52999877929688,114.69999694824219,12804385,49.69900131225586,49.88999938964844,47.92499923706055,49.0099983215332,12907292
2026-08-26 10:30:00-04:00,710.4000244140625,711.0399780273438,708.469970703125,708.489990234375,2173287,115.5999984741211,115.76000213623047,113.0,113.0385971069336,3954596,48.577301025390625,49.709999084472656,48.529998779296875,49.689998626708984,4255960
2026-08-26 11:30:00-04:00,709.2000122070312,711.2196044921875,708.7766723632812,710.3800048828125,1831761,114.94989776611328,116.3499984741211,114.30390167236328,115.56999969482422,2546654,48.86909866333008,49.140098571777344,48.279998779296875,48.59560012817383,3087838
2026-08-26 12:30:00-04:00,710.6099853515625,710.6799926757812,708.2899780273438,709.2050170898438,1622970,115.86840057373047,116.05000305175781,114.28500366210938,114.93009948730469,1816799,48.49879837036133,49.154998779296875,48.41999816894531,48.875,2285244
2026-08-26 13:30:00-04:00,710.9000244140625,711.2926025390625,710.5100708007812,710.5999755859375,1765666,116.125,116.53990173339844,115.70379638671875,115.84500122070312,1459670,48.38990020751953,48.55870056152344,48.20000076293945,48.5,2128990
2026-08-26 14:30:00-04:00,712.3099975585938,713.02001953125,710.8099975585938,710.9000244140625,2345381,116.76000213623047,117.38619995117188,116.09500122070312,116.09500122070312,2445531,48.1150016784668,48.39500045776367,47.869998931884766,48.3849983215332,2916643
2026-08-26 15:30:00-04:00,711.2999877929688,712.4500122070312,710.885009765625,712.3099975585938,2174429,116.66500091552734,116.76499938964844,115.37000274658203,116.76499938964844,4487977,48.119998931884766,48.689998626708984,48.11000061035156,48.1150016784668,2273018
2026-08-27 09:30:00-04:00,718.9349975585938,719.2692260742188,714.5250244140625,716.97998046875,7917150,122.69000244140625,124.87999725341797,117.69010162353516,123.4000015258789,25062151,45.60499954223633,47.709999084472656,44.709999084472656,45.41999816894531,19465163
2026-08-27 10:30:00-04:00,718.219970703125,719.5800170898438,717.1400146484375,718.9299926757812,3015511,120.89869689941406,122.83989715576172,120.22100067138672,122.7699966430664,5263217,46.36000061035156,46.619998931884766,45.58000183105469,45.599998474121094,5729931
2026-08-27 11:30:00-04:00,718.8499755859375,719.3200073242188,716.6699829101562,718.25,2789151,121.26750183105469,122.3499984741211,119.58000183105469,120.91999816894531,3932205,46.19499969482422,46.90650177001953,45.760101318359375,46.36000061035156,4704893
2026-08-27 12:30:00-04:00,719.7650146484375,720.6199951171875,718.7899780273438,718.8862915039062,2504199,121.38999938964844,122.44000244140625,121.1500015258789,121.2699966430664,2882696,46.150001525878906,46.25,45.720001220703125,46.20000076293945,3222607
2026-08-27 13:30:00-04:00,717.3300170898438,720.1599731445312,717.0399780273438,719.7568969726562,3386290,119.24639892578125,121.66999816894531,118.94999694824219,121.41999816894531,2831441,47.01499938964844,47.14500045776367,46.025001525878906,46.13999938964844,3095077
2026-08-27 14:30:00-04:00,718.864990234375,719.1199951171875,717.2999877929688,717.3099975585938,2589654,120.24430084228516,120.77989959716797,119.19999694824219,119.27999877929688,3221077,46.619998931884766,47.060001373291016,46.410099029541016,47.029998779296875,2205862
2026-08-27 15:30:00-04:00,721.0599975585938,721.3499755859375,718.7100219726562,718.8800048828125,4182410,123.16999816894531,123.58999633789062,120.01499938964844,120.22000122070312,8960013,45.349998474121094,46.720001220703125,45.209999084472656,46.625,2913486
2026-08-28 09:30:00-04:00,720.2999877929688,721.6300048828125,716.7899780273438,719.75,8127692,119.4800033569336,121.19989776611328,116.5199966430664,119.91999816894531,15136994,46.76499938964844,47.86000061035156,46.150001525878906,46.60499954223633,15788638
2026-08-28 10:30:00-04:00,723.4099731445312,724.125,719.8300170898438,720.3499755859375,4792205,117.9000015258789,120.44999694824219,117.30999755859375,119.48999786376953,5455649,47.349998474121094,47.56999969482422,46.410499572753906,46.77000045776367,5431285
2026-08-28 11:30:00-04:00,716.3099975585938,723.489990234375,715.6900024414062,723.4550170898438,5326508,111.54000091552734,117.91999816894531,110.63999938964844,117.91999816894531,12556190,49.75,50.04999923706055,47.349998474121094,47.349998474121094,12859325
2026-08-28 12:30:00-04:00,715.8900146484375,717.7899780273438,715.0850219726562,716.2899780273438,2768399,111.55000305175781,113.1771011352539,110.20999908447266,111.50499725341797,6316442,49.72010040283203,50.22999954223633,49.13999938964844,49.7599983215332,5201974
2026-08-28 13:30:00-04:00,716.2050170898438,717.2899780273438,715.6699829101562,715.8400268554688,1808937,112.01000213623047,113.05000305175781,111.41999816894531,111.53990173339844,3161844,49.540000915527344,49.769901275634766,49.150001525878906,49.72990036010742,2808211
2026-08-28 14:30:00-04:00,716.530029296875,716.739990234375,715.1500244140625,716.2050170898438,3311536,112.48999786376953,112.6500015258789,110.83000183105469,111.9801025390625,5508099,49.369998931884766,49.97999954223633,49.30500030517578,49.54999923706055,2869068
2026-08-28 15:30:00-04:00,716.4500122070312,717.0800170898438,715.9349975585938,716.5349731445312,4485713,111.37000274658203,112.87999725341797,111.25,112.5,9877231,49.775001525878906,49.869998931884766,49.209999084472656,49.36000061035156,3425444
2026-08-31 09:30:00-04:00,713.6199951171875,717.0009765625,713.1599731445312,715.1199951171875,5825284,112.19999694824219,115.05000305175781,111.29000091552734,112.41000366210938,13550595,49.38999938964844,49.779998779296875,48.09000015258789,49.27000045776367,17955906
2026-08-31 10:30:00-04:00,714.7174072265625,715.3099975585938,713.3699951171875,713.5501098632812,1950187,111.68000030517578,113.17289733886719,110.86000061035156,112.12999725341797,4272960,49.604000091552734,49.98500061035156,48.932498931884766,49.400001525878906,4447974
2026-08-31 11:30:00-04:00,714.8400268554688,715.0,713.3599853515625,714.77001953125,7846468,111.73999786376953,111.80000305175781,110.33000183105469,111.6500015258789,3068623,49.59000015258789,50.2400016784668,49.54999923706055,49.619998931884766,2717210
2026-08-31 12:30:00-04:00,714.2100219726562,715.280029296875,714.1199951171875,714.8499755859375,2203579,111.36000061035156,112.26000213623047,111.30999755859375,111.75,2009578,49.75,49.779998779296875,49.35100173950195,49.58000183105469,1825911
2026-08-31 13:30:00-04:00,715.1749877929688,715.739990234375,713.989990234375,714.2000122070312,2427053,112.43250274658203,112.83989715576172,111.30500030517578,111.36499786376953,1645654,49.275001525878906,49.779998779296875,49.090999603271484,49.755001068115234,1782505
2026-08-31 14:30:00-04:00,715.3800048828125,715.52001953125,713.8491821289062,715.1699829101562,2438068,111.95999908447266,112.52629852294922,111.30000305175781,112.41500091552734,2430601,49.470001220703125,49.79999923706055,49.244998931884766,49.279998779296875,1899360
2026-08-31 15:30:00-04:00,716.8599853515625,717.5750122070312,714.9600219726562,715.3900146484375,5678055,112.84500122070312,113.11000061035156,111.83000183105469,111.94499969482422,5619204,49.0099983215332,49.529998779296875,48.91999816894531,49.47999954223633,1749806
2026-09-01 09:30:00-04:00,708.6099853515625,708.969970703125,705.6199951171875,707.4299926757812,8697065,102.62000274658203,106.56999969482422,102.30999755859375,106.3550033569336,23506644,53.558998107910156,53.689998626708984,51.779998779296875,51.880001068115234,20080061
2026-09-01 10:30:00-04:00,710.239990234375,711.0900268554688,708.5700073242188,708.594970703125,4005060,106.62000274658203,106.69999694824219,102.58999633789062,102.61000061035156,8710496,51.779998779296875,53.54999923706055,51.720001220703125,53.54999923706055,6387275
2026-09-01 11:30:00-04:00,708.989990234375,712.2999877929688,708.6099853515625,710.239990234375,3836190,105.5250015258789,108.63999938964844,105.25,106.61000061035156,6228704,52.26499938964844,52.38999938964844,50.900001525878906,51.779998779296875,5960672
2026-09-01 12:30:00-04:00,708.0650024414062,709.4400024414062,707.0,708.969970703125,3171869,105.20500183105469,106.61750030517578,104.32630157470703,105.5,4142695,52.38999938964844,52.77000045776367,51.779998779296875,52.27000045776367,3953128
2026-09-01 13:30:00-04:00,706.8800048828125,708.52001953125,706.6900024414062,708.0800170898438,2068254,104.01000213623047,105.48999786376953,103.5999984741211,105.19000244140625,2965966,52.94990158081055,53.099998474121094,52.279998779296875,52.400001525878906,2431120
2026-09-01 14:30:00-04:00,707.6500244140625,707.72998046875,704.6599731445312,706.8800048828125,4406630,106.0999984741211,106.13999938964844,102.69999694824219,104.0,6789861,52.0099983215332,53.52000045776367,52.0,52.939998626708984,3899082
2026-09-01 15:30:00-04:00,707.655029296875,708.5499877929688,706.6699829101562,707.6599731445312,4547030,105.77999877929688,106.23999786376953,104.7300033569336,106.1176986694336,8609804,52.170101165771484,52.63999938964844,51.97999954223633,52.02000045776367,2763271
2026-09-02 09:30:00-04:00,709.2000122070312,709.3359985351562,705.1099853515625,707.1099853515625,7205168,106.68000030517578,106.75,101.33999633789062,104.5,20528245,51.73870086669922,54.38999938964844,51.689998626708984,52.79999923706055,19869206
2026-09-02 10:30:00-04:00,709.64501953125,709.798828125,707.2974853515625,709.1599731445312,3296211,106.86000061035156,108.06999969482422,104.64398956298828,106.66000366210938,7181432,51.650901794433594,52.7400016784668,51.047298431396484,51.7400016784668,8017097
2026-09-02 11:30:00-04:00,708.385009765625,709.7399291992188,708.0,709.6699829101562,1726428,106.51000213623047,107.9000015258789,106.3550033569336,106.8499984741211,3726116,51.79999923706055,51.8849983215332,51.119998931884766,51.63999938964844,4367184
2026-09-02 12:30:00-04:00,708.3200073242188,709.0800170898438,707.719970703125,708.3895263671875,1743864,106.19999694824219,106.98989868164062,105.63999938964844,106.5625991821289,2393729,51.97999954223633,52.23899841308594,51.58000183105469,51.810001373291016,3068306
2026-09-02 13:30:00-04:00,708.530029296875,709.489990234375,707.760009765625,708.3350219726562,2597488,105.84391021728516,106.55999755859375,105.45010375976562,106.19960021972656,1913360,52.154998779296875,52.31999969482422,51.790000915527344,51.96500015258789,2580007
2026-09-02 14:30:00-04:00,708.75,708.8900146484375,707.8499755859375,708.530029296875,2658546,106.2699966430664,106.5999984741211,105.7699966430664,105.86499786376953,2255446,51.93899917602539,52.18000030517578,51.750301361083984,52.14500045776367,1643555
2026-09-02 15:30:00-04:00,709.25,709.4249877929688,708.4329223632812,708.72998046875,2558703,106.36000061035156,106.43000030517578,105.9000015258789,106.26499938964844,4810259,51.810001373291016,52.09000015258789,51.79999923706055,51.93000030517578,1752154
2026-09-03 09:30:00-04:00,713.0750122070312,713.8496704101562,709.6937866210938,710.8499755859375,8293275,101.54000091552734,103.37999725341797,98.62039947509766,103.0,26329492,54.22999954223633,55.689998626708984,53.279998779296875,53.494998931884766,18731325
2026-09-03 10:30:00-04:00,717.72998046875,717.8200073242188,710.8099975585938,713.0599975585938,5142101,106.01599884033203,106.13500213623047,100.29010009765625,101.52999877929688,9849288,52.040000915527344,54.849998474121094,51.97119903564453,54.22999954223633,6923114
2026-09-03 11:30:00-04:00,716.780029296875,717.864990234375,716.5999755859375,717.760009765625,3356490,105.58000183105469,106.05000305175781,104.69000244140625,106.02999877929688,4060522,52.23500061035156,52.65999984741211,52.029998779296875,52.03499984741211,4908522
2026-09-03 12:30:00-04:00,716.969970703125,717.9299926757812,716.3400268554688,716.7940063476562,1547064,106.0,106.69000244140625,105.12000274658203,105.58000183105469,3061182,52.01499938964844,52.45869827270508,51.689998626708984,52.2400016784668,3344026
2026-09-03 13:30:00-04:00,718.5850219726562,718.9099731445312,716.9580078125,716.9580078125,2869446,106.69999694824219,106.94999694824219,105.79010009765625,105.99500274658203,2448904,51.68000030517578,52.130001068115234,51.560001373291016,52.0099983215332,2291571
2026-09-03 14:30:00-04:00,717.72998046875,718.8400268554688,717.543701171875,718.5999755859375,2511584,106.55999755859375,107.48999786376953,106.13999938964844,106.68499755859375,3302084,51.77000045776367,51.959999084472656,51.279998779296875,51.68000030517578,2845499
2026-09-03 15:30:00-04:00,717.6099853515625,717.8800048828125,717.1400146484375,717.7150268554688,3631193,106.77999877929688,106.87999725341797,106.23999786376953,106.54000091552734,4239132,51.59000015258789,51.900001525878906,51.55500030517578,51.77000045776367,2627261
2026-09-04 09:30:00-04:00,719.5900268554688,721.8599853515625,718.5250244140625,719.3599853515625,8176048,116.95999908447266,117.86000061035156,109.7300033569336,111.22000122070312,28455915,46.70100021362305,50.209999084472656,46.2599983215332,49.560001373291016,28945878
2026-09-04 10:30:00-04:00,717.4400024414062,719.6400146484375,716.9299926757812,719.5999755859375,5623135,116.06099700927734,117.55999755859375,114.86000061035156,116.94999694824219,7438763,47.1349983215332,47.70000076293945,46.40999984741211,46.701698303222656,7879446
2026-09-04 11:30:00-04:00,718.6099853515625,718.85498046875,716.7899780273438,717.4299926757812,2795164,116.9000015258789,117.19989776611328,115.41999816894531,116.04000091552734,3774475,46.720001220703125,47.439998626708984,46.56999969482422,47.130001068115234,4015534
2026-09-04 12:30:00-04:00,717.5050048828125,719.60498046875,717.4199829101562,718.6094970703125,3963491,115.76000213623047,117.67990112304688,115.66000366210938,116.9000015258789,3292312,47.26499938964844,47.310001373291016,46.345001220703125,46.724998474121094,3450258
2026-09-04 13:30:00-04:00,717.5629272460938,717.6699829101562,716.5599975585938,717.5,3861184,116.4800033569336,116.5,115.18000030517578,115.73999786376953,2629014,46.935001373291016,47.53499984741211,46.91999816894531,47.26100158691406,2864431
2026-09-04 14:30:00-04:00,717.9500122070312,718.3599853515625,717.4299926757812,717.5999755859375,2130410,115.37999725341797,116.62000274658203,114.97000122070312,116.48999786376953,3781741,47.439998626708984,47.630001068115234,46.869998931884766,46.93000030517578,2454961
2026-09-04 15:30:00-04:00,719.0599975585938,719.4400024414062,717.7899780273438,717.9500122070312,4428347,117.54000091552734,118.18000030517578,115.11000061035156,115.37999725341797,9394009,46.34000015258789,47.560001373291016,46.099998474121094,47.45500183105469,4182469
2026-09-08 09:30:00-04:00,717.760009765625,721.885986328125,715.5700073242188,720.969970703125,6746633,125.089599609375,126.69999694824219,121.5999984741211,125.12000274658203,24706272,43.494998931884766,44.83000183105469,42.83000183105469,43.54999923706055,26411734
2026-09-08 10:30:00-04:00,720.0850219726562,720.719970703125,717.1500244140625,717.8161010742188,3801844,126.83499908447266,127.33000183105469,123.75,125.04000091552734,7565496,42.78499984741211,43.97999954223633,42.56999969482422,43.4900016784668,8595192
2026-09-08 11:30:00-04:00,719.0750122070312,720.9299926757812,718.97998046875,720.1248779296875,3340591,124.96710205078125,127.54000091552734,124.93000030517578,126.85549926757812,4484350,43.5,43.5,42.5099983215332,42.7599983215332,5380855
2026-09-08 12:30:00-04:00,720.260009765625,720.8499755859375,718.6699829101562,719.0999755859375,2947950,125.66500091552734,126.2699966430664,124.06999969482422,124.99500274658203,3661286,43.22999954223633,43.85499954223633,43.0,43.4900016784668,4442797
2026-09-08 13:30:00-04:00,719.8099975585938,720.6699829101562,719.5700073242188,720.280029296875,1802159,125.30000305175781,125.87000274658203,124.7300033569336,125.69000244140625,1978421,43.36000061035156,43.58380126953125,43.13999938964844,43.220001220703125,2153315
2026-09-08 14:30:00-04:00,718.9650268554688,720.1199951171875,717.9099731445312,719.8300170898438,2821643,123.86000061035156,125.68000030517578,123.58000183105469,125.30000305175781,3148527,43.90010070800781,44.02000045776367,43.20000076293945,43.36899948120117,3744359
2026-09-08 15:30:00-04:00,718.380615234375,719.010009765625,717.25,718.9650268554688,3661646,123.3499984741211,123.98999786376953,122.25,123.8499984741211,5068997,44.06999969482422,44.53499984741211,43.85499954223633,43.91999816894531,4971114
2026-09-09 09:30:00-04:00,718.2899780273438,719.7000122070312,715.489990234375,716.2899780273438,7537096,127.15499877929688,128.47999572753906,121.23999786376953,121.23999786376953,19020541,42.775001525878906,44.81999969482422,42.314998626708984,44.79999923706055,27584938
2026-09-09 10:30:00-04:00,714.7999877929688,718.9299926757812,714.02001953125,718.280029296875,4158325,123.8499984741211,127.44000244140625,122.95999908447266,127.1500015258789,6351286,43.95000076293945,44.25899887084961,42.660701751708984,42.775001525878906,9052324
2026-09-09 11:30:00-04:00,714.9600219726562,716.97998046875,714.7100219726562,714.8200073242188,3156048,124.52999877929688,126.30989837646484,123.7947006225586,123.87000274658203,3491911,43.69990158081055,43.959999084472656,43.06010055541992,43.939998626708984,4873011
2026-09-09 12:30:00-04:00,716.239990234375,717.0499877929688,714.97998046875,715.010009765625,2069868,125.56999969482422,126.5696029663086,124.48999786376953,124.5,2484467,43.3291015625,43.709999084472656,42.959999084472656,43.68000030517578,3502196
2026-09-09 13:30:00-04:00,716.2999877929688,717.0399780273438,715.7274780273438,716.260009765625,1660548,125.5510025024414,126.19999694824219,125.04000091552734,125.58000183105469,1723403,43.31999969482422,43.52000045776367,43.09000015258789,43.31999969482422,2257126
2026-09-09 14:30:00-04:00,716.276123046875,716.7999877929688,715.760009765625,716.3121948242188,2619229,125.17500305175781,126.06500244140625,124.7699966430664,125.5999984741211,2419377,43.46500015258789,43.60499954223633,43.13199996948242,43.314998626708984,2645943
2026-09-09 15:30:00-04:00,716.280029296875,716.3900146484375,715.530029296875,716.280029296875,3086586,125.90499877929688,125.9800033569336,125.0,125.18000030517578,3160613,43.185001373291016,43.529998779296875,43.15999984741211,43.459999084472656,2368183
2026-09-10 09:30:00-04:00,710.4099731445312,711.780029296875,706.85498046875,707.5650024414062,10048438,117.08999633789062,118.13999938964844,113.55480194091797,116.3499984741211,23487002,46.249900817871094,47.4900016784668,45.869998931884766,46.52000045776367,30318570
2026-09-10 10:30:00-04:00,711.1300048828125,712.0599975585938,710.2100219726562,710.4099731445312,4000647,118.55000305175781,119.31999969482422,116.84010314941406,117.08999633789062,6136200,45.7400016784668,46.33000183105469,45.494998931884766,46.25,7265605
2026-09-10 11:30:00-04:00,709.6400146484375,711.97998046875,709.33251953125,711.1300048828125,3293519,116.77999877929688,119.01499938964844,116.45010375976562,118.55480194091797,3577267,46.3650016784668,46.470001220703125,45.59000015258789,45.720001220703125,4555886
2026-09-10 12:30:00-04:00,710.489990234375,711.8099975585938,708.6300048828125,709.635009765625,2415445,117.62999725341797,118.80000305175781,115.75,116.76000213623047,3672172,46.040000915527344,46.720001220703125,45.63999938964844,46.3650016784668,4021422
2026-09-10 13:30:00-04:00,709.2098999023438,710.5899047851562,708.969970703125,710.468017578125,2563358,117.01000213623047,117.86000061035156,116.7300033569336,117.5999984741211,1841732,46.2599983215332,46.36000061035156,45.959999084472656,46.04499816894531,2373403
2026-09-10 14:30:00-04:00,709.1799926757812,710.1799926757812,708.6699829101562,709.1699829101562,2828993,117.23999786376953,117.66999816894531,116.08000183105469,116.96009826660156,4372102,46.19499969482422,46.61000061035156,46.04999923706055,46.2599983215332,2946942
2026-09-10 15:30:00-04:00,708.6599731445312,709.4299926757812,708.280029296875,709.1599731445312,3293480,115.67500305175781,117.61000061035156,115.44999694824219,117.2300033569336,7823422,46.779998779296875,46.81999969482422,46.09130096435547,46.209999084472656,3542940
2026-09-11 09:30:00-04:00,716.4600219726562,717.0399780273438,713.9299926757812,715.4400024414062,8585904,122.41999816894531,123.19999694824219,117.8656005859375,120.70999908447266,25551735,43.974998474121094,45.81999969482422,43.6349983215332,44.689998626708984,30676438
2026-09-11 10:30:00-04:00,717.2750244140625,717.4500122070312,713.6500244140625,716.5,4294650,123.86000061035156,124.02179718017578,120.11710357666016,122.41000366210938,6116336,43.38840103149414,44.899898529052734,43.33000183105469,43.97999954223633,9902557
2026-09-11 11:30:00-04:00,715.25,717.6199951171875,715.1799926757812,717.27001953125,1995286,122.22000122070312,124.45999908447266,122.11599731445312,123.87999725341797,3569109,44.07500076293945,44.09000015258789,43.154998779296875,43.38990020751953,6165357
2026-09-11 12:30:00-04:00,716.7650146484375,717.1300048828125,715.0499877929688,715.2763061523438,1749186,123.86000061035156,123.95999908447266,121.65010070800781,122.2300033569336,2594682,43.38999938964844,44.209999084472656,43.3406982421875,44.059600830078125,4117813
2026-09-11 13:30:00-04:00,716.2849731445312,717.0900268554688,715.719970703125,716.719970703125,2300658,123.4800033569336,124.5,123.19000244140625,123.875,2469736,43.529701232910156,43.65999984741211,43.12049865722656,43.3849983215332,3886042
2026-09-11 14:30:00-04:00,715.60498046875,716.6699829101562,715.3922729492188,716.280029296875,1533335,121.76000213623047,123.9000015258789,121.5999984741211,123.50990295410156,3768230,44.22999954223633,44.27159881591797,43.369998931884766,43.529998779296875,4112971
2026-09-11 15:30:00-04:00,714.8499755859375,715.905029296875,714.739990234375,715.5900268554688,4002035,121.83999633789062,122.08999633789062,121.30039978027344,121.74500274658203,7477198,44.165000915527344,44.380001068115234,44.06999969482422,44.220001220703125,3726157
2026-09-14 09:30:00-04:00,705.780029296875,707.7698974609375,702.75,703.2899780273438,11244478,103.0999984741211,105.33989715576172,99.87000274658203,101.52999877929688,47268819,51.02000045776367,52.220001220703125,50.209999084472656,51.61000061035156,34097949
2026-09-14 10:30:00-04:00,707.5499877929688,707.760009765625,704.590087890625,705.7924194335938,3520386,102.07499694824219,103.55999755859375,100.37999725341797,103.07009887695312,12251560,51.40999984741211,52.029998779296875,50.86000061035156,51.03229904174805,6590913
2026-09-14 11:30:00-04:00,710.2999877929688,711.1199951171875,707.3800048828125,707.530029296875,4384215,103.23999786376953,104.45999908447266,101.77999877929688,102.05000305175781,8005745,50.9900016784668,51.5099983215332,50.53499984741211,51.400001525878906,5447279
2026-09-14 12:30:00-04:00,712.3480224609375,712.3499755859375,710.0499877929688,710.1900024414062,2634102,103.87999725341797,104.69999694824219,102.70760345458984,103.20999908447266,4645463,50.7599983215332,51.189998626708984,50.45009994506836,51.02000045776367,3028937
2026-09-14 13:30:00-04:00,711.9099731445312,712.9500122070312,711.81201171875,712.3499755859375,1966683,104.08899688720703,104.7300033569336,103.41999816894531,103.88500213623047,3477364,50.68000030517578,50.91999816894531,50.43000030517578,50.75,2037379
2026-09-14 14:30:00-04:00,711.0349731445312,712.4199829101562,710.85498046875,711.9500122070312,2278795,103.56999969482422,105.38999938964844,103.54000091552734,104.08999633789062,6779939,50.875,50.899898529052734,50.20500183105469,50.68000030517578,3269640
2026-09-14 15:30:00-04:00,709.1599731445312,711.1799926757812,709.0900268554688,711.030029296875,6587613,101.13500213623047,103.83989715576172,101.0999984741211,103.58499908447266,14334770,51.75,51.77989959716797,50.79059982299805,50.880001068115234,6720410
2026-09-15 09:30:00-04:00,706.5549926757812,709.5299072265625,705.9500122070312,708.760009765625,6128108,104.25,105.94000244140625,103.11000061035156,104.55000305175781,23622118,50.150001525878906,50.709999084472656,49.2599983215332,49.869998931884766,21742039
2026-09-15 10:30:00-04:00,705.6594848632812,706.72998046875,703.906005859375,706.5499877929688,3894179,103.24349975585938,104.69000244140625,101.76000213623047,104.22000122070312,10509909,50.630001068115234,51.40999984741211,49.88999938964844,50.150001525878906,7824447
2026-09-15 11:30:00-04:00,705.510009765625,706.02001953125,704.4600219726562,705.6599731445312,2327220,101.8499984741211,103.26000213623047,101.10009765625,103.2300033569336,6058893,51.345001220703125,51.720001220703125,50.630001068115234,50.630001068115234,3007957
2026-09-15 12:30:00-04:00,704.7999877929688,706.0,704.5499877929688,705.5050048828125,1710117,101.67320251464844,102.05000305175781,100.95999908447266,101.84339904785156,3502469,51.43000030517578,51.79999923706055,51.2400016784668,51.359901428222656,2139601
2026-09-15 13:30:00-04:00,705.39501953125,705.5700073242188,704.530029296875,704.8099975585938,2716747,102.17500305175781,102.34210205078125,101.08000183105469,101.66999816894531,2962601,51.16999816894531,51.7599983215332,51.092899322509766,51.439998626708984,1781297
2026-09-15 14:30:00-04:00,704.3599853515625,705.398681640625,704.1906127929688,705.398681640625,2897204,102.06999969482422,102.31999969482422,101.23999786376953,102.15499877929688,2961599,51.22999954223633,51.66999816894531,51.119998931884766,51.16999816894531,1675017
2026-09-15 15:30:00-04:00,704.5900268554688,704.64501953125,703.635009765625,704.3599853515625,4183131,102.33499908447266,102.54000091552734,101.8499984741211,102.06999969482422,4915472,51.080101013183594,51.35499954223633,50.9900016784668,51.25,2144637
2026-09-16 09:30:00-04:00,709.580078125,710.27001953125,707.6500244140625,708.0599975585938,5707250,108.19000244140625,108.93000030517578,106.25,107.44000244140625,19965580,48.1599006652832,49.097999572753906,47.779998779296875,48.54999923706055,18980178
2026-09-16 10:30:00-04:00,710.8699951171875,711.5499877929688,708.9500122070312,709.5650024414062,2941654,108.44000244140625,108.9198989868164,107.30999755859375,108.22000122070312,4542989,48.019901275634766,48.59000015258789,47.779998779296875,48.15999984741211,6056553
2026-09-16 11:30:00-04:00,710.3499755859375,711.8499755859375,709.9299926757812,710.9000244140625,1796257,108.16999816894531,109.31999969482422,107.9000015258789,108.44000244140625,3128253,48.150001525878906,48.290000915527344,47.56999969482422,48.02000045776367,3740565
2026-09-16 12:30:00-04:00,709.6849975585938,710.52001953125,709.280029296875,710.3400268554688,1208854,107.16000366210938,108.2699966430664,107.0199966430664,108.17500305175781,2917652,48.63999938964844,48.71500015258789,48.11000061035156,48.130001068115234,2466573
2026-09-16 13:30:00-04:00,709.6651000976562,711.6500244140625,708.4500122070312,709.7000122070312,4321244,106.77629852294922,109.04000091552734,105.73999786376953,107.18000030517578,8633530,48.83000183105469,49.36000061035156,47.709999084472656,48.63999938964844,7537848
2026-09-16 14:30:00-04:00,701.8900146484375,710.6199951171875,700.0,709.5878295898438,10002375,102.38999938964844,107.12999725341797,101.05999755859375,106.7699966430664,17518361,51.05009841918945,51.7400016784668,48.68669891357422,48.849998474121094,13131454
2026-09-16 15:30:00-04:00,704.75,705.030029296875,701.655029296875,701.875,5955307,104.08000183105469,104.22000122070312,102.22000122070312,102.37999725341797,13460003,50.16999816894531,51.15999984741211,50.099998474121094,51.06999969482422,4523613
2026-09-17 09:30:00-04:00,715.9600219726562,716.6099853515625,713.3200073242188,716.0499877929688,8530926,113.8499984741211,115.4800033569336,112.01010131835938,113.33000183105469,26282348,45.439998626708984,46.34000015258789,44.66999816894531,45.71500015258789,26941516
2026-09-17 10:30:00-04:00,715.8599853515625,716.7999877929688,714.5800170898438,715.97998046875,4410247,114.11579895019531,114.55729675292969,113.27999877929688,113.87999725341797,7031216,45.33000183105469,45.720001220703125,45.119998931884766,45.43000030517578,5248102
2026-09-17 11:30:00-04:00,716.8150024414062,716.9385986328125,715.6900024414062,715.8599853515625,2290662,114.94499969482422,114.97000122070312,113.87999725341797,114.12000274658203,3463156,44.939998626708984,45.43000030517578,44.90999984741211,45.33000183105469,4248678
2026-09-17 12:30:00-04:00,716.3200073242188,717.1599731445312,715.7999877929688,716.8099975585938,2425621,115.1500015258789,115.45999908447266,114.47000122070312,114.94999694824219,3321908,44.829898834228516,45.14849853515625,44.68000030517578,44.93069839477539,4055001
2026-09-17 13:30:00-04:00,716.3300170898438,716.8250122070312,716.1119995117188,716.3400268554688,4152880,115.05000305175781,115.28500366210938,114.87010192871094,115.1500015258789,1885997,44.86009979248047,44.95000076293945,44.75979995727539,44.82500076293945,2356194
2026-09-17 14:30:00-04:00,716.530029296875,716.9500122070312,715.8599853515625,716.3599853515625,4705172,114.6500015258789,115.29000091552734,114.58000183105469,115.05000305175781,5062598,45.060001373291016,45.09000015258789,44.7599983215332,44.8650016784668,2897993
2026-09-17 15:30:00-04:00,716.8699951171875,718.0401000976562,716.5050048828125,716.5250244140625,6565502,114.69999694824219,115.33999633789062,114.5999984741211,114.66000366210938,6471343,44.980098724365234,45.06999969482422,44.72999954223633,45.060001373291016,3703399
2026-09-18 09:30:00-04:00,716.7000122070312,719.5399780273438,715.89501953125,718.8400268554688,9758801,118.5999984741211,119.70880126953125,116.88999938964844,117.02999877929688,19074323,43.51499938964844,44.189998626708984,43.099998474121094,44.11000061035156,25966921
2026-09-18 10:30:00-04:00,717.25,717.72998046875,716.1300048828125,716.7050170898438,7298857,118.64659881591797,118.93000030517578,117.75,118.6500015258789,4111616,43.494998931884766,43.845001220703125,43.380001068115234,43.500099182128906,4619564
2026-09-18 11:30:00-04:00,716.0650024414062,717.3800048828125,715.0800170898438,717.239990234375,4297427,117.1500015258789,118.77999877929688,116.68000030517578,118.62000274658203,3792382,44.06999969482422,44.2599983215332,43.44499969482422,43.5,4607180
2026-09-18 12:30:00-04:00,717.0700073242188,717.2899780273438,715.8699951171875,716.0700073242188,3133661,118.08999633789062,118.16000366210938,117.04000091552734,117.19000244140625,2627114,43.71500015258789,44.125,43.68000030517578,44.06999969482422,2886374
2026-09-18 13:30:00-04:00,717.9500122070312,718.1599731445312,716.8510131835938,717.0599975585938,2924433,117.98999786376953,118.44210052490234,117.7301025390625,118.08000183105469,1753638,43.744998931884766,43.849998474121094,43.56999969482422,43.720001220703125,2163641
2026-09-18 14:30:00-04:00,719.1199951171875,719.6400146484375,717.8049926757812,717.9799194335938,5926672,119.08999633789062,119.30000305175781,117.69000244140625,118.0,3103222,43.32500076293945,43.8568000793457,43.2400016784668,43.739898681640625,3356179
2026-09-18 15:30:00-04:00,721.3599853515625,721.7249755859375,718.9299926757812,719.1199951171875,7570771,123.7699966430664,123.9000015258789,118.6500015258789,119.08999633789062,7337344,41.48500061035156,43.470001220703125,41.46500015258789,43.32820129394531,8005515
